epoch,time,train/box_loss,train/pose_loss,train/kobj_loss,train/cls_loss,train/dfl_loss,metrics/precision(B),metrics/recall(B),metrics/mAP50(B),metrics/mAP50-95(B),metrics/precision(P),metrics/recall(P),metrics/mAP50(P),metrics/mAP50-95(P),val/box_loss,val/pose_loss,val/kobj_loss,val/cls_loss,val/dfl_loss,lr/pg0,lr/pg1,lr/pg2,lr/pg3,lr/pg4,lr/pg5,lr/pg6,lr/pg7
1,106.448,0.90923,0.61043,0.41369,0.96713,1.01682,0.97615,0.99821,0.99357,0.84294,0.97615,0.99821,0.99357,0.98514,0.63392,0.14038,0.07979,0.42922,0.87334,0.00996109,0.00332036,0.00996109,0.00332036,0.00996109,0.00332036,0.00996109,0.00332036
2,173.692,0.84309,0.19347,0.19481,0.61895,0.94393,0.96268,0.97561,0.98759,0.80559,0.97218,0.9878,0.98794,0.98426,0.69819,0.14907,0.04028,0.75669,0.90136,0.0199329,0.00664429,0.0199329,0.00664429,0.0199329,0.00664429,0.0199329,0.00664429
3,235.779,0.93597,0.18515,0.15778,0.69763,0.98322,0.89412,0.92684,0.94745,0.74106,0.89412,0.92684,0.94783,0.9398,0.8306,0.10306,0.02791,1.22104,0.95454,0.0298763,0.00995878,0.0298763,0.00995878,0.0298763,0.00995878,0.0298763,0.00995878
4,296.888,0.94882,0.18195,0.15135,0.7205,1.00181,0.97005,0.9878,0.99109,0.79181,0.97005,0.9878,0.99109,0.99109,0.77835,0.07291,0.02438,0.60172,0.94566,0.0298727,0.00995757,0.0298727,0.00995757,0.0298727,0.00995757,0.0298727,0.00995757
5,357.651,0.92056,0.16039,0.16205,0.64478,1.0081,0.952,0.96749,0.983,0.81165,0.952,0.96749,0.98565,0.97525,0.73443,0.12476,0.02726,0.51729,0.95122,0.0298303,0.00994343,0.0298303,0.00994343,0.0298303,0.00994343,0.0298303,0.00994343
6,418.681,0.8859,0.14543,0.14499,0.60333,0.9969,0.98755,0.96341,0.98418,0.83647,0.98755,0.96341,0.98489,0.97835,0.65961,0.08302,0.02501,0.49353,0.91275,0.0297879,0.00992929,0.0297879,0.00992929,0.0297879,0.00992929,0.0297879,0.00992929
7,479.856,0.87154,0.12852,0.13886,0.59011,0.98809,0.97323,0.97561,0.9873,0.81933,0.97323,0.97561,0.98962,0.98777,0.65984,0.06025,0.0188,0.47739,0.91219,0.0297454,0.00991514,0.0297454,0.00991514,0.0297454,0.00991514,0.0297454,0.00991514
8,540.682,0.83994,0.11592,0.13414,0.57088,0.97143,0.96625,0.9878,0.99296,0.83428,0.96625,0.9878,0.99296,0.985,0.6686,0.07366,0.01397,0.50818,0.88721,0.029703,0.009901,0.029703,0.009901,0.029703,0.009901,0.029703,0.009901
9,601.591,0.82008,0.11783,0.13429,0.55368,0.9721,0.98407,0.95122,0.98665,0.84371,0.98407,0.95122,0.98665,0.9834,0.64801,0.07171,0.01907,0.44821,0.88688,0.0296606,0.00988686,0.0296606,0.00988686,0.0296606,0.00988686,0.0296606,0.00988686
10,662.449,0.79317,0.10868,0.12696,0.53601,0.96346,0.98273,0.96341,0.99334,0.85256,0.95348,0.99988,0.99345,0.99139,0.59575,0.07028,0.02156,0.44103,0.89695,0.0296181,0.00987271,0.0296181,0.00987271,0.0296181,0.00987271,0.0296181,0.00987271
11,723.53,0.7738,0.11048,0.13035,0.51506,0.96078,0.99626,0.96341,0.99018,0.85101,0.99626,0.96341,0.99018,0.98386,0.60258,0.08699,0.02189,0.41017,0.89364,0.0295757,0.00985857,0.0295757,0.00985857,0.0295757,0.00985857,0.0295757,0.00985857
12,784.214,0.77365,0.10376,0.12234,0.50908,0.95891,0.98584,0.9878,0.98881,0.87377,0.98584,0.9878,0.99071,0.98558,0.5799,0.05598,0.03433,0.40805,0.88873,0.0295333,0.00984443,0.0295333,0.00984443,0.0295333,0.00984443,0.0295333,0.00984443
13,845.178,0.74818,0.09159,0.11372,0.49946,0.94751,0.95209,0.9694,0.98141,0.84862,0.95209,0.9694,0.98141,0.98015,0.62258,0.06963,0.01328,0.42676,0.89153,0.0294909,0.00983029,0.0294909,0.00983029,0.0294909,0.00983029,0.0294909,0.00983029
14,905.808,0.72451,0.08949,0.11357,0.47912,0.92851,0.98478,0.97561,0.99375,0.88431,0.98478,0.97561,0.99375,0.98972,0.58059,0.0535,0.01221,0.38416,0.87006,0.0294484,0.00981614,0.0294484,0.00981614,0.0294484,0.00981614,0.0294484,0.00981614
15,966.826,0.73198,0.08511,0.10935,0.47618,0.93937,0.99943,0.97561,0.99367,0.86792,0.99943,0.97561,0.99418,0.99292,0.53761,0.05816,0.01285,0.37271,0.86798,0.029406,0.009802,0.029406,0.009802,0.029406,0.009802,0.029406,0.009802
16,1027.76,0.72424,0.08684,0.1051,0.47274,0.93136,1,0.98632,0.99443,0.88854,1,0.98632,0.99443,0.99048,0.54864,0.05657,0.01875,0.37128,0.86371,0.0293636,0.00978786,0.0293636,0.00978786,0.0293636,0.00978786,0.0293636,0.00978786
17,1088.6,0.7132,0.08252,0.10547,0.46505,0.92617,0.98752,0.96487,0.99373,0.88879,0.98752,0.96487,0.99373,0.98788,0.53172,0.08575,0.02516,0.35997,0.85781,0.0293211,0.00977371,0.0293211,0.00977371,0.0293211,0.00977371,0.0293211,0.00977371
18,1149.63,0.69397,0.07443,0.11337,0.4541,0.93059,0.99704,0.9878,0.99465,0.8866,0.99704,0.9878,0.99465,0.99076,0.54216,0.05159,0.01764,0.3475,0.8621,0.0292787,0.00975957,0.0292787,0.00975957,0.0292787,0.00975957,0.0292787,0.00975957
19,1210.53,0.69346,0.08112,0.09793,0.45443,0.9243,0.99713,0.9878,0.99372,0.88371,0.99713,0.9878,0.99421,0.98817,0.5333,0.07345,0.03869,0.35056,0.86657,0.0292363,0.00974543,0.0292363,0.00974543,0.0292363,0.00974543,0.0292363,0.00974543
20,1271.55,0.67731,0.07241,0.09173,0.43897,0.9181,0.99875,0.9878,0.99476,0.88277,0.99875,0.9878,0.99476,0.99454,0.52801,0.0444,0.0227,0.32864,0.85343,0.0291939,0.00973129,0.0291939,0.00973129,0.0291939,0.00973129,0.0291939,0.00973129
21,1332.38,0.66522,0.07463,0.08474,0.43922,0.91665,0.98186,0.9878,0.99249,0.87803,0.98186,0.9878,0.99249,0.99166,0.52821,0.04245,0.06645,0.35889,0.85438,0.0291514,0.00971714,0.0291514,0.00971714,0.0291514,0.00971714,0.0291514,0.00971714
22,1393.41,0.66271,0.07648,0.08803,0.42786,0.91073,0.99786,0.97561,0.99375,0.90382,0.99933,0.9878,0.99476,0.98938,0.53375,0.07721,0.04799,0.34851,0.86215,0.029109,0.009703,0.029109,0.009703,0.029109,0.009703,0.029109,0.009703
23,1454.1,0.6585,0.06466,0.08992,0.43054,0.90791,0.99502,0.9878,0.99453,0.89288,0.99502,0.9878,0.99453,0.9897,0.52931,0.04298,0.02005,0.3379,0.86248,0.0290666,0.00968886,0.0290666,0.00968886,0.0290666,0.00968886,0.0290666,0.00968886
24,1514.96,0.65924,0.06696,0.09104,0.42788,0.91203,0.98775,0.98354,0.99389,0.88358,0.98775,0.98354,0.99389,0.98931,0.53458,0.06547,0.04129,0.33739,0.8558,0.0290241,0.00967471,0.0290241,0.00967471,0.0290241,0.00967471,0.0290241,0.00967471
25,1575.96,0.64469,0.06657,0.08748,0.41996,0.90301,1,0.97553,0.9942,0.89033,1,0.97553,0.9942,0.99344,0.51457,0.03441,0.01451,0.31787,0.85208,0.0289817,0.00966057,0.0289817,0.00966057,0.0289817,0.00966057,0.0289817,0.00966057
26,1636.68,0.64243,0.06473,0.09304,0.41526,0.90911,0.99538,1,0.995,0.90732,0.99538,1,0.995,0.9913,0.50782,0.04736,0.03406,0.31694,0.8539,0.0289393,0.00964643,0.0289393,0.00964643,0.0289393,0.00964643,0.0289393,0.00964643
27,1697.87,0.64234,0.06248,0.08486,0.41499,0.89898,0.99755,0.9878,0.99476,0.89463,0.99755,0.9878,0.99476,0.99351,0.51935,0.03337,0.04558,0.31961,0.85875,0.0288969,0.00963229,0.0288969,0.00963229,0.0288969,0.00963229,0.0288969,0.00963229
28,1758.5,0.629,0.06621,0.08369,0.41082,0.89779,0.9759,0.98766,0.99131,0.88053,0.9759,0.98766,0.99131,0.98768,0.54012,0.0399,0.01537,0.33433,0.86521,0.0288544,0.00961814,0.0288544,0.00961814,0.0288544,0.00961814,0.0288544,0.00961814
29,1819.4,0.63231,0.06341,0.08181,0.41306,0.89603,0.98794,0.99937,0.9938,0.89485,0.98794,0.99937,0.9938,0.99159,0.51141,0.03755,0.01396,0.31333,0.85457,0.028812,0.009604,0.028812,0.009604,0.028812,0.009604,0.028812,0.009604
30,1880.07,0.61988,0.05694,0.07755,0.39489,0.89452,0.99873,0.9878,0.99476,0.89673,0.99873,0.9878,0.99476,0.99409,0.47908,0.02964,0.02957,0.29375,0.84343,0.0287696,0.00958986,0.0287696,0.00958986,0.0287696,0.00958986,0.0287696,0.00958986
31,1941,0.6286,0.06156,0.08347,0.39909,0.89921,0.99805,0.9878,0.99453,0.90589,0.99805,0.9878,0.99453,0.99045,0.49817,0.04792,0.02528,0.31773,0.84483,0.0287271,0.00957571,0.0287271,0.00957571,0.0287271,0.00957571,0.0287271,0.00957571
32,2001.49,0.62081,0.05868,0.0811,0.39542,0.89376,0.98778,0.98588,0.9944,0.90194,0.99717,0.9878,0.99465,0.99312,0.48365,0.03861,0.04874,0.30771,0.83908,0.0286847,0.00956157,0.0286847,0.00956157,0.0286847,0.00956157,0.0286847,0.00956157
33,2062.52,0.61194,0.06144,0.07354,0.387,0.9019,1,0.99889,0.995,0.91336,1,0.99889,0.995,0.995,0.46833,0.0261,0.03847,0.29382,0.84733,0.0286423,0.00954743,0.0286423,0.00954743,0.0286423,0.00954743,0.0286423,0.00954743
34,2123.54,0.60485,0.05924,0.0794,0.39194,0.89657,0.98778,0.98544,0.99379,0.88936,0.98778,0.98544,0.99379,0.99016,0.5145,0.05482,0.04376,0.31,0.85594,0.0285999,0.00953329,0.0285999,0.00953329,0.0285999,0.00953329,0.0285999,0.00953329
35,2184.21,0.61244,0.05462,0.07621,0.39453,0.89706,0.98777,0.98503,0.99316,0.90679,0.98777,0.98503,0.99326,0.98917,0.48298,0.04611,0.02645,0.29897,0.84992,0.0285574,0.00951914,0.0285574,0.00951914,0.0285574,0.00951914,0.0285574,0.00951914
36,2245.16,0.60619,0.05392,0.08172,0.38626,0.89207,0.99879,0.9878,0.99476,0.89871,0.99879,0.9878,0.99476,0.99321,0.49318,0.03062,0.02474,0.30002,0.8518,0.028515,0.009505,0.028515,0.009505,0.028515,0.009505,0.028515,0.009505
37,2305.78,0.59608,0.06103,0.07443,0.3821,0.88964,1,0.98716,0.99488,0.90442,1,0.98716,0.99488,0.99488,0.50218,0.03353,0.00437,0.30257,0.8424,0.0284726,0.00949086,0.0284726,0.00949086,0.0284726,0.00949086,0.0284726,0.00949086
38,2366.65,0.58935,0.05418,0.06873,0.36746,0.88669,0.9998,0.9878,0.99488,0.91047,0.9998,0.9878,0.99488,0.99443,0.47104,0.02897,0.01965,0.29453,0.84519,0.0284301,0.00947671,0.0284301,0.00947671,0.0284301,0.00947671,0.0284301,0.00947671
39,2427.35,0.59093,0.05167,0.07086,0.37559,0.88447,0.99907,1,0.995,0.90131,0.99907,1,0.995,0.99328,0.48307,0.03223,0.04334,0.27699,0.84222,0.0283877,0.00946257,0.0283877,0.00946257,0.0283877,0.00946257,0.0283877,0.00946257
40,2488.22,0.58386,0.04881,0.06461,0.37198,0.88119,0.98745,1,0.99488,0.92431,0.98745,1,0.99488,0.9926,0.45729,0.04091,0.01571,0.28588,0.8426,0.0283453,0.00944843,0.0283453,0.00944843,0.0283453,0.00944843,0.0283453,0.00944843
41,2548.87,0.58948,0.04773,0.05694,0.37157,0.88696,1,0.99873,0.995,0.90902,1,0.99873,0.995,0.99425,0.49003,0.0281,0.01398,0.29298,0.84695,0.0283029,0.00943429,0.0283029,0.00943429,0.0283029,0.00943429,0.0283029,0.00943429
42,2609.78,0.58367,0.05141,0.06739,0.37167,0.88432,0.99974,1,0.995,0.89765,0.99974,1,0.995,0.99239,0.48826,0.03953,0.01548,0.29404,0.83869,0.0282604,0.00942014,0.0282604,0.00942014,0.0282604,0.00942014,0.0282604,0.00942014
43,2670.71,0.58942,0.04803,0.06464,0.37481,0.88651,0.99852,0.9878,0.99337,0.90336,0.99852,0.9878,0.99337,0.98977,0.48851,0.04609,0.03065,0.30701,0.83725,0.028218,0.009406,0.028218,0.009406,0.028218,0.009406,0.028218,0.009406
44,2731.46,0.56991,0.04837,0.06683,0.36025,0.88079,0.98638,1,0.9903,0.90876,0.98638,1,0.9903,0.98777,0.47549,0.03219,0.00562,0.29215,0.83424,0.0281756,0.00939186,0.0281756,0.00939186,0.0281756,0.00939186,0.0281756,0.00939186
45,2792.3,0.56848,0.04584,0.06127,0.3596,0.87652,0.98711,1,0.9909,0.91295,0.98711,1,0.9909,0.9893,0.46647,0.02937,0.01521,0.28851,0.83158,0.0281331,0.00937771,0.0281331,0.00937771,0.0281331,0.00937771,0.0281331,0.00937771
46,2852.89,0.57159,0.04502,0.06289,0.35862,0.8823,0.98682,1,0.99488,0.91457,0.98682,1,0.99488,0.99165,0.47042,0.03053,0.01901,0.27607,0.83984,0.0280907,0.00936357,0.0280907,0.00936357,0.0280907,0.00936357,0.0280907,0.00936357
47,2913.73,0.56364,0.04395,0.05761,0.35194,0.87654,0.9862,1,0.99404,0.89878,0.9862,1,0.99404,0.99231,0.46943,0.02838,0.00595,0.29028,0.84085,0.0280483,0.00934943,0.0280483,0.00934943,0.0280483,0.00934943,0.0280483,0.00934943
48,2974.29,0.56246,0.04483,0.06161,0.35749,0.8806,0.99558,0.9878,0.99465,0.919,0.99558,0.9878,0.99465,0.992,0.46736,0.03281,0.03339,0.2783,0.83501,0.0280059,0.00933529,0.0280059,0.00933529,0.0280059,0.00933529,0.0280059,0.00933529
49,3035.17,0.5608,0.04733,0.0594,0.35924,0.87643,0.99277,1,0.995,0.9055,0.99277,1,0.995,0.99152,0.47993,0.04207,0.04861,0.28443,0.83714,0.0279634,0.00932114,0.0279634,0.00932114,0.0279634,0.00932114,0.0279634,0.00932114
50,3095.75,0.55229,0.045,0.06317,0.35252,0.87329,0.9992,1,0.995,0.91149,0.9992,1,0.995,0.99228,0.48207,0.03648,0.01295,0.28191,0.84823,0.027921,0.009307,0.027921,0.009307,0.027921,0.009307,0.027921,0.009307
51,3156.57,0.56585,0.04603,0.05561,0.35452,0.87361,0.97549,1,0.9944,0.90531,0.97549,1,0.9944,0.99058,0.46927,0.04174,0.00506,0.28483,0.83697,0.0278786,0.00929286,0.0278786,0.00929286,0.0278786,0.00929286,0.0278786,0.00929286
52,3217.64,0.55,0.03766,0.05705,0.34906,0.87468,0.99796,0.97561,0.99048,0.90992,0.99796,0.97561,0.99418,0.99207,0.50587,0.0289,0.00331,0.28246,0.85556,0.0278361,0.00927871,0.0278361,0.00927871,0.0278361,0.00927871,0.0278361,0.00927871
53,3278.2,0.55592,0.04391,0.05913,0.35091,0.87286,1,0.99994,0.995,0.9122,1,0.99994,0.995,0.99456,0.47781,0.02515,0.00633,0.27646,0.84293,0.0277937,0.00926457,0.0277937,0.00926457,0.0277937,0.00926457,0.0277937,0.00926457
54,3339.04,0.55141,0.0435,0.06035,0.34861,0.87035,1,0.99935,0.995,0.92442,1,0.99935,0.995,0.99427,0.4586,0.02654,0.02462,0.27183,0.84323,0.0277513,0.00925043,0.0277513,0.00925043,0.0277513,0.00925043,0.0277513,0.00925043
55,3399.67,0.55202,0.04198,0.056,0.35022,0.87679,0.97618,0.99939,0.99464,0.91441,0.97618,0.99939,0.99464,0.9914,0.46452,0.043,0.03064,0.28377,0.83488,0.0277089,0.00923629,0.0277089,0.00923629,0.0277089,0.00923629,0.0277089,0.00923629
56,3460.47,0.5454,0.03924,0.05691,0.34249,0.87218,1,0.97474,0.99441,0.91491,1,0.97474,0.99441,0.99396,0.43561,0.02551,0.0232,0.26324,0.83288,0.0276664,0.00922214,0.0276664,0.00922214,0.0276664,0.00922214,0.0276664,0.00922214
57,3521.08,0.54488,0.04137,0.06492,0.34217,0.86887,0.99916,1,0.995,0.9116,0.99916,1,0.995,0.99167,0.4553,0.0248,0.0046,0.26632,0.83703,0.027624,0.009208,0.027624,0.009208,0.027624,0.009208,0.027624,0.009208
58,3582.08,0.54205,0.0479,0.06072,0.34456,0.87038,0.98794,0.99895,0.99488,0.91639,0.98794,0.99895,0.99488,0.99425,0.46559,0.02365,0.00963,0.26327,0.83561,0.0275816,0.00919386,0.0275816,0.00919386,0.0275816,0.00919386,0.0275816,0.00919386
59,3642.94,0.54055,0.04395,0.05491,0.34113,0.86736,0.99546,0.9878,0.99476,0.90781,0.99546,0.9878,0.99476,0.99476,0.45975,0.02066,0.00829,0.26901,0.82923,0.0275391,0.00917971,0.0275391,0.00917971,0.0275391,0.00917971,0.0275391,0.00917971
60,3703.92,0.54538,0.04042,0.05836,0.34282,0.874,0.99935,0.9878,0.99476,0.90859,0.99935,0.9878,0.99476,0.99197,0.46952,0.03452,0.01549,0.27152,0.83451,0.0274967,0.00916557,0.0274967,0.00916557,0.0274967,0.00916557,0.0274967,0.00916557
61,3764.73,0.53518,0.03813,0.06103,0.33779,0.86682,0.99883,1,0.995,0.92211,0.99883,1,0.995,0.995,0.45026,0.02364,0.03621,0.26973,0.84288,0.0274543,0.00915143,0.0274543,0.00915143,0.0274543,0.00915143,0.0274543,0.00915143
62,3825.32,0.52792,0.04021,0.05084,0.33195,0.87039,0.99913,1,0.995,0.90977,0.99913,1,0.995,0.995,0.47456,0.0234,0.00774,0.26044,0.8396,0.0274119,0.00913729,0.0274119,0.00913729,0.0274119,0.00913729,0.0274119,0.00913729
63,3886.21,0.52736,0.04096,0.04559,0.33048,0.86315,0.99921,1,0.995,0.92153,0.99921,1,0.995,0.99443,0.45434,0.02273,0.01021,0.2643,0.8353,0.0273694,0.00912314,0.0273694,0.00912314,0.0273694,0.00912314,0.0273694,0.00912314
64,3946.61,0.53092,0.03548,0.05469,0.32843,0.86742,0.99904,1,0.995,0.91166,0.99904,1,0.995,0.995,0.45883,0.02474,0.02,0.26999,0.83866,0.027327,0.009109,0.027327,0.009109,0.027327,0.009109,0.027327,0.009109
65,4007.62,0.52249,0.03782,0.0498,0.32756,0.86289,0.99938,1,0.995,0.93586,0.99938,1,0.995,0.99253,0.43486,0.03453,0.0151,0.25116,0.82878,0.0272846,0.00909486,0.0272846,0.00909486,0.0272846,0.00909486,0.0272846,0.00909486
66,4068.43,0.5288,0.03545,0.05191,0.32908,0.86806,0.99897,1,0.995,0.92329,0.99897,1,0.995,0.99445,0.46314,0.02165,0.01429,0.2642,0.83411,0.0272421,0.00908071,0.0272421,0.00908071,0.0272421,0.00908071,0.0272421,0.00908071
67,4129.55,0.52738,0.03775,0.05588,0.33068,0.86687,0.999,1,0.995,0.91998,0.999,1,0.995,0.995,0.43427,0.01857,0.02814,0.24723,0.83196,0.0271997,0.00906657,0.0271997,0.00906657,0.0271997,0.00906657,0.0271997,0.00906657
68,4190.24,0.52129,0.03641,0.04553,0.32465,0.8645,1,0.99903,0.995,0.92285,1,0.99903,0.995,0.9947,0.44153,0.02188,0.03183,0.25567,0.82847,0.0271573,0.00905243,0.0271573,0.00905243,0.0271573,0.00905243,0.0271573,0.00905243
69,4251.08,0.52012,0.03719,0.04428,0.32514,0.86263,0.99954,1,0.995,0.92612,0.99954,1,0.995,0.99461,0.452,0.02464,0.00773,0.26126,0.83278,0.0271149,0.00903829,0.0271149,0.00903829,0.0271149,0.00903829,0.0271149,0.00903829
70,4311.86,0.52265,0.03957,0.054,0.32363,0.86478,0.99948,1,0.995,0.92219,0.99948,1,0.995,0.99457,0.45242,0.02081,0.01176,0.2448,0.83922,0.0270724,0.00902414,0.0270724,0.00902414,0.0270724,0.00902414,0.0270724,0.00902414
71,4372.3,0.51934,0.03521,0.04747,0.32588,0.86182,0.98723,1,0.99488,0.91762,0.98723,1,0.99488,0.99444,0.45775,0.02196,0.00972,0.25528,0.84472,0.02703,0.00901,0.02703,0.00901,0.02703,0.00901,0.02703,0.00901
72,4433.07,0.52108,0.0344,0.05342,0.32474,0.86651,0.99899,1,0.995,0.91196,0.99899,1,0.995,0.99464,0.45864,0.02212,0.00458,0.25159,0.84972,0.0269876,0.00899586,0.0269876,0.00899586,0.0269876,0.00899586,0.0269876,0.00899586
73,4493.77,0.52388,0.03271,0.0471,0.32906,0.86212,0.99935,1,0.995,0.92294,0.99935,1,0.995,0.995,0.44096,0.02,0.0147,0.25952,0.8287,0.0269451,0.00898171,0.0269451,0.00898171,0.0269451,0.00898171,0.0269451,0.00898171
74,4554.81,0.50907,0.03602,0.04418,0.31821,0.86148,1,0.99964,0.995,0.92229,1,0.99964,0.995,0.995,0.4445,0.01768,0.00535,0.2581,0.83586,0.0269027,0.00896757,0.0269027,0.00896757,0.0269027,0.00896757,0.0269027,0.00896757
75,4615.59,0.50791,0.03335,0.05273,0.31603,0.86295,0.99854,0.9878,0.99488,0.91379,0.99854,0.9878,0.99488,0.99488,0.44022,0.02032,0.01461,0.25433,0.83882,0.0268603,0.00895343,0.0268603,0.00895343,0.0268603,0.00895343,0.0268603,0.00895343
76,4676.73,0.5136,0.03443,0.05023,0.32125,0.86335,0.98794,0.99889,0.99488,0.92475,0.98794,0.99889,0.99488,0.99209,0.43217,0.02892,0.0214,0.2524,0.83192,0.0268179,0.00893929,0.0268179,0.00893929,0.0268179,0.00893929,0.0268179,0.00893929
77,4737.55,0.50708,0.03602,0.05438,0.31528,0.85658,0.99967,0.9878,0.99488,0.92353,0.99967,0.9878,0.99488,0.99488,0.45461,0.01736,0.00773,0.25802,0.84577,0.0267754,0.00892514,0.0267754,0.00892514,0.0267754,0.00892514,0.0267754,0.00892514
78,4798.72,0.51257,0.035,0.05103,0.31904,0.85557,1,0.99923,0.995,0.92283,1,0.99923,0.995,0.995,0.44992,0.01948,0.01567,0.25519,0.84176,0.026733,0.008911,0.026733,0.008911,0.026733,0.008911,0.026733,0.008911
79,4859.81,0.50559,0.03878,0.04908,0.31482,0.85622,1,0.99957,0.995,0.91,1,0.99957,0.995,0.995,0.46836,0.0189,0.00859,0.25251,0.84316,0.0266906,0.00889686,0.0266906,0.00889686,0.0266906,0.00889686,0.0266906,0.00889686
80,4920.59,0.50874,0.03798,0.04198,0.32026,0.86668,1,0.999,0.995,0.91866,1,0.999,0.995,0.99459,0.45998,0.01878,0.00331,0.25071,0.84164,0.0266481,0.00888271,0.0266481,0.00888271,0.0266481,0.00888271,0.0266481,0.00888271
81,4981.74,0.49884,0.03487,0.04222,0.31609,0.86217,1,0.98685,0.99488,0.91608,1,0.98685,0.99488,0.99439,0.4416,0.03048,0.02125,0.26406,0.83734,0.0266057,0.00886857,0.0266057,0.00886857,0.0266057,0.00886857,0.0266057,0.00886857
82,5042.58,0.49623,0.03023,0.04945,0.31885,0.86014,1,0.99926,0.995,0.92982,1,0.99926,0.995,0.99319,0.43854,0.03076,0.01425,0.24696,0.83302,0.0265633,0.00885443,0.0265633,0.00885443,0.0265633,0.00885443,0.0265633,0.00885443
83,5103.5,0.49764,0.03185,0.04294,0.3155,0.85376,0.99962,1,0.995,0.91173,0.99962,1,0.995,0.99264,0.43765,0.02944,0.01115,0.24961,0.83396,0.0265209,0.00884029,0.0265209,0.00884029,0.0265209,0.00884029,0.0265209,0.00884029
84,5164.32,0.49929,0.03077,0.04326,0.31731,0.85878,1,0.99926,0.995,0.91994,1,0.99926,0.995,0.995,0.45111,0.01832,0.02721,0.26083,0.83517,0.0264784,0.00882614,0.0264784,0.00882614,0.0264784,0.00882614,0.0264784,0.00882614
85,5225.46,0.50959,0.03533,0.04925,0.3179,0.86709,0.99909,0.9878,0.99488,0.90842,0.99909,0.9878,0.99488,0.99488,0.44479,0.01736,0.01468,0.25021,0.83729,0.026436,0.008812,0.026436,0.008812,0.026436,0.008812,0.026436,0.008812
86,5286.36,0.49751,0.03282,0.03887,0.31438,0.85631,1,0.99964,0.995,0.9252,1,0.99964,0.995,0.995,0.43705,0.01821,0.04829,0.2419,0.82759,0.0263936,0.00879786,0.0263936,0.00879786,0.0263936,0.00879786,0.0263936,0.00879786
87,5347.47,0.49133,0.03337,0.04699,0.30925,0.85614,1,0.99987,0.995,0.92255,1,0.99987,0.995,0.99446,0.43826,0.01854,0.05506,0.24658,0.8366,0.0263511,0.00878371,0.0263511,0.00878371,0.0263511,0.00878371,0.0263511,0.00878371
88,5408.69,0.49556,0.03441,0.04984,0.30922,0.85723,0.99965,1,0.995,0.93101,0.99965,1,0.995,0.995,0.44388,0.01894,0.0227,0.25103,0.83632,0.0263087,0.00876957,0.0263087,0.00876957,0.0263087,0.00876957,0.0263087,0.00876957
89,5469.55,0.49179,0.03306,0.04264,0.30572,0.85569,0.98731,1,0.99476,0.91924,0.98731,1,0.99476,0.99476,0.44751,0.01745,0.04647,0.25629,0.83488,0.0262663,0.00875543,0.0262663,0.00875543,0.0262663,0.00875543,0.0262663,0.00875543
90,5530.65,0.49274,0.02835,0.04276,0.31044,0.85468,1,0.99915,0.995,0.91748,1,0.99915,0.995,0.99437,0.43868,0.02178,0.03758,0.23988,0.83621,0.0262239,0.00874129,0.0262239,0.00874129,0.0262239,0.00874129,0.0262239,0.00874129
91,5591.49,0.48517,0.02854,0.04139,0.30515,0.85609,0.99872,0.9878,0.99488,0.92173,0.99872,0.9878,0.99488,0.99352,0.45494,0.02181,0.00759,0.25878,0.83869,0.0261814,0.00872714,0.0261814,0.00872714,0.0261814,0.00872714,0.0261814,0.00872714
92,5652.51,0.48331,0.02888,0.0405,0.30648,0.85563,0.98795,0.99998,0.99488,0.92834,0.98795,0.99998,0.99488,0.99449,0.43239,0.01878,0.0158,0.2548,0.83913,0.026139,0.008713,0.026139,0.008713,0.026139,0.008713,0.026139,0.008713
93,5713.35,0.48613,0.029,0.04111,0.3079,0.85269,0.99616,1,0.995,0.92324,0.99616,1,0.995,0.9934,0.43417,0.02372,0.03638,0.25146,0.8411,0.0260966,0.00869886,0.0260966,0.00869886,0.0260966,0.00869886,0.0260966,0.00869886
94,5774.31,0.48954,0.03185,0.04395,0.30622,0.8543,0.99845,1,0.995,0.92524,0.99845,1,0.995,0.995,0.42558,0.01915,0.03249,0.24552,0.8416,0.0260541,0.00868471,0.0260541,0.00868471,0.0260541,0.00868471,0.0260541,0.00868471
95,5835.08,0.49037,0.03512,0.04172,0.30374,0.85217,0.99618,0.9878,0.99453,0.92652,0.99618,0.9878,0.99453,0.99399,0.43421,0.01865,0.01675,0.24666,0.83657,0.0260117,0.00867057,0.0260117,0.00867057,0.0260117,0.00867057,0.0260117,0.00867057
96,5896.17,0.48027,0.0325,0.04083,0.298,0.85491,1,0.98736,0.99391,0.92521,1,0.98736,0.99476,0.99476,0.43434,0.01653,0.05986,0.25829,0.84339,0.0259693,0.00865643,0.0259693,0.00865643,0.0259693,0.00865643,0.0259693,0.00865643
97,5957.13,0.47947,0.03093,0.03861,0.3009,0.85009,0.99969,1,0.995,0.92634,0.99969,1,0.995,0.99438,0.44459,0.01973,0.03555,0.23876,0.84321,0.0259269,0.00864229,0.0259269,0.00864229,0.0259269,0.00864229,0.0259269,0.00864229
98,6017.85,0.47884,0.03064,0.03372,0.30431,0.84892,0.99822,1,0.995,0.92032,0.99822,1,0.995,0.99422,0.44183,0.02179,0.02887,0.25133,0.83914,0.0258844,0.00862814,0.0258844,0.00862814,0.0258844,0.00862814,0.0258844,0.00862814
99,6078.82,0.47714,0.02791,0.04276,0.29935,0.85127,0.99899,0.9878,0.99488,0.922,0.99899,0.9878,0.99488,0.99345,0.44249,0.02665,0.01679,0.23641,0.8405,0.025842,0.008614,0.025842,0.008614,0.025842,0.008614,0.025842,0.008614
100,6139.5,0.48498,0.02963,0.04713,0.30117,0.85042,0.99964,1,0.995,0.91717,0.99964,1,0.995,0.995,0.4334,0.01593,0.04501,0.25324,0.84452,0.0257996,0.00859986,0.0257996,0.00859986,0.0257996,0.00859986,0.0257996,0.00859986
101,6200.41,0.48392,0.02936,0.04604,0.30362,0.85475,0.99943,1,0.995,0.9296,0.99943,1,0.995,0.995,0.43832,0.01614,0.02496,0.23614,0.84617,0.0257571,0.00858571,0.0257571,0.00858571,0.0257571,0.00858571,0.0257571,0.00858571
102,6261.01,0.47676,0.03108,0.04455,0.30064,0.84719,0.98693,1,0.99488,0.92082,0.98693,1,0.99488,0.99488,0.45102,0.01551,0.00367,0.24218,0.8503,0.0257147,0.00857157,0.0257147,0.00857157,0.0257147,0.00857157,0.0257147,0.00857157
103,6321.93,0.47699,0.03071,0.04304,0.29816,0.84974,0.99927,1,0.995,0.92679,0.99927,1,0.995,0.99318,0.43899,0.02678,0.01254,0.22639,0.8447,0.0256723,0.00855743,0.0256723,0.00855743,0.0256723,0.00855743,0.0256723,0.00855743
104,6382.7,0.4715,0.03208,0.04115,0.2992,0.84897,1,0.99929,0.995,0.92037,1,0.99929,0.995,0.995,0.43242,0.02065,0.00142,0.23726,0.8394,0.0256299,0.00854329,0.0256299,0.00854329,0.0256299,0.00854329,0.0256299,0.00854329
105,6443.73,0.47641,0.03152,0.04225,0.29305,0.85618,1,0.99958,0.995,0.92223,1,0.99958,0.995,0.995,0.44353,0.01505,0.0049,0.23465,0.84413,0.0255874,0.00852914,0.0255874,0.00852914,0.0255874,0.00852914,0.0255874,0.00852914
106,6504.84,0.47348,0.03185,0.04221,0.29371,0.84826,1,0.9996,0.995,0.91863,1,0.9996,0.995,0.995,0.45241,0.02085,0.03261,0.23626,0.85276,0.025545,0.008515,0.025545,0.008515,0.025545,0.008515,0.025545,0.008515
107,6565.67,0.47212,0.02931,0.04306,0.29268,0.84877,0.99988,1,0.995,0.92506,0.99988,1,0.995,0.995,0.43637,0.01897,0.07006,0.23311,0.84054,0.0255026,0.00850086,0.0255026,0.00850086,0.0255026,0.00850086,0.0255026,0.00850086
108,6626.84,0.46625,0.02722,0.03655,0.28913,0.85072,0.99996,1,0.995,0.92568,0.99996,1,0.995,0.99465,0.42008,0.02057,0.02972,0.22726,0.83127,0.0254601,0.00848671,0.0254601,0.00848671,0.0254601,0.00848671,0.0254601,0.00848671
109,6687.71,0.48005,0.02879,0.03321,0.29433,0.8517,1,0.99787,0.995,0.92811,1,0.99787,0.995,0.995,0.42002,0.01734,0.02128,0.22992,0.83401,0.0254177,0.00847257,0.0254177,0.00847257,0.0254177,0.00847257,0.0254177,0.00847257
110,6748.63,0.48142,0.02951,0.03546,0.29583,0.85106,0.98794,0.99889,0.99488,0.92667,0.98794,0.99889,0.99488,0.99488,0.43859,0.01319,0.04511,0.23639,0.84296,0.0253753,0.00845843,0.0253753,0.00845843,0.0253753,0.00845843,0.0253753,0.00845843
111,6809.41,0.46724,0.02605,0.04143,0.28872,0.84606,1,0.99914,0.995,0.92181,1,0.99914,0.995,0.995,0.44331,0.0156,0.00949,0.23823,0.84746,0.0253329,0.00844429,0.0253329,0.00844429,0.0253329,0.00844429,0.0253329,0.00844429
112,6870.4,0.46336,0.02727,0.03624,0.28652,0.84292,1,0.99944,0.995,0.92838,1,0.99944,0.995,0.995,0.44486,0.01604,0.024,0.23312,0.83863,0.0252904,0.00843014,0.0252904,0.00843014,0.0252904,0.00843014,0.0252904,0.00843014
113,6930.99,0.4638,0.03127,0.0362,0.28764,0.85035,0.99939,1,0.995,0.91455,0.99939,1,0.995,0.995,0.43261,0.01586,0.01802,0.23405,0.84523,0.025248,0.008416,0.025248,0.008416,0.025248,0.008416,0.025248,0.008416
114,6991.9,0.46299,0.02644,0.03068,0.28657,0.84941,1,0.99967,0.995,0.9233,1,0.99967,0.995,0.99454,0.4446,0.02118,0.05381,0.22824,0.8448,0.0252056,0.00840186,0.0252056,0.00840186,0.0252056,0.00840186,0.0252056,0.00840186
115,7052.78,0.4677,0.02547,0.03609,0.28737,0.8472,0.99913,1,0.995,0.92115,0.99913,1,0.995,0.9943,0.4248,0.02334,0.00439,0.22622,0.84073,0.0251631,0.00838771,0.0251631,0.00838771,0.0251631,0.00838771,0.0251631,0.00838771
116,7113.45,0.45573,0.0252,0.0382,0.28588,0.84176,0.99934,1,0.995,0.92904,0.99934,1,0.995,0.99399,0.42371,0.02049,0.0285,0.22475,0.83247,0.0251207,0.00837357,0.0251207,0.00837357,0.0251207,0.00837357,0.0251207,0.00837357
117,7174.34,0.46698,0.02533,0.04183,0.29021,0.85015,0.99954,1,0.995,0.92554,0.99954,1,0.995,0.995,0.43987,0.01327,0.00335,0.23318,0.83572,0.0250783,0.00835943,0.0250783,0.00835943,0.0250783,0.00835943,0.0250783,0.00835943
118,7235.06,0.46394,0.02715,0.0344,0.28972,0.85088,0.99926,1,0.995,0.92469,0.99926,1,0.995,0.99026,0.43138,0.04372,0.0145,0.21904,0.83336,0.0250359,0.00834529,0.0250359,0.00834529,0.0250359,0.00834529,0.0250359,0.00834529
119,7296.17,0.46125,0.02698,0.03351,0.28947,0.842,0.99921,1,0.995,0.92679,0.99921,1,0.995,0.99453,0.43181,0.01846,0.01612,0.23288,0.83426,0.0249934,0.00833114,0.0249934,0.00833114,0.0249934,0.00833114,0.0249934,0.00833114
120,7357.14,0.4489,0.02317,0.0327,0.27939,0.84426,0.99917,1,0.995,0.92486,0.99917,1,0.995,0.99452,0.42474,0.01929,0.00739,0.22674,0.83233,0.024951,0.008317,0.024951,0.008317,0.024951,0.008317,0.024951,0.008317
121,7418.26,0.46303,0.02802,0.04438,0.29237,0.85256,0.99922,1,0.995,0.93046,0.99922,1,0.995,0.99361,0.42182,0.02168,0.0113,0.22234,0.82814,0.0249086,0.00830286,0.0249086,0.00830286,0.0249086,0.00830286,0.0249086,0.00830286
122,7478.98,0.45402,0.0253,0.03311,0.28336,0.8421,0.99942,1,0.995,0.93327,0.99942,1,0.995,0.99463,0.42546,0.0157,0.00878,0.22934,0.82822,0.0248661,0.00828871,0.0248661,0.00828871,0.0248661,0.00828871,0.0248661,0.00828871
123,7540.03,0.46411,0.02575,0.03512,0.28639,0.84804,0.99962,1,0.995,0.92937,0.99962,1,0.995,0.99449,0.43191,0.01764,0.02263,0.22137,0.83123,0.0248237,0.00827457,0.0248237,0.00827457,0.0248237,0.00827457,0.0248237,0.00827457
124,7601.16,0.44653,0.02899,0.03217,0.27865,0.84161,0.99967,1,0.995,0.92255,0.99967,1,0.995,0.99428,0.44863,0.02045,0.00608,0.23821,0.84092,0.0247813,0.00826043,0.0247813,0.00826043,0.0247813,0.00826043,0.0247813,0.00826043
125,7662.03,0.46397,0.03183,0.0353,0.28684,0.84745,0.98765,1,0.99488,0.92154,0.98765,1,0.99488,0.99488,0.44675,0.01934,0.02589,0.24114,0.84937,0.0247389,0.00824629,0.0247389,0.00824629,0.0247389,0.00824629,0.0247389,0.00824629
126,7723.17,0.45612,0.02493,0.03559,0.28688,0.84453,1,0.99946,0.995,0.92113,1,0.99946,0.995,0.995,0.43758,0.0142,0.01153,0.22756,0.83967,0.0246964,0.00823214,0.0246964,0.00823214,0.0246964,0.00823214,0.0246964,0.00823214
127,7783.78,0.45179,0.02712,0.03265,0.2825,0.84352,1,0.99958,0.995,0.93409,1,0.99958,0.995,0.9944,0.41616,0.01801,0.00865,0.2329,0.83453,0.024654,0.008218,0.024654,0.008218,0.024654,0.008218,0.024654,0.008218
128,7845.02,0.44334,0.02966,0.03472,0.27765,0.84137,1,0.99941,0.995,0.91978,1,0.99941,0.995,0.995,0.43501,0.01345,0.02133,0.22456,0.8356,0.0246116,0.00820386,0.0246116,0.00820386,0.0246116,0.00820386,0.0246116,0.00820386
129,7905.88,0.44941,0.02766,0.03225,0.27778,0.84143,0.99978,1,0.995,0.92118,0.99978,1,0.995,0.995,0.42927,0.01366,0.00787,0.22902,0.82968,0.0245691,0.00818971,0.0245691,0.00818971,0.0245691,0.00818971,0.0245691,0.00818971
130,7967,0.44818,0.02539,0.03587,0.27695,0.8397,0.99973,1,0.995,0.92582,0.99973,1,0.995,0.995,0.43386,0.01642,0.01319,0.23471,0.83524,0.0245267,0.00817557,0.0245267,0.00817557,0.0245267,0.00817557,0.0245267,0.00817557
131,8027.95,0.44218,0.02507,0.03666,0.2727,0.83985,1,0.99944,0.995,0.91989,1,0.99944,0.995,0.995,0.4286,0.01547,0.02165,0.23379,0.83685,0.0244843,0.00816143,0.0244843,0.00816143,0.0244843,0.00816143,0.0244843,0.00816143
132,8088.81,0.45384,0.02262,0.03859,0.28089,0.85177,0.99978,1,0.995,0.91678,0.99978,1,0.995,0.995,0.4448,0.01479,0.0227,0.22906,0.83312,0.0244419,0.00814729,0.0244419,0.00814729,0.0244419,0.00814729,0.0244419,0.00814729
133,8149.69,0.44729,0.02492,0.03785,0.28296,0.84622,0.99948,1,0.995,0.92776,0.99948,1,0.995,0.99467,0.4268,0.016,0.03546,0.22439,0.835,0.0243994,0.00813314,0.0243994,0.00813314,0.0243994,0.00813314,0.0243994,0.00813314
134,8210.44,0.44732,0.02626,0.03666,0.28141,0.84151,1,0.99944,0.995,0.92181,1,0.99944,0.995,0.995,0.41971,0.01549,0.03433,0.22339,0.8302,0.024357,0.008119,0.024357,0.008119,0.024357,0.008119,0.024357,0.008119
135,8271.26,0.44913,0.02523,0.03593,0.27919,0.8444,0.99916,1,0.995,0.92903,0.99916,1,0.995,0.995,0.43496,0.01819,0.08418,0.22948,0.8331,0.0243146,0.00810486,0.0243146,0.00810486,0.0243146,0.00810486,0.0243146,0.00810486
136,8331.66,0.44583,0.02388,0.03229,0.27817,0.84398,0.99952,1,0.995,0.92275,0.99952,1,0.995,0.995,0.44258,0.01694,0.03303,0.22563,0.83239,0.0242721,0.00809071,0.0242721,0.00809071,0.0242721,0.00809071,0.0242721,0.00809071
137,8392.61,0.44053,0.02438,0.03762,0.27787,0.84115,1,0.99924,0.995,0.93384,1,0.99924,0.995,0.995,0.41825,0.01415,0.01267,0.22883,0.82926,0.0242297,0.00807657,0.0242297,0.00807657,0.0242297,0.00807657,0.0242297,0.00807657
138,8453.41,0.44012,0.02568,0.03356,0.27632,0.83813,1,0.99919,0.995,0.93852,1,0.99919,0.995,0.995,0.41534,0.01474,0.06217,0.22037,0.82963,0.0241873,0.00806243,0.0241873,0.00806243,0.0241873,0.00806243,0.0241873,0.00806243
139,8514.45,0.44281,0.02336,0.03659,0.27478,0.84152,1,0.99942,0.995,0.92588,1,0.99942,0.995,0.995,0.4295,0.01487,0.00718,0.22574,0.83597,0.0241449,0.00804829,0.0241449,0.00804829,0.0241449,0.00804829,0.0241449,0.00804829
140,8575.2,0.43453,0.02266,0.03443,0.27017,0.83993,0.99999,1,0.995,0.92608,0.99999,1,0.995,0.9947,0.42243,0.01839,0.04538,0.22021,0.83303,0.0241024,0.00803414,0.0241024,0.00803414,0.0241024,0.00803414,0.0241024,0.00803414
141,8636.19,0.43864,0.02391,0.03054,0.27626,0.84249,0.99957,1,0.995,0.93122,0.99957,1,0.995,0.995,0.4294,0.01641,0.02807,0.22517,0.83716,0.02406,0.00802,0.02406,0.00802,0.02406,0.00802,0.02406,0.00802
142,8697.2,0.44169,0.02301,0.03751,0.27364,0.84142,1,0.99927,0.995,0.92559,1,0.99927,0.995,0.995,0.43184,0.01473,0.0115,0.22172,0.83802,0.0240176,0.00800586,0.0240176,0.00800586,0.0240176,0.00800586,0.0240176,0.00800586
143,8757.96,0.43847,0.02303,0.02992,0.27179,0.84146,0.99994,1,0.995,0.91611,0.99994,1,0.995,0.995,0.41952,0.01446,0.07452,0.20733,0.8338,0.0239751,0.00799171,0.0239751,0.00799171,0.0239751,0.00799171,0.0239751,0.00799171
144,8818.94,0.44903,0.02673,0.03615,0.27703,0.8496,0.99956,1,0.995,0.92619,0.99956,1,0.995,0.995,0.42616,0.01483,0.02051,0.22041,0.83092,0.0239327,0.00797757,0.0239327,0.00797757,0.0239327,0.00797757,0.0239327,0.00797757
145,8879.85,0.43462,0.02338,0.03302,0.27018,0.83577,0.99923,1,0.995,0.92666,0.99923,1,0.995,0.99392,0.43473,0.0198,0.02335,0.22152,0.84665,0.0238903,0.00796343,0.0238903,0.00796343,0.0238903,0.00796343,0.0238903,0.00796343
146,8940.7,0.43845,0.02472,0.03702,0.2747,0.84181,0.99863,1,0.995,0.93105,0.99863,1,0.995,0.99401,0.42157,0.02221,0.01202,0.21693,0.8337,0.0238479,0.00794929,0.0238479,0.00794929,0.0238479,0.00794929,0.0238479,0.00794929
147,9001.33,0.43518,0.02315,0.0345,0.27017,0.84217,0.99902,1,0.995,0.92321,0.99902,1,0.995,0.99447,0.43304,0.01884,0.06094,0.21699,0.83714,0.0238054,0.00793514,0.0238054,0.00793514,0.0238054,0.00793514,0.0238054,0.00793514
148,9062.21,0.43252,0.02463,0.03376,0.27048,0.8424,0.99928,1,0.995,0.93801,0.99928,1,0.995,0.995,0.43364,0.01887,0.00308,0.21665,0.83458,0.023763,0.007921,0.023763,0.007921,0.023763,0.007921,0.023763,0.007921
149,9122.81,0.43052,0.02322,0.03515,0.26913,0.83963,0.99937,1,0.995,0.92528,0.99937,1,0.995,0.995,0.43191,0.01495,0.02295,0.22005,0.83174,0.0237206,0.00790686,0.0237206,0.00790686,0.0237206,0.00790686,0.0237206,0.00790686
150,9183.7,0.43478,0.02356,0.03354,0.26845,0.83912,0.99936,1,0.995,0.92972,0.99936,1,0.995,0.995,0.41666,0.01274,0.03096,0.21475,0.83491,0.0236781,0.00789271,0.0236781,0.00789271,0.0236781,0.00789271,0.0236781,0.00789271
151,9244.65,0.44572,0.02374,0.03358,0.27357,0.84454,0.99927,1,0.995,0.92795,0.99927,1,0.995,0.995,0.43392,0.01406,0.01209,0.21656,0.83768,0.0236357,0.00787857,0.0236357,0.00787857,0.0236357,0.00787857,0.0236357,0.00787857
152,9305.28,0.43787,0.02386,0.03397,0.27006,0.83829,0.99917,1,0.995,0.92105,0.99917,1,0.995,0.995,0.43674,0.01596,0.02519,0.21973,0.83923,0.0235933,0.00786443,0.0235933,0.00786443,0.0235933,0.00786443,0.0235933,0.00786443
153,9366.21,0.43696,0.02222,0.02909,0.2729,0.8423,0.99939,1,0.995,0.92585,0.99939,1,0.995,0.995,0.43414,0.01531,0.04686,0.21335,0.83455,0.0235509,0.00785029,0.0235509,0.00785029,0.0235509,0.00785029,0.0235509,0.00785029
154,9427.05,0.43041,0.02357,0.02925,0.26984,0.83677,0.99936,1,0.995,0.9303,0.99936,1,0.995,0.995,0.42194,0.01436,0.02243,0.22031,0.83357,0.0235084,0.00783614,0.0235084,0.00783614,0.0235084,0.00783614,0.0235084,0.00783614
155,9487.96,0.42713,0.02168,0.03068,0.26481,0.83428,0.9993,1,0.995,0.93374,0.9993,1,0.995,0.995,0.42273,0.01346,0.01028,0.2191,0.83228,0.023466,0.007822,0.023466,0.007822,0.023466,0.007822,0.023466,0.007822
156,9548.56,0.41869,0.02184,0.03185,0.25913,0.83701,0.99909,1,0.995,0.93582,0.99909,1,0.995,0.995,0.41741,0.01609,0.01237,0.22034,0.83029,0.0234236,0.00780786,0.0234236,0.00780786,0.0234236,0.00780786,0.0234236,0.00780786
157,9609.41,0.43029,0.02405,0.03009,0.26804,0.84069,0.99927,1,0.995,0.92821,0.99927,1,0.995,0.995,0.41689,0.0129,0.02264,0.21955,0.83418,0.0233811,0.00779371,0.0233811,0.00779371,0.0233811,0.00779371,0.0233811,0.00779371
158,9670.02,0.42915,0.0202,0.03533,0.26933,0.83575,0.99989,1,0.995,0.92996,0.99989,1,0.995,0.995,0.42215,0.01511,0.01545,0.2257,0.83899,0.0233387,0.00777957,0.0233387,0.00777957,0.0233387,0.00777957,0.0233387,0.00777957
159,9730.88,0.42768,0.02413,0.03179,0.26649,0.83901,0.99933,1,0.995,0.9211,0.99933,1,0.995,0.995,0.42846,0.01371,0.01742,0.21591,0.83591,0.0232963,0.00776543,0.0232963,0.00776543,0.0232963,0.00776543,0.0232963,0.00776543
160,9791.74,0.42409,0.02497,0.0305,0.26368,0.83352,0.99936,1,0.995,0.9341,0.99936,1,0.995,0.995,0.42107,0.01292,0.02612,0.20413,0.83387,0.0232539,0.00775129,0.0232539,0.00775129,0.0232539,0.00775129,0.0232539,0.00775129
161,9852.42,0.42481,0.02147,0.02801,0.26332,0.83886,0.99927,1,0.995,0.93539,0.99927,1,0.995,0.995,0.41681,0.01331,0.00872,0.21427,0.83154,0.0232114,0.00773714,0.0232114,0.00773714,0.0232114,0.00773714,0.0232114,0.00773714
162,9913.58,0.42796,0.02613,0.03216,0.26209,0.83771,0.99933,1,0.995,0.92694,0.99933,1,0.995,0.995,0.42668,0.01441,0.00473,0.21701,0.83492,0.023169,0.007723,0.023169,0.007723,0.023169,0.007723,0.023169,0.007723
163,9974.52,0.41889,0.02327,0.03195,0.26179,0.83181,0.99937,1,0.995,0.93312,0.99937,1,0.995,0.995,0.41801,0.01426,0.01985,0.20632,0.8301,0.0231266,0.00770886,0.0231266,0.00770886,0.0231266,0.00770886,0.0231266,0.00770886
164,10035.6,0.41443,0.02323,0.0321,0.25869,0.83899,0.99954,1,0.995,0.93081,0.99954,1,0.995,0.995,0.41406,0.01053,0.03655,0.21202,0.83435,0.0230841,0.00769471,0.0230841,0.00769471,0.0230841,0.00769471,0.0230841,0.00769471
165,10096.6,0.42424,0.02405,0.03263,0.26551,0.83689,0.99944,1,0.995,0.92527,0.99944,1,0.995,0.995,0.41736,0.01152,0.02956,0.21748,0.83752,0.0230417,0.00768057,0.0230417,0.00768057,0.0230417,0.00768057,0.0230417,0.00768057
166,10157.6,0.42975,0.02172,0.03186,0.26515,0.83932,0.99919,1,0.995,0.9334,0.99919,1,0.995,0.995,0.42184,0.01085,0.01952,0.21352,0.83873,0.0229993,0.00766643,0.0229993,0.00766643,0.0229993,0.00766643,0.0229993,0.00766643
167,10218.6,0.42641,0.02417,0.03442,0.26618,0.84035,0.9993,1,0.995,0.92843,0.9993,1,0.995,0.9945,0.41604,0.01566,0.02121,0.20619,0.83135,0.0229569,0.00765229,0.0229569,0.00765229,0.0229569,0.00765229,0.0229569,0.00765229
168,10279.6,0.4131,0.02022,0.03292,0.2599,0.8327,0.99937,1,0.995,0.93036,0.99937,1,0.995,0.99403,0.41236,0.01671,0.01386,0.20737,0.8338,0.0229144,0.00763814,0.0229144,0.00763814,0.0229144,0.00763814,0.0229144,0.00763814
169,10340.8,0.41622,0.02143,0.03197,0.2609,0.83594,0.99929,1,0.995,0.93657,0.99929,1,0.995,0.9934,0.41808,0.02484,0.01766,0.21062,0.8303,0.022872,0.007624,0.022872,0.007624,0.022872,0.007624,0.022872,0.007624
170,10401.7,0.41971,0.02026,0.02917,0.26435,0.83675,0.99929,1,0.995,0.93231,0.99929,1,0.995,0.99446,0.41967,0.01412,0.00577,0.21351,0.83287,0.0228296,0.00760986,0.0228296,0.00760986,0.0228296,0.00760986,0.0228296,0.00760986
171,10462.9,0.41714,0.02387,0.028,0.26327,0.83433,0.99931,1,0.995,0.93144,0.99931,1,0.995,0.995,0.41126,0.01547,0.00711,0.20713,0.83068,0.0227871,0.00759571,0.0227871,0.00759571,0.0227871,0.00759571,0.0227871,0.00759571
172,10524.2,0.42535,0.02438,0.02999,0.26526,0.83966,0.99857,1,0.995,0.93036,0.99857,1,0.995,0.99397,0.41314,0.02109,0.00465,0.20877,0.8328,0.0227447,0.00758157,0.0227447,0.00758157,0.0227447,0.00758157,0.0227447,0.00758157
173,10585.4,0.41684,0.02222,0.03042,0.26197,0.83095,0.99922,1,0.995,0.94015,0.99922,1,0.995,0.995,0.40884,0.01364,0.01907,0.20377,0.83063,0.0227023,0.00756743,0.0227023,0.00756743,0.0227023,0.00756743,0.0227023,0.00756743
174,10646.4,0.41343,0.02052,0.03058,0.25824,0.83138,0.9992,1,0.995,0.9383,0.9992,1,0.995,0.995,0.40492,0.0126,0.02154,0.20579,0.8313,0.0226599,0.00755329,0.0226599,0.00755329,0.0226599,0.00755329,0.0226599,0.00755329
175,10707.4,0.41442,0.01972,0.0314,0.25987,0.83567,0.99862,1,0.995,0.93081,0.99862,1,0.995,0.99444,0.4148,0.01667,0.0016,0.20086,0.83445,0.0226174,0.00753914,0.0226174,0.00753914,0.0226174,0.00753914,0.0226174,0.00753914
176,10768.3,0.41039,0.02217,0.03076,0.2592,0.83249,1,0.99625,0.995,0.9253,1,0.99625,0.995,0.99441,0.417,0.01555,0.00411,0.20556,0.8299,0.022575,0.007525,0.022575,0.007525,0.022575,0.007525,0.022575,0.007525
177,10829.4,0.4104,0.02267,0.0326,0.25774,0.83798,0.9992,1,0.995,0.93229,0.9992,1,0.995,0.995,0.42613,0.01608,0.00075,0.21268,0.83285,0.0225326,0.00751086,0.0225326,0.00751086,0.0225326,0.00751086,0.0225326,0.00751086
178,10890.3,0.40447,0.01946,0.02967,0.25179,0.83364,0.9992,1,0.995,0.92875,0.9992,1,0.995,0.995,0.41952,0.01466,0.04276,0.20447,0.83174,0.0224901,0.00749671,0.0224901,0.00749671,0.0224901,0.00749671,0.0224901,0.00749671
179,10951,0.41075,0.024,0.03074,0.25797,0.83134,0.99906,1,0.995,0.92682,0.99906,1,0.995,0.995,0.41633,0.01263,0.03587,0.20587,0.83196,0.0224477,0.00748257,0.0224477,0.00748257,0.0224477,0.00748257,0.0224477,0.00748257
180,11012,0.41614,0.01926,0.03114,0.26196,0.83881,0.99933,1,0.995,0.93742,0.99933,1,0.995,0.995,0.4142,0.01268,0.00748,0.20669,0.83341,0.0224053,0.00746843,0.0224053,0.00746843,0.0224053,0.00746843,0.0224053,0.00746843
181,11073.1,0.40949,0.02156,0.03006,0.2573,0.83528,0.99926,1,0.995,0.93065,0.99926,1,0.995,0.995,0.41777,0.01401,0.0308,0.20657,0.84178,0.0223629,0.00745429,0.0223629,0.00745429,0.0223629,0.00745429,0.0223629,0.00745429
182,11134.2,0.4178,0.02352,0.03258,0.25811,0.83463,1,0.99911,0.995,0.93295,1,0.99911,0.995,0.995,0.42822,0.01227,0.01091,0.21264,0.83798,0.0223204,0.00744014,0.0223204,0.00744014,0.0223204,0.00744014,0.0223204,0.00744014
183,11194.9,0.40463,0.02155,0.02712,0.25406,0.82875,1,0.99963,0.995,0.92981,1,0.99963,0.995,0.995,0.42478,0.01238,0.02354,0.20892,0.83752,0.022278,0.007426,0.022278,0.007426,0.022278,0.007426,0.022278,0.007426
184,11256,0.40305,0.02093,0.0295,0.25463,0.82941,1,0.99963,0.995,0.93331,1,0.99963,0.995,0.995,0.42989,0.01317,0.02959,0.21147,0.84195,0.0222356,0.00741186,0.0222356,0.00741186,0.0222356,0.00741186,0.0222356,0.00741186
185,11316.8,0.40215,0.01925,0.02974,0.25142,0.8283,1,0.99989,0.995,0.93915,1,0.99989,0.995,0.995,0.41338,0.01423,0.03465,0.20643,0.83324,0.0221931,0.00739771,0.0221931,0.00739771,0.0221931,0.00739771,0.0221931,0.00739771
186,11377.8,0.39822,0.02072,0.02887,0.24994,0.83165,1,0.99968,0.995,0.92685,1,0.99968,0.995,0.995,0.414,0.01409,0.03412,0.20984,0.83127,0.0221507,0.00738357,0.0221507,0.00738357,0.0221507,0.00738357,0.0221507,0.00738357
187,11438.9,0.41448,0.02132,0.03349,0.25713,0.8365,1,0.99928,0.995,0.92971,1,0.99928,0.995,0.995,0.42181,0.01442,0.01165,0.20779,0.83261,0.0221083,0.00736943,0.0221083,0.00736943,0.0221083,0.00736943,0.0221083,0.00736943
188,11499.8,0.41502,0.02038,0.02499,0.2567,0.83234,0.99991,1,0.995,0.92896,0.99991,1,0.995,0.995,0.42392,0.01262,0.01423,0.20785,0.83785,0.0220659,0.00735529,0.0220659,0.00735529,0.0220659,0.00735529,0.0220659,0.00735529
189,11561,0.40506,0.01973,0.03257,0.25368,0.83641,1,0.99998,0.995,0.93364,1,0.99998,0.995,0.995,0.42568,0.01158,0.03115,0.21434,0.83594,0.0220234,0.00734114,0.0220234,0.00734114,0.0220234,0.00734114,0.0220234,0.00734114
190,11621.7,0.40959,0.01951,0.03106,0.25577,0.8363,0.99906,0.9878,0.99488,0.92621,1,0.99953,0.995,0.995,0.42267,0.0143,0.00591,0.21335,0.8347,0.021981,0.007327,0.021981,0.007327,0.021981,0.007327,0.021981,0.007327
191,11682.6,0.40446,0.02054,0.02952,0.25144,0.83536,1,0.99972,0.995,0.92933,1,0.99972,0.995,0.995,0.41489,0.01256,0.01357,0.21266,0.8347,0.0219386,0.00731286,0.0219386,0.00731286,0.0219386,0.00731286,0.0219386,0.00731286
192,11743.2,0.40804,0.02292,0.03077,0.25248,0.83456,0.99902,0.9878,0.99488,0.92597,0.99902,0.9878,0.99488,0.99488,0.41539,0.01378,0.02676,0.2032,0.83654,0.0218961,0.00729871,0.0218961,0.00729871,0.0218961,0.00729871,0.0218961,0.00729871
193,11804.3,0.40909,0.02206,0.02826,0.25424,0.83713,0.99941,1,0.995,0.92998,0.99941,1,0.995,0.995,0.42898,0.01167,0.0132,0.20143,0.83865,0.0218537,0.00728457,0.0218537,0.00728457,0.0218537,0.00728457,0.0218537,0.00728457
194,11865.1,0.3996,0.02172,0.03379,0.24905,0.83738,0.99945,1,0.995,0.92785,0.99945,1,0.995,0.995,0.44051,0.01242,0.0272,0.19788,0.83896,0.0218113,0.00727043,0.0218113,0.00727043,0.0218113,0.00727043,0.0218113,0.00727043
195,11926.3,0.40971,0.02129,0.03149,0.25551,0.83377,0.99962,1,0.995,0.92864,0.99962,1,0.995,0.995,0.42581,0.01239,0.02921,0.2039,0.83747,0.0217689,0.00725629,0.0217689,0.00725629,0.0217689,0.00725629,0.0217689,0.00725629
196,11987.6,0.40003,0.01935,0.02595,0.24898,0.82873,0.99966,1,0.995,0.93362,0.99966,1,0.995,0.995,0.41352,0.01141,0.0147,0.20737,0.83406,0.0217264,0.00724214,0.0217264,0.00724214,0.0217264,0.00724214,0.0217264,0.00724214
197,12048.5,0.40411,0.02023,0.02935,0.25225,0.83432,0.99937,1,0.995,0.93513,0.99937,1,0.995,0.995,0.4267,0.01154,0.00657,0.21071,0.83597,0.021684,0.007228,0.021684,0.007228,0.021684,0.007228,0.021684,0.007228
198,12109.5,0.39899,0.01758,0.03007,0.25175,0.83044,0.99968,1,0.995,0.92876,0.99968,1,0.995,0.995,0.4262,0.0128,0.0156,0.20733,0.83293,0.0216416,0.00721386,0.0216416,0.00721386,0.0216416,0.00721386,0.0216416,0.00721386
199,12170.5,0.40299,0.02201,0.02726,0.25573,0.82649,1,0.99998,0.995,0.9296,1,0.99998,0.995,0.995,0.42494,0.01423,0.00405,0.20866,0.83353,0.0215991,0.00719971,0.0215991,0.00719971,0.0215991,0.00719971,0.0215991,0.00719971
200,12231.6,0.39503,0.02003,0.02779,0.24703,0.83043,1,0.99966,0.995,0.92832,1,0.99966,0.995,0.995,0.4267,0.01256,0.04492,0.21004,0.83131,0.0215567,0.00718557,0.0215567,0.00718557,0.0215567,0.00718557,0.0215567,0.00718557
201,12292.3,0.39212,0.01894,0.02702,0.24801,0.82938,1,0.99928,0.995,0.92558,1,0.99928,0.995,0.995,0.42274,0.01226,0.03435,0.20969,0.83216,0.0215143,0.00717143,0.0215143,0.00717143,0.0215143,0.00717143,0.0215143,0.00717143
202,12353.6,0.39059,0.01939,0.0282,0.24703,0.82555,1,0.99975,0.995,0.93888,1,0.99975,0.995,0.995,0.41508,0.01148,0.01898,0.20043,0.83095,0.0214719,0.00715729,0.0214719,0.00715729,0.0214719,0.00715729,0.0214719,0.00715729
203,12414.4,0.39792,0.02073,0.02934,0.25268,0.83247,0.99927,1,0.995,0.94002,0.99927,1,0.995,0.995,0.41224,0.01084,0.02606,0.20527,0.83311,0.0214294,0.00714314,0.0214294,0.00714314,0.0214294,0.00714314,0.0214294,0.00714314
204,12475.5,0.39659,0.01837,0.02859,0.25096,0.83091,0.99936,1,0.995,0.93213,0.99936,1,0.995,0.995,0.42125,0.01175,0.02759,0.20401,0.83394,0.021387,0.007129,0.021387,0.007129,0.021387,0.007129,0.021387,0.007129
205,12536.6,0.39877,0.02085,0.02661,0.25175,0.82955,1,0.99954,0.995,0.93382,1,0.99954,0.995,0.995,0.40975,0.01032,0.01927,0.20891,0.83058,0.0213446,0.00711486,0.0213446,0.00711486,0.0213446,0.00711486,0.0213446,0.00711486
206,12597.4,0.39465,0.01898,0.02295,0.2533,0.82831,0.99935,0.9878,0.99488,0.9318,0.99935,0.9878,0.99488,0.99488,0.41496,0.01089,0.04475,0.21904,0.83109,0.0213021,0.00710071,0.0213021,0.00710071,0.0213021,0.00710071,0.0213021,0.00710071
207,12658.5,0.39047,0.02003,0.02478,0.24357,0.8306,1,0.99931,0.995,0.93298,1,0.99931,0.995,0.995,0.40961,0.01072,0.02022,0.21289,0.82993,0.0212597,0.00708657,0.0212597,0.00708657,0.0212597,0.00708657,0.0212597,0.00708657
208,12719.4,0.40494,0.02222,0.02765,0.25086,0.83278,0.99971,1,0.995,0.93038,0.99971,1,0.995,0.995,0.41994,0.01143,0.02013,0.21473,0.83081,0.0212173,0.00707243,0.0212173,0.00707243,0.0212173,0.00707243,0.0212173,0.00707243
209,12780.6,0.38959,0.01753,0.02325,0.24721,0.83273,0.99936,1,0.995,0.93309,0.99936,1,0.995,0.995,0.41723,0.01188,0.01315,0.20529,0.83315,0.0211749,0.00705829,0.0211749,0.00705829,0.0211749,0.00705829,0.0211749,0.00705829
210,12841.2,0.38975,0.01986,0.02508,0.24786,0.82615,0.99938,1,0.995,0.93308,0.99938,1,0.995,0.995,0.42183,0.01218,0.00924,0.20589,0.83221,0.0211324,0.00704414,0.0211324,0.00704414,0.0211324,0.00704414,0.0211324,0.00704414
211,12902.5,0.39516,0.01909,0.02539,0.2468,0.8283,0.9995,1,0.995,0.93122,0.9995,1,0.995,0.995,0.42379,0.01225,0.00344,0.20531,0.83263,0.02109,0.00703,0.02109,0.00703,0.02109,0.00703,0.02109,0.00703
212,12963.3,0.39106,0.01816,0.0303,0.24768,0.83274,0.99928,1,0.995,0.92964,0.99928,1,0.995,0.995,0.44458,0.01318,0.00891,0.20682,0.83611,0.0210476,0.00701586,0.0210476,0.00701586,0.0210476,0.00701586,0.0210476,0.00701586
213,13024.4,0.38982,0.01793,0.02693,0.24659,0.83462,0.99927,1,0.995,0.92722,0.99927,1,0.995,0.995,0.43119,0.0133,0.06306,0.20622,0.83596,0.0210051,0.00700171,0.0210051,0.00700171,0.0210051,0.00700171,0.0210051,0.00700171
214,13085.5,0.38527,0.01898,0.02813,0.24328,0.83153,0.99924,1,0.995,0.93632,0.99924,1,0.995,0.995,0.41694,0.01311,0.03904,0.20494,0.83675,0.0209627,0.00698757,0.0209627,0.00698757,0.0209627,0.00698757,0.0209627,0.00698757
215,13146.1,0.39351,0.01794,0.02462,0.24727,0.82894,0.99968,1,0.995,0.92499,0.99968,1,0.995,0.995,0.41773,0.01601,0.0031,0.20328,0.83626,0.0209203,0.00697343,0.0209203,0.00697343,0.0209203,0.00697343,0.0209203,0.00697343
216,13207.8,0.39608,0.01934,0.02546,0.24747,0.82909,1,0.99964,0.995,0.93406,1,0.99964,0.995,0.995,0.41569,0.01523,0.04471,0.20792,0.83439,0.0208779,0.00695929,0.0208779,0.00695929,0.0208779,0.00695929,0.0208779,0.00695929
217,13268.5,0.39542,0.01737,0.02774,0.2485,0.83044,0.9996,1,0.995,0.93525,0.9996,1,0.995,0.995,0.40741,0.01354,0.03731,0.19878,0.83209,0.0208354,0.00694514,0.0208354,0.00694514,0.0208354,0.00694514,0.0208354,0.00694514
218,13329.5,0.38127,0.01776,0.0248,0.24292,0.82686,0.99973,1,0.995,0.93403,0.99973,1,0.995,0.995,0.41052,0.01208,0.05034,0.19785,0.83302,0.020793,0.006931,0.020793,0.006931,0.020793,0.006931,0.020793,0.006931
219,13390.5,0.38173,0.01707,0.02086,0.24088,0.82511,0.99972,1,0.995,0.93358,0.99972,1,0.995,0.99437,0.4106,0.01546,0.0554,0.19748,0.83239,0.0207506,0.00691686,0.0207506,0.00691686,0.0207506,0.00691686,0.0207506,0.00691686
220,13451.5,0.38036,0.01795,0.02562,0.24043,0.82741,1,0.99951,0.995,0.93262,1,0.99951,0.995,0.99445,0.41084,0.01334,0.07487,0.19478,0.83169,0.0207081,0.00690271,0.0207081,0.00690271,0.0207081,0.00690271,0.0207081,0.00690271
221,13512.4,0.39495,0.01708,0.02265,0.24364,0.8304,0.99882,0.9878,0.99476,0.92793,0.99882,0.9878,0.99476,0.99476,0.40853,0.01272,0.02653,0.19846,0.83177,0.0206657,0.00688857,0.0206657,0.00688857,0.0206657,0.00688857,0.0206657,0.00688857
222,13573.5,0.38294,0.01896,0.02927,0.24097,0.83017,0.98714,1,0.99488,0.9351,0.98714,1,0.99488,0.99488,0.39562,0.01275,0.02188,0.19613,0.82992,0.0206233,0.00687443,0.0206233,0.00687443,0.0206233,0.00687443,0.0206233,0.00687443
223,13634.7,0.37403,0.01756,0.0264,0.24052,0.82579,0.9986,1,0.995,0.94082,0.9986,1,0.995,0.99449,0.39473,0.01529,0.04941,0.18856,0.8302,0.0205809,0.00686029,0.0205809,0.00686029,0.0205809,0.00686029,0.0205809,0.00686029
224,13695.6,0.38232,0.0176,0.0213,0.24114,0.82868,0.99929,1,0.995,0.93933,0.99929,1,0.995,0.995,0.40386,0.01341,0.05721,0.19782,0.83212,0.0205384,0.00684614,0.0205384,0.00684614,0.0205384,0.00684614,0.0205384,0.00684614
225,13756.7,0.38463,0.01841,0.02398,0.24439,0.83258,0.99934,1,0.995,0.92827,0.99934,1,0.995,0.995,0.41927,0.01209,0.05551,0.20751,0.83714,0.020496,0.006832,0.020496,0.006832,0.020496,0.006832,0.020496,0.006832
226,13817.3,0.37988,0.01958,0.02438,0.24038,0.82944,0.99925,1,0.995,0.93521,0.99925,1,0.995,0.995,0.40715,0.01123,0.04325,0.20403,0.83426,0.0204536,0.00681786,0.0204536,0.00681786,0.0204536,0.00681786,0.0204536,0.00681786
227,13878.1,0.38268,0.01869,0.02513,0.24212,0.83015,0.9993,1,0.995,0.92874,0.9993,1,0.995,0.995,0.41616,0.01067,0.05627,0.19446,0.83776,0.0204111,0.00680371,0.0204111,0.00680371,0.0204111,0.00680371,0.0204111,0.00680371
228,13938.7,0.37153,0.01685,0.02332,0.23462,0.82273,0.99939,1,0.995,0.93066,0.99939,1,0.995,0.995,0.40703,0.01105,0.04134,0.19559,0.83582,0.0203687,0.00678957,0.0203687,0.00678957,0.0203687,0.00678957,0.0203687,0.00678957
229,14000,0.37699,0.02182,0.02575,0.23755,0.82621,0.99949,1,0.995,0.92974,0.99949,1,0.995,0.995,0.41083,0.0108,0.03212,0.19636,0.83646,0.0203263,0.00677543,0.0203263,0.00677543,0.0203263,0.00677543,0.0203263,0.00677543
230,14060.9,0.38359,0.01845,0.02194,0.24324,0.82234,0.99921,1,0.995,0.92558,0.99921,1,0.995,0.995,0.42151,0.01087,0.03581,0.20362,0.8371,0.0202839,0.00676129,0.0202839,0.00676129,0.0202839,0.00676129,0.0202839,0.00676129
231,14122.1,0.38324,0.01865,0.0269,0.23789,0.82523,0.9992,1,0.995,0.9345,0.9992,1,0.995,0.995,0.41302,0.01025,0.03198,0.20108,0.83651,0.0202414,0.00674714,0.0202414,0.00674714,0.0202414,0.00674714,0.0202414,0.00674714
232,14183.3,0.37807,0.01916,0.02549,0.23727,0.82313,0.99922,1,0.995,0.9273,0.99922,1,0.995,0.995,0.41344,0.00932,0.04756,0.20695,0.83502,0.020199,0.006733,0.020199,0.006733,0.020199,0.006733,0.020199,0.006733
233,14244.2,0.38062,0.01852,0.02647,0.23965,0.82405,0.99925,1,0.995,0.92821,0.99925,1,0.995,0.995,0.41619,0.00994,0.03991,0.20492,0.83582,0.0201566,0.00671886,0.0201566,0.00671886,0.0201566,0.00671886,0.0201566,0.00671886
234,14305.4,0.37773,0.01776,0.02848,0.23788,0.82718,0.99977,1,0.995,0.93506,0.99977,1,0.995,0.995,0.41961,0.01127,0.04197,0.20851,0.83454,0.0201141,0.00670471,0.0201141,0.00670471,0.0201141,0.00670471,0.0201141,0.00670471
235,14366.3,0.37917,0.01981,0.0312,0.23664,0.82677,0.99946,1,0.995,0.92981,0.99946,1,0.995,0.995,0.42058,0.01073,0.02873,0.20632,0.83577,0.0200717,0.00669057,0.0200717,0.00669057,0.0200717,0.00669057,0.0200717,0.00669057
236,14427.6,0.38429,0.01854,0.0273,0.23692,0.82857,0.99927,1,0.995,0.92814,0.99927,1,0.995,0.995,0.41121,0.01141,0.03341,0.20676,0.83215,0.0200293,0.00667643,0.0200293,0.00667643,0.0200293,0.00667643,0.0200293,0.00667643
237,14488.5,0.37481,0.02009,0.02554,0.23683,0.82612,0.99821,1,0.995,0.93154,0.99821,1,0.995,0.995,0.41537,0.01151,0.04608,0.20771,0.83288,0.0199869,0.00666229,0.0199869,0.00666229,0.0199869,0.00666229,0.0199869,0.00666229
238,14549.6,0.37781,0.01869,0.0256,0.23999,0.8264,0.9997,1,0.995,0.93148,0.9997,1,0.995,0.995,0.41434,0.01134,0.05911,0.20788,0.82936,0.0199444,0.00664814,0.0199444,0.00664814,0.0199444,0.00664814,0.0199444,0.00664814
239,14610.4,0.38216,0.0199,0.02419,0.2401,0.82445,0.99901,1,0.995,0.9252,0.99901,1,0.995,0.995,0.41991,0.01051,0.05786,0.20314,0.8277,0.019902,0.006634,0.019902,0.006634,0.019902,0.006634,0.019902,0.006634
240,14671.6,0.37564,0.01793,0.02323,0.23436,0.82405,0.99922,1,0.995,0.93614,0.99922,1,0.995,0.995,0.41279,0.01064,0.05726,0.20124,0.83268,0.0198596,0.00661986,0.0198596,0.00661986,0.0198596,0.00661986,0.0198596,0.00661986
241,14732.9,0.37777,0.01768,0.02541,0.23835,0.82768,0.99911,1,0.995,0.93772,0.99911,1,0.995,0.995,0.41367,0.01084,0.06935,0.19994,0.83384,0.0198171,0.00660571,0.0198171,0.00660571,0.0198171,0.00660571,0.0198171,0.00660571
242,14793.9,0.38146,0.018,0.02711,0.24025,0.82836,0.99988,1,0.995,0.93446,0.99988,1,0.995,0.995,0.41148,0.01143,0.081,0.20213,0.83315,0.0197747,0.00659157,0.0197747,0.00659157,0.0197747,0.00659157,0.0197747,0.00659157
243,14855,0.3734,0.01611,0.02186,0.23681,0.82157,0.99878,0.9878,0.99488,0.93677,0.99878,0.9878,0.99488,0.99488,0.41436,0.01142,0.08008,0.20384,0.83362,0.0197323,0.00657743,0.0197323,0.00657743,0.0197323,0.00657743,0.0197323,0.00657743
244,14915.7,0.368,0.01862,0.02537,0.23439,0.82533,0.99928,1,0.995,0.93769,0.99928,1,0.995,0.995,0.41309,0.01067,0.06453,0.20263,0.83419,0.0196899,0.00656329,0.0196899,0.00656329,0.0196899,0.00656329,0.0196899,0.00656329
245,14976.9,0.37831,0.01734,0.02494,0.23303,0.82272,0.99891,1,0.995,0.92752,0.99891,1,0.995,0.995,0.4154,0.01045,0.05091,0.20313,0.83245,0.0196474,0.00654914,0.0196474,0.00654914,0.0196474,0.00654914,0.0196474,0.00654914
246,15037.7,0.37758,0.01904,0.02743,0.23965,0.82894,0.99948,1,0.995,0.93207,0.99948,1,0.995,0.995,0.41876,0.01038,0.04247,0.20287,0.83254,0.019605,0.006535,0.019605,0.006535,0.019605,0.006535,0.019605,0.006535
247,15099.2,0.3772,0.01729,0.02442,0.23868,0.82781,0.99947,1,0.995,0.92949,0.99947,1,0.995,0.995,0.41441,0.01101,0.0407,0.21135,0.8316,0.0195626,0.00652086,0.0195626,0.00652086,0.0195626,0.00652086,0.0195626,0.00652086
248,15160.1,0.36961,0.01678,0.02865,0.23557,0.82284,0.99941,0.9878,0.99488,0.92816,0.99941,0.9878,0.99488,0.99467,0.41603,0.01182,0.038,0.21705,0.83326,0.0195201,0.00650671,0.0195201,0.00650671,0.0195201,0.00650671,0.0195201,0.00650671
249,15221.3,0.3627,0.01728,0.02579,0.23263,0.82264,0.99981,0.9878,0.99476,0.93535,0.99981,0.9878,0.99476,0.99476,0.41676,0.01284,0.0302,0.22362,0.8325,0.0194777,0.00649257,0.0194777,0.00649257,0.0194777,0.00649257,0.0194777,0.00649257
250,15282.5,0.37455,0.01887,0.02333,0.2378,0.8239,0.9992,0.9878,0.99476,0.93811,0.9992,0.9878,0.99476,0.99476,0.41213,0.0125,0.04027,0.20545,0.83038,0.0194353,0.00647843,0.0194353,0.00647843,0.0194353,0.00647843,0.0194353,0.00647843
251,15343.5,0.366,0.01585,0.02621,0.22964,0.82683,0.99904,1,0.995,0.93719,0.99904,1,0.995,0.995,0.41251,0.01162,0.03482,0.20176,0.82816,0.0193929,0.00646429,0.0193929,0.00646429,0.0193929,0.00646429,0.0193929,0.00646429
252,15404.7,0.3675,0.01647,0.0207,0.22871,0.82329,0.99916,1,0.995,0.93753,0.99916,1,0.995,0.995,0.40854,0.01066,0.03398,0.20149,0.82688,0.0193504,0.00645014,0.0193504,0.00645014,0.0193504,0.00645014,0.0193504,0.00645014
253,15465.8,0.37263,0.01742,0.02233,0.23207,0.82238,0.99747,1,0.995,0.93374,0.99747,1,0.995,0.995,0.40686,0.01073,0.03205,0.19806,0.82604,0.019308,0.006436,0.019308,0.006436,0.019308,0.006436,0.019308,0.006436
254,15527,0.36576,0.01719,0.02334,0.23123,0.82022,0.99769,1,0.995,0.94306,0.99769,1,0.995,0.995,0.40637,0.01117,0.03926,0.19695,0.82694,0.0192656,0.00642186,0.0192656,0.00642186,0.0192656,0.00642186,0.0192656,0.00642186
255,15587.9,0.36888,0.01671,0.02523,0.23289,0.82353,0.99816,1,0.995,0.93914,0.99816,1,0.995,0.995,0.40762,0.0116,0.05192,0.19603,0.82865,0.0192231,0.00640771,0.0192231,0.00640771,0.0192231,0.00640771,0.0192231,0.00640771
256,15649,0.36837,0.01669,0.02341,0.23228,0.82104,0.99862,1,0.995,0.94294,0.99862,1,0.995,0.995,0.40569,0.01261,0.04949,0.19209,0.83049,0.0191807,0.00639357,0.0191807,0.00639357,0.0191807,0.00639357,0.0191807,0.00639357
257,15709.9,0.36921,0.01688,0.02688,0.23312,0.82553,0.99886,1,0.995,0.93696,0.99886,1,0.995,0.995,0.40882,0.01193,0.05366,0.19175,0.83153,0.0191383,0.00637943,0.0191383,0.00637943,0.0191383,0.00637943,0.0191383,0.00637943
258,15771.2,0.37196,0.01646,0.02585,0.23455,0.8216,0.99831,1,0.995,0.93354,0.99831,1,0.995,0.995,0.41113,0.01136,0.05706,0.19293,0.83235,0.0190959,0.00636529,0.0190959,0.00636529,0.0190959,0.00636529,0.0190959,0.00636529
259,15832.3,0.36658,0.0152,0.0229,0.22711,0.82292,0.99887,1,0.995,0.93262,0.99887,1,0.995,0.995,0.41412,0.01199,0.06539,0.1937,0.83558,0.0190534,0.00635114,0.0190534,0.00635114,0.0190534,0.00635114,0.0190534,0.00635114
260,15893.2,0.3658,0.01842,0.0255,0.23111,0.82178,0.99919,1,0.995,0.93056,0.99919,1,0.995,0.995,0.41636,0.01187,0.07474,0.19702,0.83561,0.019011,0.006337,0.019011,0.006337,0.019011,0.006337,0.019011,0.006337
261,15954.3,0.36141,0.01653,0.02572,0.22964,0.81943,0.99923,1,0.995,0.93484,0.99923,1,0.995,0.995,0.41953,0.01214,0.08004,0.19856,0.83524,0.0189686,0.00632286,0.0189686,0.00632286,0.0189686,0.00632286,0.0189686,0.00632286
262,16015.3,0.36347,0.01675,0.02144,0.22892,0.82215,0.99923,1,0.995,0.93871,0.99923,1,0.995,0.995,0.41446,0.01224,0.07675,0.19423,0.83605,0.0189261,0.00630871,0.0189261,0.00630871,0.0189261,0.00630871,0.0189261,0.00630871
263,16076.3,0.36482,0.01728,0.02454,0.23015,0.82754,0.9993,1,0.995,0.9408,0.9993,1,0.995,0.995,0.41884,0.01188,0.07875,0.19047,0.83571,0.0188837,0.00629457,0.0188837,0.00629457,0.0188837,0.00629457,0.0188837,0.00629457
264,16137.1,0.36383,0.01782,0.02892,0.22886,0.82208,0.99922,1,0.995,0.93404,0.99922,1,0.995,0.995,0.41761,0.01107,0.07982,0.19255,0.83487,0.0188413,0.00628043,0.0188413,0.00628043,0.0188413,0.00628043,0.0188413,0.00628043
265,16198.3,0.3687,0.02189,0.02414,0.23428,0.82405,0.99908,1,0.995,0.93517,0.99908,1,0.995,0.995,0.41617,0.01102,0.06163,0.1949,0.8339,0.0187989,0.00626629,0.0187989,0.00626629,0.0187989,0.00626629,0.0187989,0.00626629
266,16259.3,0.36587,0.01889,0.02256,0.23195,0.82706,0.99896,1,0.995,0.93714,0.99896,1,0.995,0.995,0.41776,0.01035,0.06614,0.19353,0.83499,0.0187564,0.00625214,0.0187564,0.00625214,0.0187564,0.00625214,0.0187564,0.00625214
267,16320.5,0.35427,0.0165,0.02161,0.2291,0.81743,0.99914,1,0.995,0.92883,0.99914,1,0.995,0.995,0.4209,0.01097,0.05706,0.18749,0.83733,0.018714,0.006238,0.018714,0.006238,0.018714,0.006238,0.018714,0.006238
268,16381.7,0.3621,0.01583,0.02313,0.22861,0.81794,0.99931,1,0.995,0.92941,0.99931,1,0.995,0.995,0.41932,0.01117,0.04964,0.19413,0.8377,0.0186716,0.00622386,0.0186716,0.00622386,0.0186716,0.00622386,0.0186716,0.00622386
269,16442.5,0.36029,0.01444,0.02205,0.22932,0.82176,0.99932,1,0.995,0.92888,0.99932,1,0.995,0.995,0.42066,0.01076,0.03736,0.19476,0.83684,0.0186291,0.00620971,0.0186291,0.00620971,0.0186291,0.00620971,0.0186291,0.00620971
270,16504,0.36202,0.01593,0.02227,0.22864,0.82146,0.99924,1,0.995,0.92987,0.99924,1,0.995,0.995,0.42169,0.01011,0.04903,0.19726,0.83703,0.0185867,0.00619557,0.0185867,0.00619557,0.0185867,0.00619557,0.0185867,0.00619557
271,16564.9,0.35773,0.01591,0.0259,0.2278,0.82251,0.99925,1,0.995,0.93325,0.99925,1,0.995,0.995,0.418,0.0101,0.03593,0.20067,0.83677,0.0185443,0.00618143,0.0185443,0.00618143,0.0185443,0.00618143,0.0185443,0.00618143
272,16626.1,0.36567,0.01653,0.02813,0.22972,0.82107,0.9992,1,0.995,0.93126,0.9992,1,0.995,0.995,0.41834,0.01018,0.03657,0.19685,0.83623,0.0185019,0.00616729,0.0185019,0.00616729,0.0185019,0.00616729,0.0185019,0.00616729
273,16686.9,0.35617,0.01702,0.02588,0.22489,0.82403,0.99909,1,0.995,0.93441,0.99909,1,0.995,0.995,0.4101,0.00983,0.03783,0.19669,0.83513,0.0184594,0.00615314,0.0184594,0.00615314,0.0184594,0.00615314,0.0184594,0.00615314
274,16748.1,0.35445,0.01522,0.02364,0.22539,0.81959,0.99928,1,0.995,0.93882,0.99928,1,0.995,0.995,0.40871,0.00946,0.03805,0.19645,0.83401,0.018417,0.006139,0.018417,0.006139,0.018417,0.006139,0.018417,0.006139
275,16809,0.3572,0.01573,0.02157,0.22834,0.82032,0.99939,1,0.995,0.93299,0.99939,1,0.995,0.995,0.40568,0.00978,0.05181,0.1938,0.83329,0.0183746,0.00612486,0.0183746,0.00612486,0.0183746,0.00612486,0.0183746,0.00612486
276,16870.2,0.3604,0.01497,0.02383,0.22905,0.82367,0.99949,1,0.995,0.93614,0.99949,1,0.995,0.995,0.40303,0.01001,0.03692,0.1896,0.83179,0.0183321,0.00611071,0.0183321,0.00611071,0.0183321,0.00611071,0.0183321,0.00611071
277,16931.3,0.36153,0.01692,0.02446,0.22678,0.82271,0.99945,1,0.995,0.93534,0.99945,1,0.995,0.995,0.40722,0.00976,0.03525,0.19167,0.83113,0.0182897,0.00609657,0.0182897,0.00609657,0.0182897,0.00609657,0.0182897,0.00609657
278,16992.4,0.35977,0.02073,0.02494,0.23056,0.82403,0.99935,1,0.995,0.93636,0.99935,1,0.995,0.995,0.41394,0.00964,0.03365,0.19271,0.83554,0.0182473,0.00608243,0.0182473,0.00608243,0.0182473,0.00608243,0.0182473,0.00608243
279,17053.6,0.35794,0.0153,0.02566,0.2321,0.81757,0.99928,1,0.995,0.93892,0.99928,1,0.995,0.995,0.41129,0.00979,0.02901,0.19352,0.83658,0.0182049,0.00606829,0.0182049,0.00606829,0.0182049,0.00606829,0.0182049,0.00606829
280,17114.5,0.3551,0.01648,0.02341,0.22357,0.81659,0.99919,1,0.995,0.93438,0.99919,1,0.995,0.995,0.40693,0.0097,0.034,0.19179,0.83483,0.0181624,0.00605414,0.0181624,0.00605414,0.0181624,0.00605414,0.0181624,0.00605414
281,17175.6,0.34999,0.01573,0.01954,0.22187,0.81677,0.98673,1,0.99488,0.92979,0.98673,1,0.99488,0.99488,0.41033,0.00978,0.02721,0.18604,0.83283,0.01812,0.00604,0.01812,0.00604,0.01812,0.00604,0.01812,0.00604
282,17236.7,0.35283,0.01522,0.02428,0.22414,0.81646,0.98696,1,0.99488,0.93083,0.98696,1,0.99488,0.99488,0.40851,0.00962,0.03006,0.19432,0.83386,0.0180776,0.00602586,0.0180776,0.00602586,0.0180776,0.00602586,0.0180776,0.00602586
283,17297.9,0.34736,0.01723,0.02435,0.22217,0.8183,0.99994,1,0.995,0.93023,0.99994,1,0.995,0.995,0.41299,0.00918,0.03875,0.18817,0.8338,0.0180351,0.00601171,0.0180351,0.00601171,0.0180351,0.00601171,0.0180351,0.00601171
284,17358.9,0.34925,0.01527,0.02364,0.22363,0.82177,0.99938,1,0.995,0.93089,0.99938,1,0.995,0.995,0.40891,0.00938,0.04,0.18977,0.83201,0.0179927,0.00599757,0.0179927,0.00599757,0.0179927,0.00599757,0.0179927,0.00599757
285,17420,0.34491,0.01617,0.0264,0.22013,0.82252,0.99932,1,0.995,0.937,0.99932,1,0.995,0.995,0.40994,0.00949,0.02519,0.18688,0.83142,0.0179503,0.00598343,0.0179503,0.00598343,0.0179503,0.00598343,0.0179503,0.00598343
286,17481.2,0.34526,0.01531,0.02144,0.2248,0.82142,0.99924,1,0.995,0.93581,0.99924,1,0.995,0.995,0.40952,0.00971,0.02221,0.19197,0.83312,0.0179079,0.00596929,0.0179079,0.00596929,0.0179079,0.00596929,0.0179079,0.00596929
287,17541.8,0.34939,0.0154,0.02366,0.22346,0.81898,0.99913,1,0.995,0.93284,0.99913,1,0.995,0.995,0.41293,0.00998,0.03396,0.19148,0.83394,0.0178654,0.00595514,0.0178654,0.00595514,0.0178654,0.00595514,0.0178654,0.00595514
288,17602.9,0.34618,0.01479,0.02279,0.22314,0.81753,0.99904,1,0.995,0.93047,0.99904,1,0.995,0.995,0.41844,0.00963,0.03553,0.18961,0.83452,0.017823,0.005941,0.017823,0.005941,0.017823,0.005941,0.017823,0.005941
289,17663.8,0.34732,0.01507,0.02082,0.22119,0.82086,0.99933,1,0.995,0.93543,0.99933,1,0.995,0.995,0.42382,0.00988,0.04365,0.19422,0.83392,0.0177806,0.00592686,0.0177806,0.00592686,0.0177806,0.00592686,0.0177806,0.00592686
290,17724.9,0.34912,0.01535,0.02123,0.21992,0.82184,0.99938,1,0.995,0.93373,0.99938,1,0.995,0.995,0.42253,0.00998,0.04695,0.19227,0.83382,0.0177381,0.00591271,0.0177381,0.00591271,0.0177381,0.00591271,0.0177381,0.00591271
291,17785.7,0.34526,0.01564,0.02688,0.22051,0.81486,0.99933,1,0.995,0.93249,0.99933,1,0.995,0.995,0.42344,0.01027,0.05673,0.19433,0.83338,0.0176957,0.00589857,0.0176957,0.00589857,0.0176957,0.00589857,0.0176957,0.00589857
292,17847,0.34545,0.01434,0.02356,0.2195,0.8195,0.99936,1,0.995,0.93721,0.99936,1,0.995,0.995,0.42062,0.01035,0.06541,0.18994,0.8327,0.0176533,0.00588443,0.0176533,0.00588443,0.0176533,0.00588443,0.0176533,0.00588443
293,17907.9,0.35251,0.01521,0.02244,0.22578,0.82162,0.99932,1,0.995,0.93623,0.99932,1,0.995,0.995,0.41963,0.01033,0.06653,0.18482,0.83337,0.0176109,0.00587029,0.0176109,0.00587029,0.0176109,0.00587029,0.0176109,0.00587029
294,17969,0.34857,0.01559,0.02387,0.22543,0.81716,0.99934,1,0.995,0.93515,0.99934,1,0.995,0.995,0.41818,0.01009,0.04958,0.1897,0.83343,0.0175684,0.00585614,0.0175684,0.00585614,0.0175684,0.00585614,0.0175684,0.00585614
295,18030.3,0.34155,0.01689,0.02263,0.22259,0.81915,1,1,0.995,0.93684,1,1,0.995,0.995,0.41337,0.01003,0.03967,0.18899,0.83076,0.017526,0.005842,0.017526,0.005842,0.017526,0.005842,0.017526,0.005842
296,18091.2,0.34765,0.01577,0.02083,0.22218,0.82209,1,1,0.995,0.93054,1,1,0.995,0.995,0.41743,0.01011,0.04635,0.19348,0.82965,0.0174836,0.00582786,0.0174836,0.00582786,0.0174836,0.00582786,0.0174836,0.00582786
297,18152.4,0.34747,0.01641,0.02716,0.22093,0.81881,0.99937,1,0.995,0.93051,0.99937,1,0.995,0.995,0.42238,0.00993,0.04714,0.19498,0.83154,0.0174411,0.00581371,0.0174411,0.00581371,0.0174411,0.00581371,0.0174411,0.00581371
298,18213.3,0.33443,0.01453,0.01751,0.21422,0.81413,1,1,0.995,0.92857,1,1,0.995,0.995,0.42532,0.00988,0.04884,0.19135,0.83179,0.0173987,0.00579957,0.0173987,0.00579957,0.0173987,0.00579957,0.0173987,0.00579957
299,18274.5,0.34014,0.01617,0.02513,0.22178,0.82089,0.99938,1,0.995,0.93024,0.99938,1,0.995,0.995,0.4245,0.01077,0.04961,0.18944,0.82993,0.0173563,0.00578543,0.0173563,0.00578543,0.0173563,0.00578543,0.0173563,0.00578543
300,18335.5,0.34807,0.01634,0.02244,0.2224,0.82347,0.9994,1,0.995,0.93186,0.9994,1,0.995,0.995,0.41775,0.01046,0.03609,0.19021,0.82939,0.0173139,0.00577129,0.0173139,0.00577129,0.0173139,0.00577129,0.0173139,0.00577129
301,18396.6,0.34194,0.01615,0.0182,0.2194,0.81598,0.99939,1,0.995,0.93349,0.99939,1,0.995,0.995,0.42035,0.00974,0.02994,0.19114,0.8304,0.0172714,0.00575714,0.0172714,0.00575714,0.0172714,0.00575714,0.0172714,0.00575714
302,18457.6,0.3417,0.01526,0.01979,0.21737,0.81357,0.99938,1,0.995,0.93929,0.99938,1,0.995,0.995,0.42011,0.00978,0.03868,0.19247,0.83134,0.017229,0.005743,0.017229,0.005743,0.017229,0.005743,0.017229,0.005743
303,18518.7,0.3364,0.01769,0.02839,0.21591,0.81495,0.99935,1,0.995,0.93653,0.99935,1,0.995,0.995,0.42055,0.01006,0.05022,0.18731,0.83244,0.0171866,0.00572886,0.0171866,0.00572886,0.0171866,0.00572886,0.0171866,0.00572886
304,18580,0.34128,0.01617,0.0261,0.21625,0.81747,0.99933,1,0.995,0.93539,0.99933,1,0.995,0.995,0.42104,0.00978,0.04966,0.18503,0.83181,0.0171441,0.00571471,0.0171441,0.00571471,0.0171441,0.00571471,0.0171441,0.00571471
305,18641,0.3365,0.01567,0.02155,0.21567,0.81686,0.99932,1,0.995,0.93027,0.99932,1,0.995,0.995,0.4204,0.00984,0.04476,0.19217,0.83165,0.0171017,0.00570057,0.0171017,0.00570057,0.0171017,0.00570057,0.0171017,0.00570057
306,18702.2,0.34744,0.01503,0.02716,0.22178,0.82168,0.99933,1,0.995,0.92871,0.99933,1,0.995,0.995,0.41817,0.00987,0.04778,0.18509,0.83179,0.0170593,0.00568643,0.0170593,0.00568643,0.0170593,0.00568643,0.0170593,0.00568643
307,18763.2,0.34409,0.01947,0.02681,0.21966,0.82223,0.99932,1,0.995,0.92699,0.99932,1,0.995,0.995,0.41736,0.00982,0.05815,0.18468,0.83227,0.0170169,0.00567229,0.0170169,0.00567229,0.0170169,0.00567229,0.0170169,0.00567229
308,18824.2,0.33964,0.01597,0.02169,0.2178,0.81468,0.99926,1,0.995,0.92857,0.99926,1,0.995,0.995,0.4124,0.00968,0.07512,0.1806,0.83248,0.0169744,0.00565814,0.0169744,0.00565814,0.0169744,0.00565814,0.0169744,0.00565814
309,18884.9,0.33311,0.01365,0.02422,0.21283,0.81913,0.99922,1,0.995,0.93015,0.99922,1,0.995,0.995,0.4119,0.00959,0.08179,0.18554,0.83171,0.016932,0.005644,0.016932,0.005644,0.016932,0.005644,0.016932,0.005644
310,18946,0.34101,0.01566,0.02375,0.21816,0.81605,0.99928,1,0.995,0.9272,0.99928,1,0.995,0.995,0.41077,0.00937,0.07784,0.18797,0.83187,0.0168896,0.00562986,0.0168896,0.00562986,0.0168896,0.00562986,0.0168896,0.00562986
311,19006.9,0.33034,0.01365,0.01947,0.21116,0.81241,0.99931,1,0.995,0.92894,0.99931,1,0.995,0.995,0.40916,0.00903,0.07716,0.18883,0.83372,0.0168471,0.00561571,0.0168471,0.00561571,0.0168471,0.00561571,0.0168471,0.00561571
312,19068,0.3297,0.01549,0.02281,0.21396,0.81649,0.99934,1,0.995,0.93152,0.99934,1,0.995,0.995,0.41074,0.00915,0.08993,0.1907,0.83307,0.0168047,0.00560157,0.0168047,0.00560157,0.0168047,0.00560157,0.0168047,0.00560157
313,19129,0.3328,0.01433,0.01955,0.21708,0.8126,0.99933,1,0.995,0.93078,0.99933,1,0.995,0.995,0.41343,0.00905,0.0823,0.18916,0.83283,0.0167623,0.00558743,0.0167623,0.00558743,0.0167623,0.00558743,0.0167623,0.00558743
314,19189.9,0.33373,0.01518,0.01809,0.21401,0.8205,0.99932,1,0.995,0.92665,0.99932,1,0.995,0.995,0.41903,0.00895,0.07577,0.19321,0.83338,0.0167199,0.00557329,0.0167199,0.00557329,0.0167199,0.00557329,0.0167199,0.00557329
315,19251,0.32984,0.01399,0.01602,0.21404,0.81726,0.99932,1,0.995,0.92595,0.99932,1,0.995,0.995,0.42269,0.00929,0.06295,0.19502,0.8329,0.0166774,0.00555914,0.0166774,0.00555914,0.0166774,0.00555914,0.0166774,0.00555914
316,19311.8,0.33525,0.01752,0.02348,0.2174,0.81983,0.99932,1,0.995,0.92604,0.99932,1,0.995,0.995,0.42204,0.00965,0.05018,0.19394,0.8323,0.016635,0.005545,0.016635,0.005545,0.016635,0.005545,0.016635,0.005545
317,19372.7,0.33569,0.01459,0.02095,0.21663,0.81427,0.99933,1,0.995,0.92675,0.99933,1,0.995,0.995,0.41882,0.00981,0.04225,0.18909,0.83208,0.0165926,0.00553086,0.0165926,0.00553086,0.0165926,0.00553086,0.0165926,0.00553086
318,19433.3,0.33786,0.01337,0.01996,0.21871,0.81946,0.99934,1,0.995,0.92622,0.99934,1,0.995,0.995,0.41848,0.00977,0.03698,0.18706,0.83121,0.0165501,0.00551671,0.0165501,0.00551671,0.0165501,0.00551671,0.0165501,0.00551671
319,19494.5,0.33363,0.01502,0.02569,0.21535,0.82008,0.99935,1,0.995,0.92619,0.99935,1,0.995,0.995,0.41607,0.01008,0.03792,0.19007,0.82978,0.0165077,0.00550257,0.0165077,0.00550257,0.0165077,0.00550257,0.0165077,0.00550257
320,19555.3,0.3367,0.01401,0.01987,0.21431,0.81671,0.99937,1,0.995,0.9275,0.99937,1,0.995,0.995,0.41641,0.01024,0.04317,0.18759,0.82903,0.0164653,0.00548843,0.0164653,0.00548843,0.0164653,0.00548843,0.0164653,0.00548843
321,19616.3,0.33672,0.01668,0.02117,0.21562,0.81671,0.99937,1,0.995,0.92584,0.99937,1,0.995,0.995,0.41512,0.01012,0.04151,0.1894,0.82888,0.0164229,0.00547429,0.0164229,0.00547429,0.0164229,0.00547429,0.0164229,0.00547429
322,19677.4,0.32756,0.0141,0.01955,0.21216,0.81127,0.99937,1,0.995,0.92619,0.99937,1,0.995,0.995,0.41222,0.01014,0.0457,0.18977,0.82902,0.0163804,0.00546014,0.0163804,0.00546014,0.0163804,0.00546014,0.0163804,0.00546014
323,19738.4,0.32746,0.01621,0.0193,0.20949,0.81535,0.99932,1,0.995,0.92513,0.99932,1,0.995,0.995,0.4103,0.01018,0.053,0.1901,0.82876,0.016338,0.005446,0.016338,0.005446,0.016338,0.005446,0.016338,0.005446
324,19799,0.32459,0.01761,0.0245,0.21092,0.81499,0.99936,1,0.995,0.92799,0.99936,1,0.995,0.995,0.40802,0.01003,0.05555,0.19016,0.82873,0.0162956,0.00543186,0.0162956,0.00543186,0.0162956,0.00543186,0.0162956,0.00543186
325,19859.5,0.33099,0.01503,0.02227,0.21093,0.81436,0.99941,1,0.995,0.92933,0.99941,1,0.995,0.995,0.40965,0.01012,0.05586,0.18619,0.82787,0.0162531,0.00541771,0.0162531,0.00541771,0.0162531,0.00541771,0.0162531,0.00541771
326,19920.6,0.33822,0.01568,0.0224,0.21552,0.82037,0.9994,1,0.995,0.92722,0.9994,1,0.995,0.995,0.40959,0.01041,0.06048,0.18619,0.8285,0.0162107,0.00540357,0.0162107,0.00540357,0.0162107,0.00540357,0.0162107,0.00540357
327,19981.3,0.32319,0.01507,0.01994,0.20873,0.80939,0.99938,1,0.995,0.92761,0.99938,1,0.995,0.995,0.40923,0.0104,0.06723,0.18887,0.82764,0.0161683,0.00538943,0.0161683,0.00538943,0.0161683,0.00538943,0.0161683,0.00538943
328,20042.4,0.33382,0.01354,0.02075,0.21681,0.81601,0.99936,1,0.995,0.92617,0.99936,1,0.995,0.995,0.41049,0.01002,0.06421,0.19262,0.82771,0.0161259,0.00537529,0.0161259,0.00537529,0.0161259,0.00537529,0.0161259,0.00537529
329,20103.2,0.33793,0.0141,0.02007,0.21887,0.81787,0.99938,1,0.995,0.92452,0.99938,1,0.995,0.995,0.413,0.00963,0.05861,0.18759,0.82676,0.0160834,0.00536114,0.0160834,0.00536114,0.0160834,0.00536114,0.0160834,0.00536114
330,20164.4,0.3327,0.01404,0.02038,0.21266,0.81429,0.99939,1,0.995,0.92521,0.99939,1,0.995,0.995,0.41317,0.00956,0.05714,0.18827,0.82697,0.016041,0.005347,0.016041,0.005347,0.016041,0.005347,0.016041,0.005347
331,20225.6,0.32754,0.01419,0.02168,0.21261,0.82178,0.9994,1,0.995,0.9264,0.9994,1,0.995,0.995,0.41042,0.0096,0.04242,0.19216,0.82701,0.0159986,0.00533286,0.0159986,0.00533286,0.0159986,0.00533286,0.0159986,0.00533286
332,20286.4,0.33426,0.01327,0.01964,0.21395,0.81799,0.99943,1,0.995,0.93018,0.99943,1,0.995,0.995,0.41146,0.00979,0.04028,0.19139,0.82824,0.0159561,0.00531871,0.0159561,0.00531871,0.0159561,0.00531871,0.0159561,0.00531871
333,20347.5,0.3346,0.01452,0.01634,0.21461,0.81586,0.99944,1,0.995,0.9273,0.99944,1,0.995,0.995,0.41125,0.01003,0.04212,0.18818,0.82903,0.0159137,0.00530457,0.0159137,0.00530457,0.0159137,0.00530457,0.0159137,0.00530457
334,20408.3,0.33139,0.0134,0.01817,0.21323,0.81588,0.99938,1,0.995,0.93115,0.99938,1,0.995,0.995,0.40914,0.01006,0.04198,0.18877,0.82962,0.0158713,0.00529043,0.0158713,0.00529043,0.0158713,0.00529043,0.0158713,0.00529043
335,20469.4,0.32265,0.01526,0.02305,0.20953,0.81461,0.99932,1,0.995,0.92938,0.99932,1,0.995,0.995,0.40867,0.01042,0.04177,0.18558,0.83027,0.0158289,0.00527629,0.0158289,0.00527629,0.0158289,0.00527629,0.0158289,0.00527629
336,20529.9,0.32304,0.01319,0.01927,0.20903,0.81429,0.99928,1,0.995,0.92873,0.99928,1,0.995,0.995,0.40778,0.01048,0.04252,0.1861,0.83153,0.0157864,0.00526214,0.0157864,0.00526214,0.0157864,0.00526214,0.0157864,0.00526214
337,20590.7,0.3354,0.01463,0.01969,0.21615,0.82116,0.99917,1,0.995,0.92857,0.99917,1,0.995,0.995,0.40709,0.01049,0.0403,0.18718,0.8322,0.015744,0.005248,0.015744,0.005248,0.015744,0.005248,0.015744,0.005248
338,20651.5,0.32835,0.01339,0.02041,0.21339,0.81889,0.99929,1,0.995,0.92789,0.99929,1,0.995,0.995,0.41113,0.01054,0.04409,0.18777,0.83375,0.0157016,0.00523386,0.0157016,0.00523386,0.0157016,0.00523386,0.0157016,0.00523386
339,20712.6,0.32654,0.01292,0.0193,0.2085,0.81342,0.9993,1,0.995,0.92911,0.9993,1,0.995,0.995,0.41247,0.01057,0.0461,0.18575,0.83405,0.0156591,0.00521971,0.0156591,0.00521971,0.0156591,0.00521971,0.0156591,0.00521971
340,20773.7,0.33254,0.01468,0.02003,0.21075,0.81551,0.99935,1,0.995,0.92855,0.99935,1,0.995,0.995,0.41664,0.01031,0.04982,0.18537,0.83456,0.0156167,0.00520557,0.0156167,0.00520557,0.0156167,0.00520557,0.0156167,0.00520557
341,20834.5,0.32816,0.01507,0.02096,0.21318,0.81781,0.99934,1,0.995,0.93046,0.99934,1,0.995,0.995,0.4161,0.00992,0.05171,0.18424,0.83401,0.0155743,0.00519143,0.0155743,0.00519143,0.0155743,0.00519143,0.0155743,0.00519143
342,20895.6,0.32317,0.01398,0.01942,0.21407,0.81503,0.99933,1,0.995,0.9285,0.99933,1,0.995,0.995,0.41723,0.00989,0.04728,0.18056,0.8337,0.0155319,0.00517729,0.0155319,0.00517729,0.0155319,0.00517729,0.0155319,0.00517729
343,20956.5,0.32468,0.01332,0.01881,0.2113,0.81965,0.99933,1,0.995,0.93131,0.99933,1,0.995,0.995,0.41746,0.00998,0.04337,0.1833,0.83426,0.0154894,0.00516314,0.0154894,0.00516314,0.0154894,0.00516314,0.0154894,0.00516314
344,21017.6,0.32654,0.01462,0.02537,0.21209,0.81783,0.99932,1,0.995,0.9307,0.99932,1,0.995,0.995,0.4167,0.01009,0.04702,0.18528,0.834,0.015447,0.005149,0.015447,0.005149,0.015447,0.005149,0.015447,0.005149
345,21078.5,0.32177,0.01312,0.02013,0.2079,0.81062,0.99933,1,0.995,0.92902,0.99933,1,0.995,0.995,0.41591,0.0104,0.04439,0.18443,0.83383,0.0154046,0.00513486,0.0154046,0.00513486,0.0154046,0.00513486,0.0154046,0.00513486
346,21139.6,0.32619,0.01334,0.02029,0.20989,0.81616,0.99933,1,0.995,0.92682,0.99933,1,0.995,0.995,0.41643,0.01045,0.03127,0.18787,0.83376,0.0153621,0.00512071,0.0153621,0.00512071,0.0153621,0.00512071,0.0153621,0.00512071
347,21200.5,0.31908,0.01411,0.02029,0.20563,0.81376,0.99934,1,0.995,0.92616,0.99934,1,0.995,0.995,0.41647,0.0106,0.04123,0.18373,0.83305,0.0153197,0.00510657,0.0153197,0.00510657,0.0153197,0.00510657,0.0153197,0.00510657
348,21261.5,0.31775,0.01379,0.01735,0.20625,0.81444,0.99933,1,0.995,0.92259,0.99933,1,0.995,0.995,0.41806,0.01039,0.05205,0.18601,0.83298,0.0152773,0.00509243,0.0152773,0.00509243,0.0152773,0.00509243,0.0152773,0.00509243
349,21322.6,0.32399,0.01355,0.02343,0.21031,0.81785,0.99934,1,0.995,0.92823,0.99934,1,0.995,0.995,0.41516,0.01022,0.04764,0.18415,0.83254,0.0152349,0.00507829,0.0152349,0.00507829,0.0152349,0.00507829,0.0152349,0.00507829
350,21383.4,0.32699,0.01306,0.02143,0.21192,0.81366,0.99936,1,0.995,0.92784,0.99936,1,0.995,0.995,0.41233,0.0102,0.04902,0.18327,0.83119,0.0151924,0.00506414,0.0151924,0.00506414,0.0151924,0.00506414,0.0151924,0.00506414
351,21444.5,0.32088,0.01373,0.02147,0.20859,0.8133,0.99936,1,0.995,0.9292,0.99936,1,0.995,0.995,0.4109,0.00995,0.05129,0.18322,0.82984,0.01515,0.00505,0.01515,0.00505,0.01515,0.00505,0.01515,0.00505
352,21505.2,0.32214,0.01444,0.02339,0.20778,0.80878,0.99936,1,0.995,0.93216,0.99936,1,0.995,0.995,0.40975,0.0099,0.0519,0.18095,0.83142,0.0151076,0.00503586,0.0151076,0.00503586,0.0151076,0.00503586,0.0151076,0.00503586
353,21566.5,0.31774,0.0122,0.02034,0.20442,0.81243,0.99936,1,0.995,0.92869,0.99936,1,0.995,0.995,0.41118,0.00992,0.05046,0.18268,0.83238,0.0150651,0.00502171,0.0150651,0.00502171,0.0150651,0.00502171,0.0150651,0.00502171
354,21627.1,0.31413,0.01329,0.01816,0.20601,0.80663,0.99936,1,0.995,0.92916,0.99936,1,0.995,0.995,0.40999,0.00969,0.04628,0.18362,0.83321,0.0150227,0.00500757,0.0150227,0.00500757,0.0150227,0.00500757,0.0150227,0.00500757
355,21688.1,0.31812,0.01386,0.02244,0.209,0.81294,0.99937,1,0.995,0.93104,0.99937,1,0.995,0.995,0.40962,0.00952,0.03807,0.18677,0.83217,0.0149803,0.00499343,0.0149803,0.00499343,0.0149803,0.00499343,0.0149803,0.00499343
356,21748.8,0.31404,0.01344,0.01921,0.21042,0.81258,0.99935,1,0.995,0.9315,0.99935,1,0.995,0.995,0.40929,0.00944,0.0339,0.18077,0.83161,0.0149379,0.00497929,0.0149379,0.00497929,0.0149379,0.00497929,0.0149379,0.00497929
357,21809.5,0.32003,0.01154,0.02238,0.20715,0.81785,0.99936,1,0.995,0.93283,0.99936,1,0.995,0.995,0.41182,0.00941,0.03261,0.1828,0.83288,0.0148954,0.00496514,0.0148954,0.00496514,0.0148954,0.00496514,0.0148954,0.00496514
358,21870.6,0.32588,0.0143,0.02596,0.21025,0.81694,0.99935,1,0.995,0.93343,0.99935,1,0.995,0.995,0.41145,0.0094,0.02926,0.18613,0.83242,0.014853,0.004951,0.014853,0.004951,0.014853,0.004951,0.014853,0.004951
359,21931.4,0.31757,0.0131,0.01703,0.20422,0.81357,0.99936,1,0.995,0.93255,0.99936,1,0.995,0.995,0.41138,0.00942,0.0275,0.18714,0.83252,0.0148106,0.00493686,0.0148106,0.00493686,0.0148106,0.00493686,0.0148106,0.00493686
360,21992.5,0.31723,0.01403,0.01924,0.20448,0.81282,0.99937,1,0.995,0.93017,0.99937,1,0.995,0.995,0.41216,0.00949,0.02398,0.18679,0.8322,0.0147681,0.00492271,0.0147681,0.00492271,0.0147681,0.00492271,0.0147681,0.00492271
361,22053.4,0.31282,0.01337,0.0215,0.20298,0.81123,0.99935,1,0.995,0.93533,0.99935,1,0.995,0.995,0.41136,0.00955,0.02029,0.18795,0.83193,0.0147257,0.00490857,0.0147257,0.00490857,0.0147257,0.00490857,0.0147257,0.00490857
362,22114.5,0.31634,0.01255,0.02041,0.20382,0.814,0.99935,1,0.995,0.93297,0.99935,1,0.995,0.995,0.41111,0.0095,0.01707,0.18794,0.83203,0.0146833,0.00489443,0.0146833,0.00489443,0.0146833,0.00489443,0.0146833,0.00489443
363,22175.2,0.31797,0.0126,0.01832,0.20498,0.81406,0.99935,1,0.995,0.93156,0.99935,1,0.995,0.995,0.41152,0.00955,0.01801,0.18906,0.832,0.0146409,0.00488029,0.0146409,0.00488029,0.0146409,0.00488029,0.0146409,0.00488029
364,22236.4,0.31624,0.01284,0.02295,0.20443,0.8116,0.99935,1,0.995,0.93034,0.99935,1,0.995,0.995,0.40982,0.00936,0.01888,0.18662,0.83186,0.0145984,0.00486614,0.0145984,0.00486614,0.0145984,0.00486614,0.0145984,0.00486614
365,22297.2,0.31187,0.01328,0.01999,0.20182,0.81152,0.99934,1,0.995,0.92892,0.99934,1,0.995,0.995,0.40558,0.00921,0.02035,0.18122,0.83125,0.014556,0.004852,0.014556,0.004852,0.014556,0.004852,0.014556,0.004852
366,22358.3,0.31497,0.0126,0.02039,0.20428,0.81265,0.99934,1,0.995,0.92972,0.99934,1,0.995,0.995,0.4051,0.00921,0.02121,0.17906,0.8313,0.0145136,0.00483786,0.0145136,0.00483786,0.0145136,0.00483786,0.0145136,0.00483786
367,22419.3,0.307,0.01294,0.01969,0.20115,0.81068,0.99934,1,0.995,0.92877,0.99934,1,0.995,0.995,0.40285,0.00925,0.02324,0.17715,0.83167,0.0144711,0.00482371,0.0144711,0.00482371,0.0144711,0.00482371,0.0144711,0.00482371
368,22480.1,0.32226,0.01352,0.02028,0.20506,0.81239,0.99932,1,0.995,0.9314,0.99932,1,0.995,0.995,0.40486,0.00928,0.02305,0.18106,0.83221,0.0144287,0.00480957,0.0144287,0.00480957,0.0144287,0.00480957,0.0144287,0.00480957
369,22541.2,0.31571,0.01339,0.02072,0.20405,0.81347,0.9993,1,0.995,0.93243,0.9993,1,0.995,0.995,0.40459,0.00929,0.02674,0.18321,0.83267,0.0143863,0.00479543,0.0143863,0.00479543,0.0143863,0.00479543,0.0143863,0.00479543
370,22601.9,0.31532,0.01367,0.01681,0.20363,0.8148,0.99932,1,0.995,0.93259,0.99932,1,0.995,0.995,0.40167,0.00925,0.03112,0.18231,0.82878,0.0143439,0.00478129,0.0143439,0.00478129,0.0143439,0.00478129,0.0143439,0.00478129
371,22663,0.31219,0.01202,0.02193,0.20506,0.81211,0.99932,1,0.995,0.93505,0.99932,1,0.995,0.995,0.40197,0.00942,0.03269,0.18145,0.83091,0.0143014,0.00476714,0.0143014,0.00476714,0.0143014,0.00476714,0.0143014,0.00476714
372,22723.7,0.31394,0.01377,0.02301,0.20658,0.81218,0.99932,1,0.995,0.93474,0.99932,1,0.995,0.995,0.40201,0.0096,0.03255,0.18194,0.83091,0.014259,0.004753,0.014259,0.004753,0.014259,0.004753,0.014259,0.004753
373,22784.8,0.31479,0.01238,0.02287,0.20526,0.81364,0.99931,1,0.995,0.93603,0.99931,1,0.995,0.995,0.40286,0.00965,0.03311,0.17865,0.83032,0.0142166,0.00473886,0.0142166,0.00473886,0.0142166,0.00473886,0.0142166,0.00473886
374,22845.5,0.30568,0.01279,0.01783,0.2002,0.81002,0.9993,1,0.995,0.93427,0.9993,1,0.995,0.995,0.40542,0.00984,0.03209,0.18263,0.82982,0.0141741,0.00472471,0.0141741,0.00472471,0.0141741,0.00472471,0.0141741,0.00472471
375,22906.4,0.31198,0.01146,0.01983,0.2021,0.81264,0.99928,1,0.995,0.93518,0.99928,1,0.995,0.995,0.40756,0.00984,0.03396,0.18349,0.82981,0.0141317,0.00471057,0.0141317,0.00471057,0.0141317,0.00471057,0.0141317,0.00471057
376,22967.5,0.31174,0.01185,0.0209,0.20135,0.80876,0.99924,1,0.995,0.93522,0.99924,1,0.995,0.995,0.40613,0.00976,0.03501,0.18159,0.82985,0.0140893,0.00469643,0.0140893,0.00469643,0.0140893,0.00469643,0.0140893,0.00469643
377,23028.3,0.30868,0.01292,0.01455,0.19986,0.81343,0.99918,1,0.995,0.93089,0.99918,1,0.995,0.995,0.40688,0.00968,0.03378,0.18503,0.83049,0.0140469,0.00468229,0.0140469,0.00468229,0.0140469,0.00468229,0.0140469,0.00468229
378,23089.4,0.30321,0.01357,0.01862,0.19721,0.80958,0.99915,1,0.995,0.9333,0.99915,1,0.995,0.995,0.40595,0.00956,0.03861,0.18553,0.83107,0.0140044,0.00466814,0.0140044,0.00466814,0.0140044,0.00466814,0.0140044,0.00466814
379,23150.2,0.31408,0.01242,0.02099,0.20105,0.81543,0.99921,1,0.995,0.93347,0.99921,1,0.995,0.995,0.40653,0.00949,0.04218,0.18687,0.83152,0.013962,0.004654,0.013962,0.004654,0.013962,0.004654,0.013962,0.004654
380,23211.4,0.31044,0.01302,0.01773,0.20221,0.81396,0.99925,1,0.995,0.93332,0.99925,1,0.995,0.995,0.40589,0.00958,0.04243,0.18169,0.83255,0.0139196,0.00463986,0.0139196,0.00463986,0.0139196,0.00463986,0.0139196,0.00463986
381,23272.2,0.30655,0.01429,0.01813,0.19844,0.81203,0.99929,1,0.995,0.93266,0.99929,1,0.995,0.995,0.40689,0.00965,0.04235,0.1796,0.83265,0.0138771,0.00462571,0.0138771,0.00462571,0.0138771,0.00462571,0.0138771,0.00462571
382,23333.3,0.30584,0.01258,0.01768,0.20038,0.80911,0.99933,1,0.995,0.93051,0.99933,1,0.995,0.995,0.40565,0.00958,0.03587,0.17648,0.83306,0.0138347,0.00461157,0.0138347,0.00461157,0.0138347,0.00461157,0.0138347,0.00461157
383,23394.2,0.31071,0.01287,0.02064,0.20151,0.81168,0.99935,1,0.995,0.93296,0.99935,1,0.995,0.995,0.40673,0.00962,0.03269,0.17683,0.83467,0.0137923,0.00459743,0.0137923,0.00459743,0.0137923,0.00459743,0.0137923,0.00459743
384,23455.3,0.30988,0.01534,0.02079,0.20087,0.81153,0.99934,1,0.995,0.93162,0.99934,1,0.995,0.995,0.40895,0.00957,0.02552,0.17784,0.835,0.0137499,0.00458329,0.0137499,0.00458329,0.0137499,0.00458329,0.0137499,0.00458329
385,23516.4,0.3077,0.01294,0.01944,0.19742,0.81045,0.99933,1,0.995,0.93214,0.99933,1,0.995,0.995,0.40792,0.00966,0.01945,0.17729,0.83509,0.0137074,0.00456914,0.0137074,0.00456914,0.0137074,0.00456914,0.0137074,0.00456914
386,23577.3,0.30661,0.01221,0.01843,0.20181,0.80908,0.99932,1,0.995,0.93014,0.99932,1,0.995,0.995,0.40753,0.00968,0.01907,0.17576,0.83565,0.013665,0.004555,0.013665,0.004555,0.013665,0.004555,0.013665,0.004555
387,23638.3,0.30629,0.0133,0.02254,0.1982,0.80881,0.99934,1,0.995,0.93272,0.99934,1,0.995,0.995,0.40482,0.00973,0.02059,0.1786,0.83583,0.0136226,0.00454086,0.0136226,0.00454086,0.0136226,0.00454086,0.0136226,0.00454086
388,23699.1,0.30131,0.01287,0.02129,0.19526,0.80808,0.99931,1,0.995,0.93377,0.99931,1,0.995,0.995,0.40327,0.00977,0.02011,0.17979,0.83602,0.0135801,0.00452671,0.0135801,0.00452671,0.0135801,0.00452671,0.0135801,0.00452671
389,23760.3,0.30966,0.01221,0.01949,0.20047,0.80979,0.99923,1,0.995,0.9337,0.99923,1,0.995,0.995,0.4054,0.0098,0.01926,0.17866,0.83549,0.0135377,0.00451257,0.0135377,0.00451257,0.0135377,0.00451257,0.0135377,0.00451257
390,23821.2,0.30364,0.01276,0.01891,0.19865,0.80924,0.99915,1,0.995,0.9352,0.99915,1,0.995,0.995,0.40583,0.00979,0.01835,0.18079,0.83566,0.0134953,0.00449843,0.0134953,0.00449843,0.0134953,0.00449843,0.0134953,0.00449843
391,23882.3,0.30038,0.0121,0.01942,0.19552,0.80793,0.99913,1,0.995,0.93147,0.99913,1,0.995,0.995,0.40813,0.0097,0.01518,0.17851,0.8361,0.0134529,0.00448429,0.0134529,0.00448429,0.0134529,0.00448429,0.0134529,0.00448429
392,23943.1,0.30841,0.01231,0.02015,0.1986,0.8126,0.99924,1,0.995,0.93453,0.99924,1,0.995,0.995,0.40936,0.00969,0.01309,0.17847,0.83625,0.0134104,0.00447014,0.0134104,0.00447014,0.0134104,0.00447014,0.0134104,0.00447014
393,24004.3,0.29712,0.01284,0.01756,0.19363,0.80766,0.99927,1,0.995,0.93393,0.99927,1,0.995,0.995,0.41024,0.00964,0.01801,0.1764,0.83639,0.013368,0.004456,0.013368,0.004456,0.013368,0.004456,0.013368,0.004456
394,24065.4,0.30524,0.0145,0.02004,0.2007,0.80618,0.99933,1,0.995,0.93129,0.99933,1,0.995,0.995,0.41156,0.00952,0.02694,0.17764,0.83665,0.0133256,0.00444186,0.0133256,0.00444186,0.0133256,0.00444186,0.0133256,0.00444186
395,24126.3,0.30473,0.01445,0.0195,0.19981,0.80595,0.99935,1,0.995,0.93208,0.99935,1,0.995,0.995,0.4139,0.00951,0.03162,0.17834,0.83696,0.0132831,0.00442771,0.0132831,0.00442771,0.0132831,0.00442771,0.0132831,0.00442771
396,24187.4,0.30021,0.01274,0.02025,0.1965,0.80963,0.99936,1,0.995,0.92806,0.99936,1,0.995,0.995,0.41452,0.00955,0.03512,0.17933,0.83715,0.0132407,0.00441357,0.0132407,0.00441357,0.0132407,0.00441357,0.0132407,0.00441357
397,24248.2,0.30877,0.01236,0.02009,0.20171,0.81279,0.99935,1,0.995,0.93258,0.99935,1,0.995,0.995,0.41567,0.00947,0.03809,0.1772,0.83726,0.0131983,0.00439943,0.0131983,0.00439943,0.0131983,0.00439943,0.0131983,0.00439943
398,24309.6,0.3036,0.01183,0.02175,0.19513,0.8097,0.99936,1,0.995,0.9292,0.99936,1,0.995,0.995,0.41571,0.00941,0.04366,0.18009,0.8373,0.0131559,0.00438529,0.0131559,0.00438529,0.0131559,0.00438529,0.0131559,0.00438529
399,24370.4,0.30217,0.01206,0.02597,0.19419,0.80759,0.99936,1,0.995,0.93065,0.99936,1,0.995,0.995,0.41742,0.00944,0.04698,0.18051,0.83692,0.0131134,0.00437114,0.0131134,0.00437114,0.0131134,0.00437114,0.0131134,0.00437114
400,24431.5,0.30519,0.01298,0.01895,0.19812,0.80936,0.99936,1,0.995,0.93319,0.99936,1,0.995,0.995,0.41803,0.00948,0.04952,0.1803,0.83704,0.013071,0.004357,0.013071,0.004357,0.013071,0.004357,0.013071,0.004357
401,24492.2,0.30205,0.01166,0.01868,0.19594,0.80818,0.99936,1,0.995,0.92982,0.99936,1,0.995,0.995,0.41763,0.0094,0.05162,0.17853,0.83697,0.0130286,0.00434286,0.0130286,0.00434286,0.0130286,0.00434286,0.0130286,0.00434286
402,24553.3,0.3014,0.01293,0.01911,0.19552,0.81368,0.99936,1,0.995,0.93406,0.99936,1,0.995,0.995,0.41671,0.00937,0.05391,0.18094,0.83652,0.0129861,0.00432871,0.0129861,0.00432871,0.0129861,0.00432871,0.0129861,0.00432871
403,24614.2,0.29829,0.01195,0.02147,0.19278,0.81109,0.99937,1,0.995,0.93184,0.99937,1,0.995,0.995,0.41753,0.0093,0.05529,0.18158,0.83662,0.0129437,0.00431457,0.0129437,0.00431457,0.0129437,0.00431457,0.0129437,0.00431457
404,24674.8,0.30011,0.01251,0.01632,0.19451,0.80784,0.99936,1,0.995,0.93235,0.99936,1,0.995,0.995,0.41851,0.00924,0.05654,0.18253,0.83635,0.0129013,0.00430043,0.0129013,0.00430043,0.0129013,0.00430043,0.0129013,0.00430043
405,24735.7,0.29756,0.01355,0.01991,0.19584,0.80761,0.99936,1,0.995,0.93244,0.99936,1,0.995,0.995,0.41864,0.00919,0.05687,0.18208,0.83801,0.0128589,0.00428629,0.0128589,0.00428629,0.0128589,0.00428629,0.0128589,0.00428629
406,24796.3,0.30156,0.01251,0.01704,0.19879,0.8091,0.99935,1,0.995,0.9294,0.99935,1,0.995,0.995,0.41717,0.00924,0.05807,0.18254,0.838,0.0128164,0.00427214,0.0128164,0.00427214,0.0128164,0.00427214,0.0128164,0.00427214
407,24857.3,0.29902,0.01257,0.02093,0.19651,0.81055,0.99935,1,0.995,0.93053,0.99935,1,0.995,0.995,0.41634,0.00929,0.06098,0.18183,0.8377,0.012774,0.004258,0.012774,0.004258,0.012774,0.004258,0.012774,0.004258
408,24918,0.30316,0.01294,0.01545,0.19902,0.81436,0.99935,1,0.995,0.93367,0.99935,1,0.995,0.995,0.4166,0.00937,0.06293,0.18127,0.83724,0.0127316,0.00424386,0.0127316,0.00424386,0.0127316,0.00424386,0.0127316,0.00424386
409,24978.9,0.29718,0.01219,0.01939,0.19702,0.80691,0.99936,1,0.995,0.93532,0.99936,1,0.995,0.995,0.41665,0.00946,0.06514,0.1807,0.83692,0.0126891,0.00422971,0.0126891,0.00422971,0.0126891,0.00422971,0.0126891,0.00422971
410,25039.7,0.29086,0.01248,0.02188,0.19236,0.80833,0.99935,1,0.995,0.93452,0.99935,1,0.995,0.995,0.41536,0.00956,0.06588,0.18013,0.83719,0.0126467,0.00421557,0.0126467,0.00421557,0.0126467,0.00421557,0.0126467,0.00421557
411,25100.9,0.29727,0.0118,0.01762,0.19334,0.80556,0.99936,1,0.995,0.93507,0.99936,1,0.995,0.995,0.41602,0.0097,0.06494,0.18189,0.83779,0.0126043,0.00420143,0.0126043,0.00420143,0.0126043,0.00420143,0.0126043,0.00420143
412,25161.8,0.29693,0.01124,0.01992,0.19423,0.80694,0.99936,1,0.995,0.93152,0.99936,1,0.995,0.995,0.41567,0.00988,0.06432,0.18028,0.83818,0.0125619,0.00418729,0.0125619,0.00418729,0.0125619,0.00418729,0.0125619,0.00418729
413,25222.4,0.2981,0.01145,0.02176,0.19191,0.80643,0.99936,1,0.995,0.93171,0.99936,1,0.995,0.995,0.41452,0.00989,0.06498,0.17846,0.83798,0.0125194,0.00417314,0.0125194,0.00417314,0.0125194,0.00417314,0.0125194,0.00417314
414,25283.4,0.29824,0.01121,0.01721,0.19411,0.81017,0.99936,1,0.995,0.93143,0.99936,1,0.995,0.995,0.41528,0.00994,0.06459,0.17664,0.83768,0.012477,0.004159,0.012477,0.004159,0.012477,0.004159,0.012477,0.004159
415,25344.3,0.29287,0.01169,0.01939,0.1909,0.80735,0.99936,1,0.995,0.9293,0.99936,1,0.995,0.995,0.4148,0.00991,0.06346,0.17616,0.83729,0.0124346,0.00414486,0.0124346,0.00414486,0.0124346,0.00414486,0.0124346,0.00414486
416,25405.3,0.28721,0.01151,0.0184,0.19109,0.80833,0.99936,1,0.995,0.93013,0.99936,1,0.995,0.995,0.4151,0.00988,0.06254,0.17628,0.83731,0.0123921,0.00413071,0.0123921,0.00413071,0.0123921,0.00413071,0.0123921,0.00413071
417,25466.1,0.29183,0.01223,0.01814,0.19517,0.80753,0.99936,1,0.995,0.92921,0.99936,1,0.995,0.995,0.41518,0.0098,0.0618,0.17363,0.83711,0.0123497,0.00411657,0.0123497,0.00411657,0.0123497,0.00411657,0.0123497,0.00411657
418,25527.2,0.30304,0.01271,0.02023,0.19578,0.81313,0.99936,1,0.995,0.92893,0.99936,1,0.995,0.995,0.41662,0.00973,0.0609,0.17481,0.8374,0.0123073,0.00410243,0.0123073,0.00410243,0.0123073,0.00410243,0.0123073,0.00410243
419,25588,0.2926,0.01203,0.01902,0.19247,0.81075,0.99936,1,0.995,0.93205,0.99936,1,0.995,0.995,0.41644,0.00971,0.06035,0.17821,0.83653,0.0122649,0.00408829,0.0122649,0.00408829,0.0122649,0.00408829,0.0122649,0.00408829
420,25649,0.28336,0.01135,0.01644,0.18897,0.80995,0.99936,1,0.995,0.93006,0.99936,1,0.995,0.995,0.41825,0.00963,0.05964,0.17731,0.8374,0.0122224,0.00407414,0.0122224,0.00407414,0.0122224,0.00407414,0.0122224,0.00407414
421,25710.1,0.28716,0.01055,0.01764,0.18855,0.80602,0.99937,1,0.995,0.93014,0.99937,1,0.995,0.995,0.41811,0.00957,0.05976,0.17579,0.83713,0.01218,0.00406,0.01218,0.00406,0.01218,0.00406,0.01218,0.00406
422,25770.9,0.28856,0.01075,0.01556,0.19104,0.80458,0.99937,1,0.995,0.92658,0.99937,1,0.995,0.995,0.41886,0.00949,0.05831,0.1758,0.83789,0.0121376,0.00404586,0.0121376,0.00404586,0.0121376,0.00404586,0.0121376,0.00404586
423,25831.9,0.29021,0.01219,0.01707,0.19077,0.8067,0.99937,1,0.995,0.9266,0.99937,1,0.995,0.995,0.41794,0.00946,0.05655,0.17637,0.83707,0.0120951,0.00403171,0.0120951,0.00403171,0.0120951,0.00403171,0.0120951,0.00403171
424,25892.6,0.28872,0.01182,0.01694,0.18847,0.80605,0.99937,1,0.995,0.92834,0.99937,1,0.995,0.995,0.41787,0.00937,0.05371,0.1781,0.83713,0.0120527,0.00401757,0.0120527,0.00401757,0.0120527,0.00401757,0.0120527,0.00401757
425,25953.6,0.28903,0.01123,0.01951,0.18899,0.80741,0.99936,1,0.995,0.92856,0.99936,1,0.995,0.995,0.4173,0.00934,0.0524,0.17614,0.83613,0.0120103,0.00400343,0.0120103,0.00400343,0.0120103,0.00400343,0.0120103,0.00400343
426,26014.2,0.28689,0.01327,0.01563,0.18813,0.80588,0.99936,1,0.995,0.9296,0.99936,1,0.995,0.995,0.41625,0.00936,0.05289,0.17502,0.83493,0.0119679,0.00398929,0.0119679,0.00398929,0.0119679,0.00398929,0.0119679,0.00398929
427,26075.3,0.2888,0.0109,0.01497,0.19027,0.80639,0.99936,1,0.995,0.9277,0.99936,1,0.995,0.995,0.41468,0.0094,0.0532,0.17303,0.83418,0.0119254,0.00397514,0.0119254,0.00397514,0.0119254,0.00397514,0.0119254,0.00397514
428,26136.1,0.2901,0.01209,0.02044,0.1882,0.80906,0.99936,1,0.995,0.92797,0.99936,1,0.995,0.995,0.41478,0.00939,0.05328,0.17354,0.83361,0.011883,0.003961,0.011883,0.003961,0.011883,0.003961,0.011883,0.003961
429,26196.9,0.28472,0.01144,0.0142,0.18854,0.79858,0.99935,1,0.995,0.92803,0.99935,1,0.995,0.995,0.41433,0.0094,0.05229,0.17166,0.83367,0.0118406,0.00394686,0.0118406,0.00394686,0.0118406,0.00394686,0.0118406,0.00394686
430,26258,0.28754,0.0127,0.01527,0.18904,0.80701,0.99934,1,0.995,0.92972,0.99934,1,0.995,0.995,0.41442,0.00932,0.05123,0.16947,0.83361,0.0117981,0.00393271,0.0117981,0.00393271,0.0117981,0.00393271,0.0117981,0.00393271
431,26318.9,0.286,0.01212,0.01869,0.1883,0.80539,0.99935,1,0.995,0.9298,0.99935,1,0.995,0.995,0.41464,0.00936,0.04916,0.17328,0.83342,0.0117557,0.00391857,0.0117557,0.00391857,0.0117557,0.00391857,0.0117557,0.00391857
432,26380.1,0.28344,0.01152,0.01982,0.18667,0.80352,0.99935,1,0.995,0.93049,0.99935,1,0.995,0.995,0.41416,0.00929,0.04721,0.17774,0.83352,0.0117133,0.00390443,0.0117133,0.00390443,0.0117133,0.00390443,0.0117133,0.00390443
433,26441,0.2891,0.01138,0.01781,0.18841,0.80887,0.99935,1,0.995,0.93206,0.99935,1,0.995,0.995,0.4139,0.00928,0.04504,0.17755,0.83333,0.0116709,0.00389029,0.0116709,0.00389029,0.0116709,0.00389029,0.0116709,0.00389029
434,26502.2,0.28384,0.01127,0.01782,0.18472,0.80711,0.99935,1,0.995,0.93207,0.99935,1,0.995,0.995,0.41358,0.00929,0.04412,0.17518,0.83324,0.0116284,0.00387614,0.0116284,0.00387614,0.0116284,0.00387614,0.0116284,0.00387614
435,26563.1,0.2928,0.01079,0.0175,0.18979,0.80688,0.99935,1,0.995,0.93057,0.99935,1,0.995,0.995,0.41404,0.00928,0.0443,0.17449,0.83315,0.011586,0.003862,0.011586,0.003862,0.011586,0.003862,0.011586,0.003862
436,26624.2,0.28229,0.012,0.01872,0.18705,0.80591,0.99935,1,0.995,0.93105,0.99935,1,0.995,0.995,0.41412,0.00928,0.04486,0.17324,0.8336,0.0115436,0.00384786,0.0115436,0.00384786,0.0115436,0.00384786,0.0115436,0.00384786
437,26684.9,0.27823,0.0107,0.01541,0.18505,0.80305,0.99935,1,0.995,0.92974,0.99935,1,0.995,0.995,0.41425,0.00925,0.04304,0.1744,0.83381,0.0115011,0.00383371,0.0115011,0.00383371,0.0115011,0.00383371,0.0115011,0.00383371
438,26745.9,0.2837,0.01069,0.01811,0.18792,0.80756,0.99934,1,0.995,0.92972,0.99934,1,0.995,0.995,0.41415,0.00926,0.04206,0.17628,0.8337,0.0114587,0.00381957,0.0114587,0.00381957,0.0114587,0.00381957,0.0114587,0.00381957
439,26806.8,0.27585,0.0103,0.01694,0.18372,0.80275,0.99936,1,0.995,0.92793,0.99936,1,0.995,0.995,0.41354,0.00925,0.04148,0.17676,0.8334,0.0114163,0.00380543,0.0114163,0.00380543,0.0114163,0.00380543,0.0114163,0.00380543
440,26867.6,0.28315,0.01029,0.01857,0.18756,0.80816,0.99935,1,0.995,0.92919,0.99935,1,0.995,0.995,0.41372,0.00924,0.04271,0.17622,0.83251,0.0113739,0.00379129,0.0113739,0.00379129,0.0113739,0.00379129,0.0113739,0.00379129
441,26928.6,0.28286,0.01116,0.01404,0.19188,0.80446,0.99935,1,0.995,0.93114,0.99935,1,0.995,0.995,0.41325,0.00921,0.04367,0.17549,0.83241,0.0113314,0.00377714,0.0113314,0.00377714,0.0113314,0.00377714,0.0113314,0.00377714
442,26989.4,0.2826,0.0108,0.01763,0.18631,0.81081,0.99935,1,0.995,0.92874,0.99935,1,0.995,0.995,0.41443,0.0092,0.0445,0.1748,0.83269,0.011289,0.003763,0.011289,0.003763,0.011289,0.003763,0.011289,0.003763
443,27050.5,0.28322,0.01108,0.02066,0.18915,0.80717,0.99935,1,0.995,0.92791,0.99935,1,0.995,0.995,0.415,0.00922,0.0463,0.17357,0.83292,0.0112466,0.00374886,0.0112466,0.00374886,0.0112466,0.00374886,0.0112466,0.00374886
444,27111.2,0.28417,0.01142,0.01637,0.18779,0.80709,0.99935,1,0.995,0.9303,0.99935,1,0.995,0.995,0.41591,0.00921,0.04803,0.17045,0.83301,0.0112041,0.00373471,0.0112041,0.00373471,0.0112041,0.00373471,0.0112041,0.00373471
445,27172.4,0.27776,0.01073,0.01695,0.18554,0.80159,0.99935,1,0.995,0.92935,0.99935,1,0.995,0.995,0.41673,0.00918,0.0498,0.17288,0.83324,0.0111617,0.00372057,0.0111617,0.00372057,0.0111617,0.00372057,0.0111617,0.00372057
446,27233.3,0.28587,0.01114,0.01658,0.18741,0.8053,0.99935,1,0.995,0.92676,0.99935,1,0.995,0.995,0.41639,0.00916,0.05161,0.17264,0.83353,0.0111193,0.00370643,0.0111193,0.00370643,0.0111193,0.00370643,0.0111193,0.00370643
447,27294.4,0.28043,0.01115,0.01601,0.18609,0.80417,0.99935,1,0.995,0.92649,0.99935,1,0.995,0.995,0.41604,0.00917,0.0514,0.17437,0.83364,0.0110769,0.00369229,0.0110769,0.00369229,0.0110769,0.00369229,0.0110769,0.00369229
448,27355.5,0.28173,0.01027,0.01497,0.18629,0.80199,0.99935,1,0.995,0.92902,0.99935,1,0.995,0.995,0.41486,0.00919,0.05195,0.17302,0.8335,0.0110344,0.00367814,0.0110344,0.00367814,0.0110344,0.00367814,0.0110344,0.00367814
449,27416.5,0.28076,0.0103,0.01704,0.18325,0.80625,0.99934,1,0.995,0.92915,0.99934,1,0.995,0.995,0.4144,0.00918,0.05124,0.17604,0.83358,0.010992,0.003664,0.010992,0.003664,0.010992,0.003664,0.010992,0.003664
450,27477.7,0.27635,0.01003,0.01555,0.18275,0.80919,0.99934,1,0.995,0.92909,0.99934,1,0.995,0.995,0.4144,0.00921,0.05051,0.1753,0.83256,0.0109496,0.00364986,0.0109496,0.00364986,0.0109496,0.00364986,0.0109496,0.00364986
451,27538.5,0.2793,0.01126,0.0154,0.1856,0.80354,0.99934,1,0.995,0.928,0.99934,1,0.995,0.995,0.41549,0.00925,0.04914,0.17792,0.83293,0.0109071,0.00363571,0.0109071,0.00363571,0.0109071,0.00363571,0.0109071,0.00363571
452,27599.6,0.28052,0.01127,0.01596,0.1834,0.8055,0.99934,1,0.995,0.92795,0.99934,1,0.995,0.995,0.41566,0.00931,0.04862,0.17697,0.83348,0.0108647,0.00362157,0.0108647,0.00362157,0.0108647,0.00362157,0.0108647,0.00362157
453,27660.3,0.28487,0.00932,0.01771,0.18554,0.80749,0.99934,1,0.995,0.93075,0.99934,1,0.995,0.995,0.41546,0.00932,0.04751,0.17641,0.83335,0.0108223,0.00360743,0.0108223,0.00360743,0.0108223,0.00360743,0.0108223,0.00360743
454,27721.5,0.26983,0.01093,0.01807,0.17818,0.80174,0.99934,1,0.995,0.92927,0.99934,1,0.995,0.995,0.41395,0.00935,0.04583,0.17691,0.8327,0.0107799,0.00359329,0.0107799,0.00359329,0.0107799,0.00359329,0.0107799,0.00359329
455,27782.2,0.2796,0.01066,0.01686,0.18278,0.80875,0.99934,1,0.995,0.93062,0.99934,1,0.995,0.995,0.41324,0.00936,0.04344,0.17608,0.83326,0.0107374,0.00357914,0.0107374,0.00357914,0.0107374,0.00357914,0.0107374,0.00357914
456,27843.2,0.27986,0.00928,0.0199,0.1812,0.80922,0.99935,1,0.995,0.92974,0.99935,1,0.995,0.995,0.41351,0.00936,0.04179,0.17538,0.83371,0.010695,0.003565,0.010695,0.003565,0.010695,0.003565,0.010695,0.003565
457,27904.2,0.27673,0.01077,0.01848,0.1827,0.80359,0.99935,1,0.995,0.92951,0.99935,1,0.995,0.995,0.41407,0.00923,0.04114,0.17782,0.83386,0.0106526,0.00355086,0.0106526,0.00355086,0.0106526,0.00355086,0.0106526,0.00355086
458,27965.2,0.27774,0.01092,0.01781,0.18547,0.80951,0.99935,1,0.995,0.92964,0.99935,1,0.995,0.995,0.41335,0.00912,0.04042,0.17643,0.83391,0.0106101,0.00353671,0.0106101,0.00353671,0.0106101,0.00353671,0.0106101,0.00353671
459,28026.4,0.27914,0.012,0.01731,0.18295,0.80515,0.99935,1,0.995,0.9297,0.99935,1,0.995,0.995,0.41382,0.00902,0.03936,0.17643,0.83373,0.0105677,0.00352257,0.0105677,0.00352257,0.0105677,0.00352257,0.0105677,0.00352257
460,28087.3,0.27395,0.0114,0.02025,0.18177,0.80454,0.99935,1,0.995,0.92993,0.99935,1,0.995,0.995,0.41352,0.00897,0.03907,0.17631,0.8338,0.0105253,0.00350843,0.0105253,0.00350843,0.0105253,0.00350843,0.0105253,0.00350843
461,28148.4,0.27952,0.01122,0.01698,0.18433,0.8065,0.99935,1,0.995,0.92894,0.99935,1,0.995,0.995,0.41215,0.00894,0.03752,0.17606,0.83343,0.0104829,0.00349429,0.0104829,0.00349429,0.0104829,0.00349429,0.0104829,0.00349429
462,28209.4,0.27262,0.0108,0.01711,0.17932,0.80414,0.99935,1,0.995,0.92946,0.99935,1,0.995,0.995,0.41228,0.00893,0.0366,0.17614,0.83352,0.0104404,0.00348014,0.0104404,0.00348014,0.0104404,0.00348014,0.0104404,0.00348014
463,28270.5,0.27978,0.01248,0.0184,0.18393,0.80581,0.99935,1,0.995,0.92834,0.99935,1,0.995,0.995,0.41243,0.00891,0.0349,0.17478,0.83339,0.010398,0.003466,0.010398,0.003466,0.010398,0.003466,0.010398,0.003466
464,28331.4,0.27024,0.00957,0.01591,0.17846,0.8021,0.99935,1,0.995,0.92901,0.99935,1,0.995,0.995,0.41172,0.00891,0.03278,0.17407,0.83345,0.0103556,0.00345186,0.0103556,0.00345186,0.0103556,0.00345186,0.0103556,0.00345186
465,28392.5,0.27426,0.01008,0.01558,0.18224,0.80553,0.99935,1,0.995,0.92938,0.99935,1,0.995,0.995,0.4112,0.00891,0.03043,0.17573,0.83353,0.0103131,0.00343771,0.0103131,0.00343771,0.0103131,0.00343771,0.0103131,0.00343771
466,28453.6,0.2764,0.00966,0.01698,0.18206,0.80457,0.99935,1,0.995,0.92946,0.99935,1,0.995,0.995,0.41089,0.00888,0.02866,0.17538,0.83354,0.0102707,0.00342357,0.0102707,0.00342357,0.0102707,0.00342357,0.0102707,0.00342357
467,28514.4,0.27476,0.01013,0.01832,0.18293,0.80187,0.99935,1,0.995,0.92873,0.99935,1,0.995,0.995,0.41044,0.00889,0.02735,0.17771,0.83384,0.0102283,0.00340943,0.0102283,0.00340943,0.0102283,0.00340943,0.0102283,0.00340943
468,28575.5,0.27344,0.01033,0.02178,0.18013,0.80105,0.99935,1,0.995,0.92875,0.99935,1,0.995,0.995,0.41043,0.00889,0.02722,0.17895,0.83391,0.0101859,0.00339529,0.0101859,0.00339529,0.0101859,0.00339529,0.0101859,0.00339529
469,28636.3,0.27374,0.01056,0.01796,0.18086,0.80641,0.99935,1,0.995,0.92848,0.99935,1,0.995,0.995,0.40949,0.00889,0.02749,0.17704,0.83467,0.0101434,0.00338114,0.0101434,0.00338114,0.0101434,0.00338114,0.0101434,0.00338114
470,28697.4,0.27416,0.01043,0.01915,0.18049,0.80434,0.99935,1,0.995,0.92691,0.99935,1,0.995,0.995,0.40958,0.0089,0.0266,0.17674,0.83537,0.010101,0.003367,0.010101,0.003367,0.010101,0.003367,0.010101,0.003367
471,28758.1,0.27167,0.0116,0.01419,0.17875,0.80122,0.99935,1,0.995,0.92943,0.99935,1,0.995,0.995,0.40892,0.00893,0.02549,0.17485,0.83585,0.0100586,0.00335286,0.0100586,0.00335286,0.0100586,0.00335286,0.0100586,0.00335286
472,28819.2,0.27269,0.01086,0.01641,0.18137,0.80615,0.99935,1,0.995,0.9285,0.99935,1,0.995,0.995,0.40859,0.00892,0.02484,0.17348,0.83646,0.0100161,0.00333871,0.0100161,0.00333871,0.0100161,0.00333871,0.0100161,0.00333871
473,28880,0.2677,0.01074,0.01787,0.17965,0.80392,0.99936,1,0.995,0.92711,0.99936,1,0.995,0.995,0.40838,0.0089,0.02359,0.17459,0.83656,0.00997371,0.00332457,0.00997371,0.00332457,0.00997371,0.00332457,0.00997371,0.00332457
474,28940.8,0.27025,0.01053,0.0126,0.17853,0.79908,0.99936,1,0.995,0.92977,0.99936,1,0.995,0.995,0.40901,0.00892,0.02263,0.17381,0.83661,0.00993129,0.00331043,0.00993129,0.00331043,0.00993129,0.00331043,0.00993129,0.00331043
475,29001.7,0.27025,0.01068,0.0205,0.17982,0.80205,0.99936,1,0.995,0.92852,0.99936,1,0.995,0.995,0.40878,0.0089,0.02172,0.17363,0.83651,0.00988886,0.00329629,0.00988886,0.00329629,0.00988886,0.00329629,0.00988886,0.00329629
476,29062.2,0.26613,0.00945,0.01848,0.17582,0.79897,0.99936,1,0.995,0.92969,0.99936,1,0.995,0.995,0.40876,0.00888,0.02129,0.172,0.83638,0.00984643,0.00328214,0.00984643,0.00328214,0.00984643,0.00328214,0.00984643,0.00328214
477,29123.3,0.26678,0.0107,0.01708,0.18028,0.80165,0.99935,1,0.995,0.92612,0.99935,1,0.995,0.995,0.40888,0.00885,0.02112,0.17434,0.83658,0.009804,0.003268,0.009804,0.003268,0.009804,0.003268,0.009804,0.003268
478,29184.1,0.27215,0.00989,0.01759,0.18044,0.80225,0.99936,1,0.995,0.92651,0.99936,1,0.995,0.995,0.4099,0.00881,0.02126,0.17471,0.83658,0.00976157,0.00325386,0.00976157,0.00325386,0.00976157,0.00325386,0.00976157,0.00325386
479,29245.1,0.26878,0.01017,0.01645,0.17611,0.80411,0.99936,1,0.995,0.92813,0.99936,1,0.995,0.995,0.40974,0.00879,0.0204,0.17737,0.83635,0.00971914,0.00323971,0.00971914,0.00323971,0.00971914,0.00323971,0.00971914,0.00323971
480,29305.8,0.27206,0.01185,0.02097,0.17968,0.80748,0.99936,1,0.995,0.92646,0.99936,1,0.995,0.995,0.40982,0.00869,0.02015,0.17548,0.83672,0.00967671,0.00322557,0.00967671,0.00322557,0.00967671,0.00322557,0.00967671,0.00322557
481,29366.6,0.26947,0.01046,0.01399,0.179,0.80702,0.99935,1,0.995,0.92719,0.99935,1,0.995,0.995,0.41065,0.00865,0.01951,0.17464,0.83643,0.00963429,0.00321143,0.00963429,0.00321143,0.00963429,0.00321143,0.00963429,0.00321143
482,29427.6,0.27066,0.01086,0.01771,0.17705,0.8021,0.99935,1,0.995,0.92722,0.99935,1,0.995,0.995,0.4105,0.00865,0.01857,0.17355,0.83641,0.00959186,0.00319729,0.00959186,0.00319729,0.00959186,0.00319729,0.00959186,0.00319729
483,29488.4,0.26408,0.01244,0.02272,0.17534,0.80602,0.99935,1,0.995,0.92668,0.99935,1,0.995,0.995,0.40909,0.00863,0.01873,0.17406,0.83629,0.00954943,0.00318314,0.00954943,0.00318314,0.00954943,0.00318314,0.00954943,0.00318314
484,29549.5,0.27024,0.00997,0.01861,0.17925,0.80426,0.99935,1,0.995,0.92889,0.99935,1,0.995,0.995,0.40879,0.00864,0.0192,0.17709,0.8363,0.009507,0.003169,0.009507,0.003169,0.009507,0.003169,0.009507,0.003169
485,29610,0.26781,0.00909,0.01744,0.1768,0.80078,0.99935,1,0.995,0.9306,0.99935,1,0.995,0.995,0.40829,0.00864,0.02018,0.17628,0.83637,0.00946457,0.00315486,0.00946457,0.00315486,0.00946457,0.00315486,0.00946457,0.00315486
486,29670.6,0.26405,0.01091,0.01812,0.1747,0.79899,0.99936,1,0.995,0.92839,0.99936,1,0.995,0.995,0.40872,0.00861,0.02054,0.1752,0.83607,0.00942214,0.00314071,0.00942214,0.00314071,0.00942214,0.00314071,0.00942214,0.00314071
487,29731.5,0.26639,0.01062,0.01744,0.1744,0.80046,0.99936,1,0.995,0.92921,0.99936,1,0.995,0.995,0.4087,0.00858,0.0205,0.17576,0.83604,0.00937971,0.00312657,0.00937971,0.00312657,0.00937971,0.00312657,0.00937971,0.00312657
488,29792.5,0.2673,0.01084,0.01448,0.17864,0.80073,0.99936,1,0.995,0.92887,0.99936,1,0.995,0.995,0.40853,0.00857,0.02155,0.1758,0.83566,0.00933729,0.00311243,0.00933729,0.00311243,0.00933729,0.00311243,0.00933729,0.00311243
489,29853.2,0.26488,0.00962,0.01595,0.1757,0.80137,0.99936,1,0.995,0.92976,0.99936,1,0.995,0.995,0.40826,0.00859,0.02176,0.1757,0.83549,0.00929486,0.00309829,0.00929486,0.00309829,0.00929486,0.00309829,0.00929486,0.00309829
490,29914.3,0.26412,0.0101,0.01808,0.1735,0.80137,0.99935,1,0.995,0.92978,0.99935,1,0.995,0.995,0.4085,0.00862,0.02215,0.17691,0.83534,0.00925243,0.00308414,0.00925243,0.00308414,0.00925243,0.00308414,0.00925243,0.00308414
491,29975.1,0.26197,0.01064,0.01649,0.17423,0.80002,0.99935,1,0.995,0.92885,0.99935,1,0.995,0.995,0.40947,0.00865,0.02202,0.17709,0.83547,0.00921,0.00307,0.00921,0.00307,0.00921,0.00307,0.00921,0.00307
492,30036.1,0.26215,0.01023,0.01518,0.17516,0.7996,0.99935,1,0.995,0.92892,0.99935,1,0.995,0.995,0.40992,0.00866,0.02287,0.17763,0.8354,0.00916757,0.00305586,0.00916757,0.00305586,0.00916757,0.00305586,0.00916757,0.00305586
493,30097.2,0.25837,0.00884,0.01425,0.17256,0.79941,0.99937,1,0.995,0.93079,0.99937,1,0.995,0.995,0.40926,0.00874,0.02325,0.17579,0.83529,0.00912514,0.00304171,0.00912514,0.00304171,0.00912514,0.00304171,0.00912514,0.00304171
494,30158.1,0.26381,0.00967,0.01335,0.17715,0.80401,0.99935,1,0.995,0.92947,0.99935,1,0.995,0.995,0.40893,0.00875,0.02403,0.17394,0.8353,0.00908271,0.00302757,0.00908271,0.00302757,0.00908271,0.00302757,0.00908271,0.00302757
495,30219.2,0.26513,0.0138,0.01598,0.17589,0.8026,0.99935,1,0.995,0.92959,0.99935,1,0.995,0.995,0.40851,0.0087,0.02411,0.1747,0.83531,0.00904029,0.00301343,0.00904029,0.00301343,0.00904029,0.00301343,0.00904029,0.00301343
496,30279.9,0.25774,0.01017,0.01386,0.17281,0.80119,0.99935,1,0.995,0.92947,0.99935,1,0.995,0.995,0.40763,0.00871,0.02413,0.17419,0.83544,0.00899786,0.00299929,0.00899786,0.00299929,0.00899786,0.00299929,0.00899786,0.00299929
497,30341,0.26121,0.01051,0.01853,0.17401,0.79969,0.99935,1,0.995,0.92829,0.99935,1,0.995,0.995,0.40752,0.00871,0.02372,0.17631,0.83532,0.00895543,0.00298514,0.00895543,0.00298514,0.00895543,0.00298514,0.00895543,0.00298514
498,30401.8,0.26107,0.01022,0.01591,0.17416,0.80278,0.99936,1,0.995,0.92737,0.99936,1,0.995,0.995,0.40818,0.00877,0.02328,0.17608,0.83548,0.008913,0.002971,0.008913,0.002971,0.008913,0.002971,0.008913,0.002971
499,30462.9,0.26302,0.00937,0.01347,0.1737,0.80049,0.99936,1,0.995,0.92903,0.99936,1,0.995,0.995,0.40781,0.00872,0.02301,0.17736,0.83548,0.00887057,0.00295686,0.00887057,0.00295686,0.00887057,0.00295686,0.00887057,0.00295686
500,30523.9,0.26353,0.01058,0.01491,0.17555,0.80256,0.99936,1,0.995,0.93157,0.99936,1,0.995,0.995,0.40706,0.00873,0.02281,0.17595,0.83556,0.00882814,0.00294271,0.00882814,0.00294271,0.00882814,0.00294271,0.00882814,0.00294271
501,30585,0.26209,0.01097,0.01509,0.17675,0.80222,0.99936,1,0.995,0.929,0.99936,1,0.995,0.995,0.40609,0.00873,0.02262,0.17688,0.83563,0.00878571,0.00292857,0.00878571,0.00292857,0.00878571,0.00292857,0.00878571,0.00292857
502,30646.1,0.26354,0.01035,0.01725,0.17592,0.80136,0.99936,1,0.995,0.93059,0.99936,1,0.995,0.995,0.40656,0.00877,0.02274,0.17608,0.83568,0.00874329,0.00291443,0.00874329,0.00291443,0.00874329,0.00291443,0.00874329,0.00291443
503,30706.8,0.26433,0.00966,0.01768,0.17621,0.79942,0.99936,1,0.995,0.93045,0.99936,1,0.995,0.995,0.4066,0.0088,0.02301,0.17473,0.83566,0.00870086,0.00290029,0.00870086,0.00290029,0.00870086,0.00290029,0.00870086,0.00290029
504,30767.9,0.26405,0.00965,0.01409,0.17635,0.80434,0.99936,1,0.995,0.93063,0.99936,1,0.995,0.995,0.40594,0.00881,0.02297,0.1734,0.83604,0.00865843,0.00288614,0.00865843,0.00288614,0.00865843,0.00288614,0.00865843,0.00288614
505,30828.4,0.26262,0.00952,0.01599,0.17315,0.80152,1,1,0.995,0.93091,1,1,0.995,0.995,0.40586,0.0088,0.0226,0.17395,0.83602,0.008616,0.002872,0.008616,0.002872,0.008616,0.002872,0.008616,0.002872
506,30889.2,0.25606,0.00979,0.01599,0.17254,0.8011,1,1,0.995,0.93071,1,1,0.995,0.995,0.40643,0.00881,0.02292,0.17276,0.83597,0.00857357,0.00285786,0.00857357,0.00285786,0.00857357,0.00285786,0.00857357,0.00285786
507,30949.8,0.2611,0.00966,0.0151,0.17124,0.80367,1,1,0.995,0.93068,1,1,0.995,0.995,0.40549,0.00884,0.02344,0.17364,0.83593,0.00853114,0.00284371,0.00853114,0.00284371,0.00853114,0.00284371,0.00853114,0.00284371
508,31010.7,0.25822,0.00901,0.01549,0.17185,0.80118,1,1,0.995,0.93158,1,1,0.995,0.995,0.40503,0.00887,0.02352,0.17142,0.83596,0.00848871,0.00282957,0.00848871,0.00282957,0.00848871,0.00282957,0.00848871,0.00282957
509,31071.5,0.25577,0.00897,0.01545,0.1692,0.80016,1,1,0.995,0.93071,1,1,0.995,0.995,0.40476,0.00887,0.02386,0.17354,0.83588,0.00844629,0.00281543,0.00844629,0.00281543,0.00844629,0.00281543,0.00844629,0.00281543
510,31132.5,0.2585,0.01071,0.02028,0.17148,0.80168,1,1,0.995,0.93229,1,1,0.995,0.995,0.40393,0.00889,0.02457,0.17348,0.83587,0.00840386,0.00280129,0.00840386,0.00280129,0.00840386,0.00280129,0.00840386,0.00280129
511,31193.6,0.25521,0.00889,0.01306,0.16897,0.79869,1,1,0.995,0.93069,1,1,0.995,0.995,0.4043,0.0089,0.02511,0.17292,0.83572,0.00836143,0.00278714,0.00836143,0.00278714,0.00836143,0.00278714,0.00836143,0.00278714
512,31254.4,0.26195,0.01009,0.01457,0.1714,0.8039,1,1,0.995,0.93064,1,1,0.995,0.995,0.40496,0.00888,0.0254,0.1732,0.83584,0.008319,0.002773,0.008319,0.002773,0.008319,0.002773,0.008319,0.002773
513,31315.4,0.25945,0.00868,0.01218,0.17263,0.8017,1,1,0.995,0.93068,1,1,0.995,0.995,0.40506,0.00891,0.02569,0.17299,0.83577,0.00827657,0.00275886,0.00827657,0.00275886,0.00827657,0.00275886,0.00827657,0.00275886
514,31376.2,0.25819,0.01026,0.01627,0.17206,0.79853,1,1,0.995,0.93068,1,1,0.995,0.995,0.40499,0.00888,0.02608,0.17319,0.83587,0.00823414,0.00274471,0.00823414,0.00274471,0.00823414,0.00274471,0.00823414,0.00274471
515,31437.1,0.25196,0.01092,0.01448,0.16883,0.79793,1,1,0.995,0.9309,1,1,0.995,0.995,0.40467,0.0089,0.02696,0.17468,0.8358,0.00819171,0.00273057,0.00819171,0.00273057,0.00819171,0.00273057,0.00819171,0.00273057
516,31497.7,0.25947,0.00936,0.01508,0.17235,0.80208,1,1,0.995,0.93086,1,1,0.995,0.995,0.40499,0.00892,0.02764,0.17489,0.83573,0.00814929,0.00271643,0.00814929,0.00271643,0.00814929,0.00271643,0.00814929,0.00271643
517,31558.5,0.25055,0.01033,0.01368,0.16818,0.80045,1,1,0.995,0.93071,1,1,0.995,0.995,0.40359,0.00894,0.02795,0.17479,0.83569,0.00810686,0.00270229,0.00810686,0.00270229,0.00810686,0.00270229,0.00810686,0.00270229
518,31619,0.25397,0.00875,0.01644,0.16819,0.79931,1,1,0.995,0.93076,1,1,0.995,0.995,0.40399,0.00898,0.02801,0.17565,0.83528,0.00806443,0.00268814,0.00806443,0.00268814,0.00806443,0.00268814,0.00806443,0.00268814
519,31680,0.25537,0.0099,0.01251,0.17028,0.79863,1,1,0.995,0.93084,1,1,0.995,0.995,0.40381,0.00903,0.02799,0.17709,0.83549,0.008022,0.002674,0.008022,0.002674,0.008022,0.002674,0.008022,0.002674
520,31740.9,0.25399,0.00896,0.01315,0.16736,0.80021,1,1,0.995,0.93312,1,1,0.995,0.995,0.40314,0.00903,0.02827,0.17546,0.83555,0.00797957,0.00265986,0.00797957,0.00265986,0.00797957,0.00265986,0.00797957,0.00265986
521,31801.4,0.25172,0.00882,0.01693,0.16789,0.79886,1,1,0.995,0.93239,1,1,0.995,0.995,0.40259,0.00902,0.02815,0.17523,0.83559,0.00793714,0.00264571,0.00793714,0.00264571,0.00793714,0.00264571,0.00793714,0.00264571
522,31862.3,0.24871,0.00885,0.01464,0.16312,0.80052,1,1,0.995,0.93186,1,1,0.995,0.995,0.40299,0.00903,0.02827,0.17369,0.83551,0.00789471,0.00263157,0.00789471,0.00263157,0.00789471,0.00263157,0.00789471,0.00263157
523,31923.1,0.25014,0.0093,0.01385,0.16504,0.79726,1,1,0.995,0.93334,1,1,0.995,0.995,0.40285,0.00902,0.02897,0.17524,0.83551,0.00785229,0.00261743,0.00785229,0.00261743,0.00785229,0.00261743,0.00785229,0.00261743
524,31984.1,0.2547,0.01042,0.01649,0.17152,0.79924,1,1,0.995,0.93262,1,1,0.995,0.995,0.40265,0.00903,0.02961,0.17325,0.83555,0.00780986,0.00260329,0.00780986,0.00260329,0.00780986,0.00260329,0.00780986,0.00260329
525,32044.8,0.25612,0.0099,0.0178,0.17092,0.80134,1,1,0.995,0.93187,1,1,0.995,0.995,0.40255,0.00903,0.02993,0.17672,0.83529,0.00776743,0.00258914,0.00776743,0.00258914,0.00776743,0.00258914,0.00776743,0.00258914
526,32105.9,0.25237,0.00958,0.01375,0.16944,0.79663,1,1,0.995,0.93271,1,1,0.995,0.995,0.40204,0.00903,0.02991,0.17495,0.83543,0.007725,0.002575,0.007725,0.002575,0.007725,0.002575,0.007725,0.002575
527,32166.8,0.25583,0.01034,0.01671,0.17135,0.80744,1,1,0.995,0.93254,1,1,0.995,0.995,0.40238,0.00903,0.03011,0.1754,0.83529,0.00768257,0.00256086,0.00768257,0.00256086,0.00768257,0.00256086,0.00768257,0.00256086
528,32227.8,0.25502,0.00947,0.0171,0.16873,0.80215,1,1,0.995,0.93274,1,1,0.995,0.995,0.402,0.00903,0.03028,0.17546,0.83555,0.00764014,0.00254671,0.00764014,0.00254671,0.00764014,0.00254671,0.00764014,0.00254671
529,32288.8,0.25085,0.00928,0.01681,0.16685,0.80322,1,1,0.995,0.9335,1,1,0.995,0.995,0.40216,0.00907,0.03029,0.17412,0.83522,0.00759771,0.00253257,0.00759771,0.00253257,0.00759771,0.00253257,0.00759771,0.00253257
530,32349.5,0.25407,0.00934,0.01296,0.16814,0.80267,1,1,0.995,0.93278,1,1,0.995,0.995,0.40208,0.0091,0.02997,0.17436,0.8351,0.00755529,0.00251843,0.00755529,0.00251843,0.00755529,0.00251843,0.00755529,0.00251843
531,32410.7,0.2475,0.00937,0.01606,0.16552,0.79739,1,1,0.995,0.93273,1,1,0.995,0.995,0.40244,0.0091,0.02959,0.17273,0.83503,0.00751286,0.00250429,0.00751286,0.00250429,0.00751286,0.00250429,0.00751286,0.00250429
532,32471.3,0.25306,0.00849,0.01248,0.16759,0.80058,1,1,0.995,0.9319,1,1,0.995,0.995,0.4019,0.00911,0.02901,0.17372,0.83509,0.00747043,0.00249014,0.00747043,0.00249014,0.00747043,0.00249014,0.00747043,0.00249014
533,32532.2,0.24777,0.01008,0.01575,0.16681,0.79914,1,1,0.995,0.93185,1,1,0.995,0.995,0.40213,0.00911,0.02824,0.17496,0.83477,0.007428,0.002476,0.007428,0.002476,0.007428,0.002476,0.007428,0.002476
534,32592.6,0.24295,0.00887,0.01545,0.16161,0.79747,1,1,0.995,0.93189,1,1,0.995,0.995,0.40193,0.00911,0.0278,0.17495,0.83496,0.00738557,0.00246186,0.00738557,0.00246186,0.00738557,0.00246186,0.00738557,0.00246186
535,32653.6,0.24722,0.00831,0.01436,0.16307,0.79794,1,1,0.995,0.93164,1,1,0.995,0.995,0.40254,0.00914,0.02793,0.17353,0.83492,0.00734314,0.00244771,0.00734314,0.00244771,0.00734314,0.00244771,0.00734314,0.00244771
536,32714.7,0.24381,0.00918,0.01156,0.16295,0.7985,1,1,0.995,0.93161,1,1,0.995,0.995,0.40236,0.00917,0.02831,0.17441,0.83493,0.00730071,0.00243357,0.00730071,0.00243357,0.00730071,0.00243357,0.00730071,0.00243357
537,32775.9,0.2435,0.00863,0.01603,0.16383,0.797,1,1,0.995,0.93174,1,1,0.995,0.995,0.40206,0.00918,0.02837,0.17419,0.83487,0.00725829,0.00241943,0.00725829,0.00241943,0.00725829,0.00241943,0.00725829,0.00241943
538,32837.1,0.24898,0.0085,0.0137,0.16681,0.80275,1,1,0.995,0.93165,1,1,0.995,0.995,0.40186,0.00918,0.0287,0.1749,0.83513,0.00721586,0.00240529,0.00721586,0.00240529,0.00721586,0.00240529,0.00721586,0.00240529
539,32897.9,0.24608,0.00858,0.01413,0.16513,0.79903,1,1,0.995,0.93132,1,1,0.995,0.995,0.40233,0.00915,0.02878,0.1754,0.83516,0.00717343,0.00239114,0.00717343,0.00239114,0.00717343,0.00239114,0.00717343,0.00239114
540,32958.8,0.24197,0.00816,0.01382,0.16194,0.79709,1,1,0.995,0.9318,1,1,0.995,0.995,0.40305,0.00916,0.02892,0.17407,0.83515,0.007131,0.002377,0.007131,0.002377,0.007131,0.002377,0.007131,0.002377
541,33019.6,0.23828,0.00941,0.01435,0.16144,0.79875,1,1,0.995,0.93169,1,1,0.995,0.995,0.40276,0.00916,0.02946,0.17547,0.83475,0.00708857,0.00236286,0.00708857,0.00236286,0.00708857,0.00236286,0.00708857,0.00236286
542,33081.1,0.24572,0.0083,0.01134,0.16314,0.79819,1,1,0.995,0.9315,1,1,0.995,0.995,0.40227,0.00915,0.02964,0.17566,0.83445,0.00704614,0.00234871,0.00704614,0.00234871,0.00704614,0.00234871,0.00704614,0.00234871
543,33141.8,0.24405,0.00944,0.01592,0.16009,0.80098,1,1,0.995,0.93147,1,1,0.995,0.995,0.40277,0.00915,0.02982,0.17646,0.83428,0.00700371,0.00233457,0.00700371,0.00233457,0.00700371,0.00233457,0.00700371,0.00233457
544,33202.7,0.2496,0.00928,0.0154,0.16604,0.80438,1,1,0.995,0.93241,1,1,0.995,0.995,0.40263,0.00917,0.02985,0.17822,0.83375,0.00696129,0.00232043,0.00696129,0.00232043,0.00696129,0.00232043,0.00696129,0.00232043
545,33263.4,0.24594,0.00927,0.01378,0.16445,0.80225,1,1,0.995,0.93188,1,1,0.995,0.995,0.4015,0.0092,0.03028,0.17879,0.83372,0.00691886,0.00230629,0.00691886,0.00230629,0.00691886,0.00230629,0.00691886,0.00230629
546,33324.4,0.24319,0.00905,0.01238,0.16284,0.79544,1,1,0.995,0.93126,1,1,0.995,0.995,0.40257,0.00919,0.03074,0.17779,0.83304,0.00687643,0.00229214,0.00687643,0.00229214,0.00687643,0.00229214,0.00687643,0.00229214
547,33385.3,0.2407,0.00895,0.0166,0.1625,0.79646,1,1,0.995,0.9314,1,1,0.995,0.995,0.40244,0.0092,0.03101,0.17794,0.83271,0.006834,0.002278,0.006834,0.002278,0.006834,0.002278,0.006834,0.002278
548,33446,0.24258,0.00796,0.01399,0.16101,0.79387,1,1,0.995,0.93422,1,1,0.995,0.995,0.40338,0.00921,0.03136,0.17668,0.83275,0.00679157,0.00226386,0.00679157,0.00226386,0.00679157,0.00226386,0.00679157,0.00226386
549,33506.9,0.24664,0.01122,0.01177,0.16265,0.79454,0.99935,1,0.995,0.93408,0.99935,1,0.995,0.995,0.40348,0.00922,0.03166,0.17571,0.83209,0.00674914,0.00224971,0.00674914,0.00224971,0.00674914,0.00224971,0.00674914,0.00224971
550,33567.5,0.2427,0.01288,0.01568,0.16328,0.79951,0.99935,1,0.995,0.93368,0.99935,1,0.995,0.995,0.40304,0.00924,0.03218,0.17594,0.83165,0.00670671,0.00223557,0.00670671,0.00223557,0.00670671,0.00223557,0.00670671,0.00223557
551,33628.4,0.24604,0.01092,0.01691,0.16576,0.80298,0.99935,1,0.995,0.93356,0.99935,1,0.995,0.995,0.40214,0.00925,0.03268,0.17716,0.8315,0.00666429,0.00222143,0.00666429,0.00222143,0.00666429,0.00222143,0.00666429,0.00222143
552,33689.4,0.24567,0.00924,0.01463,0.16222,0.80077,0.99936,1,0.995,0.93338,0.99936,1,0.995,0.995,0.40241,0.00925,0.03306,0.17637,0.83142,0.00662186,0.00220729,0.00662186,0.00220729,0.00662186,0.00220729,0.00662186,0.00220729
553,33750.4,0.23635,0.00933,0.01441,0.15635,0.79681,0.99936,1,0.995,0.93331,0.99936,1,0.995,0.995,0.40172,0.00926,0.03328,0.1753,0.83138,0.00657943,0.00219314,0.00657943,0.00219314,0.00657943,0.00219314,0.00657943,0.00219314
554,33811.3,0.23569,0.00765,0.01235,0.15606,0.79747,0.99936,1,0.995,0.93454,0.99936,1,0.995,0.995,0.40234,0.00928,0.03317,0.17688,0.83106,0.006537,0.002179,0.006537,0.002179,0.006537,0.002179,0.006537,0.002179
555,33872.4,0.24738,0.00987,0.01288,0.16418,0.79897,0.99936,1,0.995,0.93427,0.99936,1,0.995,0.995,0.40245,0.00928,0.03319,0.17584,0.83115,0.00649457,0.00216486,0.00649457,0.00216486,0.00649457,0.00216486,0.00649457,0.00216486
556,33933.5,0.24663,0.00889,0.01253,0.1631,0.79823,0.99936,1,0.995,0.93382,0.99936,1,0.995,0.995,0.40189,0.00929,0.03349,0.17379,0.83139,0.00645214,0.00215071,0.00645214,0.00215071,0.00645214,0.00215071,0.00645214,0.00215071
557,33994.4,0.24011,0.01013,0.01455,0.16031,0.79614,0.99936,1,0.995,0.93514,0.99936,1,0.995,0.995,0.4014,0.0093,0.03403,0.17339,0.8314,0.00640971,0.00213657,0.00640971,0.00213657,0.00640971,0.00213657,0.00640971,0.00213657
558,34055.6,0.24438,0.00783,0.01537,0.16224,0.80153,0.99936,1,0.995,0.93474,0.99936,1,0.995,0.995,0.40147,0.00931,0.03461,0.17393,0.83141,0.00636729,0.00212243,0.00636729,0.00212243,0.00636729,0.00212243,0.00636729,0.00212243
559,34116.5,0.24711,0.00865,0.01652,0.161,0.79658,0.99936,1,0.995,0.93399,0.99936,1,0.995,0.995,0.40145,0.00931,0.03495,0.17489,0.8315,0.00632486,0.00210829,0.00632486,0.00210829,0.00632486,0.00210829,0.00632486,0.00210829
560,34177.6,0.24334,0.00976,0.0145,0.16261,0.79644,0.99936,1,0.995,0.93414,0.99936,1,0.995,0.995,0.40117,0.00932,0.03515,0.17328,0.8317,0.00628243,0.00209414,0.00628243,0.00209414,0.00628243,0.00209414,0.00628243,0.00209414
561,34238.5,0.24175,0.00864,0.01247,0.15918,0.79547,0.99936,1,0.995,0.935,0.99936,1,0.995,0.995,0.40143,0.00934,0.03524,0.17344,0.83185,0.00624,0.00208,0.00624,0.00208,0.00624,0.00208,0.00624,0.00208
562,34299.7,0.24625,0.00865,0.01412,0.1604,0.79976,0.99936,1,0.995,0.936,0.99936,1,0.995,0.995,0.401,0.00935,0.03546,0.17238,0.83169,0.00619757,0.00206586,0.00619757,0.00206586,0.00619757,0.00206586,0.00619757,0.00206586
563,34360.4,0.24076,0.00852,0.01438,0.16014,0.79936,0.99936,1,0.995,0.93512,0.99936,1,0.995,0.995,0.40065,0.00934,0.03561,0.1708,0.83184,0.00615514,0.00205171,0.00615514,0.00205171,0.00615514,0.00205171,0.00615514,0.00205171
564,34421.5,0.23809,0.00806,0.01323,0.15949,0.80186,0.99936,1,0.995,0.93598,0.99936,1,0.995,0.995,0.40028,0.00934,0.03561,0.1723,0.83166,0.00611271,0.00203757,0.00611271,0.00203757,0.00611271,0.00203757,0.00611271,0.00203757
565,34482.6,0.23362,0.01003,0.01241,0.15841,0.79561,0.99936,1,0.995,0.93641,0.99936,1,0.995,0.995,0.40023,0.00937,0.03573,0.17289,0.83154,0.00607029,0.00202343,0.00607029,0.00202343,0.00607029,0.00202343,0.00607029,0.00202343
566,34543.3,0.2378,0.00833,0.01626,0.15881,0.80101,0.99936,1,0.995,0.93778,0.99936,1,0.995,0.995,0.40025,0.00936,0.03575,0.17248,0.83147,0.00602786,0.00200929,0.00602786,0.00200929,0.00602786,0.00200929,0.00602786,0.00200929
567,34604.2,0.23477,0.00876,0.01662,0.15647,0.79415,0.99936,1,0.995,0.93551,0.99936,1,0.995,0.995,0.40104,0.00937,0.03603,0.17174,0.83147,0.00598543,0.00199514,0.00598543,0.00199514,0.00598543,0.00199514,0.00598543,0.00199514
568,34665,0.23429,0.00793,0.01143,0.15675,0.79795,0.99936,1,0.995,0.93774,0.99936,1,0.995,0.995,0.40027,0.00938,0.036,0.17299,0.83119,0.005943,0.001981,0.005943,0.001981,0.005943,0.001981,0.005943,0.001981
569,34726.2,0.23359,0.00819,0.01494,0.15602,0.79421,0.99936,1,0.995,0.93651,0.99936,1,0.995,0.995,0.39964,0.00939,0.03612,0.17228,0.83102,0.00590057,0.00196686,0.00590057,0.00196686,0.00590057,0.00196686,0.00590057,0.00196686
570,34787,0.24186,0.00947,0.01394,0.15863,0.79935,0.99936,1,0.995,0.93655,0.99936,1,0.995,0.995,0.39886,0.00939,0.03623,0.17125,0.83102,0.00585814,0.00195271,0.00585814,0.00195271,0.00585814,0.00195271,0.00585814,0.00195271
571,34848,0.2357,0.00904,0.01678,0.15671,0.79667,0.99936,1,0.995,0.93445,0.99936,1,0.995,0.995,0.39999,0.00939,0.03652,0.17261,0.83102,0.00581571,0.00193857,0.00581571,0.00193857,0.00581571,0.00193857,0.00581571,0.00193857
572,34908.8,0.22958,0.00823,0.01636,0.15477,0.79832,0.99936,1,0.995,0.93438,0.99936,1,0.995,0.995,0.39957,0.0094,0.03628,0.17161,0.83097,0.00577329,0.00192443,0.00577329,0.00192443,0.00577329,0.00192443,0.00577329,0.00192443
573,34970,0.2418,0.00911,0.01417,0.16154,0.8027,0.99936,1,0.995,0.93521,0.99936,1,0.995,0.995,0.3993,0.00939,0.036,0.17076,0.83091,0.00573086,0.00191029,0.00573086,0.00191029,0.00573086,0.00191029,0.00573086,0.00191029
574,35031.1,0.23197,0.00753,0.01408,0.1546,0.79816,0.99936,1,0.995,0.93639,0.99936,1,0.995,0.995,0.40002,0.00939,0.03559,0.17108,0.831,0.00568843,0.00189614,0.00568843,0.00189614,0.00568843,0.00189614,0.00568843,0.00189614
575,35091.7,0.23327,0.00764,0.01096,0.1547,0.7937,0.99936,1,0.995,0.93478,0.99936,1,0.995,0.995,0.40003,0.0094,0.03506,0.17161,0.83083,0.005646,0.001882,0.005646,0.001882,0.005646,0.001882,0.005646,0.001882
576,35152.3,0.23646,0.00874,0.01219,0.15761,0.79859,0.99936,1,0.995,0.93635,0.99936,1,0.995,0.995,0.39891,0.00938,0.03489,0.17156,0.83089,0.00560357,0.00186786,0.00560357,0.00186786,0.00560357,0.00186786,0.00560357,0.00186786
577,35213,0.23413,0.00812,0.0126,0.1557,0.79424,0.99936,1,0.995,0.93527,0.99936,1,0.995,0.995,0.39973,0.0094,0.03459,0.17232,0.83099,0.00556114,0.00185371,0.00556114,0.00185371,0.00556114,0.00185371,0.00556114,0.00185371
578,35273.9,0.23396,0.00779,0.01439,0.15519,0.79921,0.99936,1,0.995,0.93691,0.99936,1,0.995,0.995,0.39974,0.00938,0.03466,0.17142,0.83102,0.00551871,0.00183957,0.00551871,0.00183957,0.00551871,0.00183957,0.00551871,0.00183957
579,35334.7,0.22893,0.00803,0.01379,0.15465,0.79668,0.99936,1,0.995,0.93621,0.99936,1,0.995,0.995,0.40061,0.00939,0.03482,0.17142,0.83107,0.00547629,0.00182543,0.00547629,0.00182543,0.00547629,0.00182543,0.00547629,0.00182543
580,35395.7,0.23657,0.00851,0.01602,0.15742,0.80153,0.99936,1,0.995,0.93482,0.99936,1,0.995,0.995,0.40043,0.00939,0.03484,0.17247,0.83101,0.00543386,0.00181129,0.00543386,0.00181129,0.00543386,0.00181129,0.00543386,0.00181129
581,35456.3,0.23557,0.00867,0.01456,0.15827,0.79788,0.99936,1,0.995,0.93559,0.99936,1,0.995,0.995,0.39989,0.00939,0.03514,0.17199,0.83091,0.00539143,0.00179714,0.00539143,0.00179714,0.00539143,0.00179714,0.00539143,0.00179714
582,35517.3,0.23507,0.0075,0.01198,0.15793,0.79734,0.99936,1,0.995,0.93704,0.99936,1,0.995,0.995,0.40037,0.00939,0.0354,0.17233,0.83103,0.005349,0.001783,0.005349,0.001783,0.005349,0.001783,0.005349,0.001783
583,35578.5,0.23206,0.00768,0.01453,0.1556,0.79561,0.99936,1,0.995,0.93692,0.99936,1,0.995,0.995,0.40032,0.00941,0.03578,0.17319,0.83095,0.00530657,0.00176886,0.00530657,0.00176886,0.00530657,0.00176886,0.00530657,0.00176886
584,35639.3,0.22594,0.00878,0.01216,0.15123,0.78958,0.99936,1,0.995,0.93699,0.99936,1,0.995,0.995,0.40017,0.00941,0.03627,0.17178,0.83089,0.00526414,0.00175471,0.00526414,0.00175471,0.00526414,0.00175471,0.00526414,0.00175471
585,35700.5,0.23077,0.00796,0.01445,0.15584,0.79375,0.99936,1,0.995,0.93821,0.99936,1,0.995,0.995,0.40021,0.00942,0.03641,0.17194,0.83094,0.00522171,0.00174057,0.00522171,0.00174057,0.00522171,0.00174057,0.00522171,0.00174057
586,35761,0.22741,0.00766,0.01541,0.15363,0.79654,0.99936,1,0.995,0.93744,0.99936,1,0.995,0.995,0.40115,0.00943,0.03647,0.1717,0.83099,0.00517929,0.00172643,0.00517929,0.00172643,0.00517929,0.00172643,0.00517929,0.00172643
587,35821.9,0.22528,0.00727,0.0125,0.15248,0.7947,0.99936,1,0.995,0.93675,0.99936,1,0.995,0.995,0.40046,0.00944,0.0367,0.17225,0.83097,0.00513686,0.00171229,0.00513686,0.00171229,0.00513686,0.00171229,0.00513686,0.00171229
588,35882.6,0.23041,0.00762,0.01471,0.15394,0.79385,0.99936,1,0.995,0.9358,0.99936,1,0.995,0.995,0.40105,0.00944,0.03688,0.1731,0.83095,0.00509443,0.00169814,0.00509443,0.00169814,0.00509443,0.00169814,0.00509443,0.00169814
589,35943.4,0.22888,0.00861,0.0148,0.15175,0.79725,0.99936,1,0.995,0.9366,0.99936,1,0.995,0.995,0.40099,0.00945,0.03692,0.17352,0.83086,0.005052,0.001684,0.005052,0.001684,0.005052,0.001684,0.005052,0.001684
590,36004,0.22518,0.007,0.01283,0.15206,0.792,0.99936,1,0.995,0.93665,0.99936,1,0.995,0.995,0.4007,0.00946,0.03698,0.1724,0.83094,0.00500957,0.00166986,0.00500957,0.00166986,0.00500957,0.00166986,0.00500957,0.00166986
591,36064.9,0.22489,0.00813,0.01354,0.151,0.79386,0.99936,1,0.995,0.93714,0.99936,1,0.995,0.995,0.40042,0.00947,0.03725,0.17265,0.83076,0.00496714,0.00165571,0.00496714,0.00165571,0.00496714,0.00165571,0.00496714,0.00165571
592,36125.7,0.2322,0.00921,0.01672,0.15549,0.80043,0.99936,1,0.995,0.93716,0.99936,1,0.995,0.995,0.40019,0.00947,0.03708,0.17442,0.83072,0.00492471,0.00164157,0.00492471,0.00164157,0.00492471,0.00164157,0.00492471,0.00164157
593,36186.6,0.22281,0.00846,0.01229,0.15202,0.79456,0.99936,1,0.995,0.93716,0.99936,1,0.995,0.995,0.40057,0.00946,0.03712,0.1738,0.83078,0.00488229,0.00162743,0.00488229,0.00162743,0.00488229,0.00162743,0.00488229,0.00162743
594,36247.8,0.23244,0.0087,0.0124,0.157,0.79856,0.99936,1,0.995,0.93639,0.99936,1,0.995,0.995,0.4009,0.00948,0.03715,0.1737,0.83078,0.00483986,0.00161329,0.00483986,0.00161329,0.00483986,0.00161329,0.00483986,0.00161329
595,36308.6,0.22997,0.00801,0.01391,0.15432,0.79747,0.99936,1,0.995,0.93714,0.99936,1,0.995,0.995,0.40092,0.00948,0.03716,0.17344,0.83088,0.00479743,0.00159914,0.00479743,0.00159914,0.00479743,0.00159914,0.00479743,0.00159914
596,36369.8,0.22047,0.00832,0.01122,0.15084,0.79499,0.99936,1,0.995,0.93736,0.99936,1,0.995,0.995,0.4003,0.00947,0.03727,0.17358,0.83084,0.004755,0.001585,0.004755,0.001585,0.004755,0.001585,0.004755,0.001585
597,36430.7,0.22126,0.00737,0.01334,0.15027,0.79476,0.99936,1,0.995,0.94006,0.99936,1,0.995,0.995,0.40063,0.00949,0.03734,0.17357,0.83087,0.00471257,0.00157086,0.00471257,0.00157086,0.00471257,0.00157086,0.00471257,0.00157086
598,36491.7,0.22875,0.00895,0.01777,0.15501,0.79773,0.99936,1,0.995,0.93724,0.99936,1,0.995,0.995,0.40084,0.00951,0.03737,0.1743,0.83082,0.00467014,0.00155671,0.00467014,0.00155671,0.00467014,0.00155671,0.00467014,0.00155671
599,36552.5,0.22533,0.00828,0.01349,0.1512,0.7951,0.99936,1,0.995,0.93799,0.99936,1,0.995,0.995,0.40082,0.00953,0.03733,0.17581,0.83085,0.00462771,0.00154257,0.00462771,0.00154257,0.00462771,0.00154257,0.00462771,0.00154257
600,36613.5,0.22387,0.00755,0.0121,0.14863,0.79394,0.99936,1,0.995,0.93723,0.99936,1,0.995,0.995,0.40082,0.00952,0.03734,0.17396,0.8308,0.00458529,0.00152843,0.00458529,0.00152843,0.00458529,0.00152843,0.00458529,0.00152843
601,36674.7,0.22105,0.00754,0.01227,0.14889,0.7957,0.99936,1,0.995,0.93875,0.99936,1,0.995,0.995,0.40048,0.00953,0.03732,0.17474,0.83075,0.00454286,0.00151429,0.00454286,0.00151429,0.00454286,0.00151429,0.00454286,0.00151429
602,36735.6,0.22773,0.00847,0.01229,0.15033,0.79511,0.99936,1,0.995,0.94012,0.99936,1,0.995,0.995,0.40044,0.00955,0.03732,0.17441,0.83075,0.00450043,0.00150014,0.00450043,0.00150014,0.00450043,0.00150014,0.00450043,0.00150014
603,36796.7,0.22178,0.00904,0.01388,0.14944,0.79774,0.99936,1,0.995,0.93848,0.99936,1,0.995,0.995,0.40064,0.00955,0.03749,0.17573,0.83094,0.004458,0.001486,0.004458,0.001486,0.004458,0.001486,0.004458,0.001486
604,36857.5,0.22255,0.00805,0.0108,0.14889,0.79377,0.99936,1,0.995,0.93846,0.99936,1,0.995,0.995,0.40102,0.00954,0.03747,0.17594,0.8307,0.00441557,0.00147186,0.00441557,0.00147186,0.00441557,0.00147186,0.00441557,0.00147186
605,36918.6,0.21732,0.00722,0.01312,0.1478,0.7884,0.99936,1,0.995,0.93821,0.99936,1,0.995,0.995,0.4008,0.00957,0.03748,0.17476,0.83064,0.00437314,0.00145771,0.00437314,0.00145771,0.00437314,0.00145771,0.00437314,0.00145771
606,36979.1,0.21572,0.00757,0.0111,0.14745,0.79277,0.99936,1,0.995,0.93926,0.99936,1,0.995,0.995,0.40071,0.00957,0.0375,0.17494,0.8305,0.00433071,0.00144357,0.00433071,0.00144357,0.00433071,0.00144357,0.00433071,0.00144357
607,37040.3,0.22867,0.00762,0.01219,0.15145,0.79437,0.99936,1,0.995,0.93969,0.99936,1,0.995,0.995,0.39898,0.00958,0.03749,0.1745,0.83069,0.00428829,0.00142943,0.00428829,0.00142943,0.00428829,0.00142943,0.00428829,0.00142943
608,37101.1,0.22037,0.00714,0.01161,0.15144,0.79184,0.99936,1,0.995,0.93741,0.99936,1,0.995,0.995,0.40075,0.00959,0.03757,0.17501,0.83074,0.00424586,0.00141529,0.00424586,0.00141529,0.00424586,0.00141529,0.00424586,0.00141529
609,37162.3,0.22335,0.00856,0.0126,0.1511,0.7951,0.99936,1,0.995,0.93702,0.99936,1,0.995,0.995,0.40046,0.00961,0.03765,0.17474,0.83062,0.00420343,0.00140114,0.00420343,0.00140114,0.00420343,0.00140114,0.00420343,0.00140114
610,37223.3,0.21968,0.00829,0.01352,0.1476,0.79485,0.99936,1,0.995,0.93963,0.99936,1,0.995,0.995,0.40045,0.00961,0.03756,0.17601,0.83059,0.004161,0.001387,0.004161,0.001387,0.004161,0.001387,0.004161,0.001387
611,37284.2,0.21788,0.00686,0.01373,0.14691,0.79464,0.99936,1,0.995,0.93806,0.99936,1,0.995,0.995,0.40055,0.00962,0.03763,0.17439,0.83069,0.00411857,0.00137286,0.00411857,0.00137286,0.00411857,0.00137286,0.00411857,0.00137286
612,37345.3,0.22042,0.00789,0.01134,0.14896,0.79227,0.99936,1,0.995,0.94069,0.99936,1,0.995,0.995,0.40017,0.00963,0.03765,0.17336,0.83084,0.00407614,0.00135871,0.00407614,0.00135871,0.00407614,0.00135871,0.00407614,0.00135871
613,37405.9,0.22175,0.00705,0.01345,0.14756,0.79666,0.99936,1,0.995,0.93826,0.99936,1,0.995,0.995,0.4005,0.00964,0.03762,0.17331,0.83068,0.00403371,0.00134457,0.00403371,0.00134457,0.00403371,0.00134457,0.00403371,0.00134457
614,37466.7,0.21528,0.00731,0.01111,0.1447,0.79521,0.99936,1,0.995,0.93917,0.99936,1,0.995,0.995,0.39976,0.00966,0.03747,0.174,0.83061,0.00399129,0.00133043,0.00399129,0.00133043,0.00399129,0.00133043,0.00399129,0.00133043
615,37527.4,0.21847,0.00761,0.01044,0.14747,0.79293,0.99936,1,0.995,0.938,0.99936,1,0.995,0.995,0.40044,0.00964,0.03765,0.17387,0.8307,0.00394886,0.00131629,0.00394886,0.00131629,0.00394886,0.00131629,0.00394886,0.00131629
616,37588.5,0.22118,0.00732,0.01209,0.1486,0.79746,0.99936,1,0.995,0.93848,0.99936,1,0.995,0.995,0.40033,0.00968,0.03795,0.17292,0.83084,0.00390643,0.00130214,0.00390643,0.00130214,0.00390643,0.00130214,0.00390643,0.00130214
617,37649.3,0.21468,0.00768,0.01187,0.14492,0.79599,0.99936,1,0.995,0.93923,0.99936,1,0.995,0.995,0.39939,0.00968,0.03806,0.17222,0.8307,0.003864,0.001288,0.003864,0.001288,0.003864,0.001288,0.003864,0.001288
618,37710.5,0.21283,0.00701,0.01264,0.14313,0.79009,0.99937,1,0.995,0.93917,0.99937,1,0.995,0.995,0.40047,0.0097,0.03827,0.17372,0.83064,0.00382157,0.00127386,0.00382157,0.00127386,0.00382157,0.00127386,0.00382157,0.00127386
619,37771.6,0.21866,0.0077,0.01085,0.14664,0.79332,0.99937,1,0.995,0.93808,0.99937,1,0.995,0.995,0.40055,0.00972,0.03858,0.17237,0.83071,0.00377914,0.00125971,0.00377914,0.00125971,0.00377914,0.00125971,0.00377914,0.00125971
620,37832.6,0.22481,0.0074,0.01207,0.14918,0.79783,0.99937,1,0.995,0.93699,0.99937,1,0.995,0.995,0.40071,0.00973,0.03881,0.17458,0.83083,0.00373671,0.00124557,0.00373671,0.00124557,0.00373671,0.00124557,0.00373671,0.00124557
621,37893.8,0.21482,0.00723,0.01311,0.14486,0.7947,0.99936,1,0.995,0.94003,0.99936,1,0.995,0.995,0.40028,0.00979,0.03904,0.17299,0.83064,0.00369429,0.00123143,0.00369429,0.00123143,0.00369429,0.00123143,0.00369429,0.00123143
622,37954.6,0.21723,0.00749,0.00965,0.14762,0.79291,0.99937,1,0.995,0.93815,0.99937,1,0.995,0.995,0.40003,0.0098,0.03917,0.17384,0.83078,0.00365186,0.00121729,0.00365186,0.00121729,0.00365186,0.00121729,0.00365186,0.00121729
623,38015.7,0.217,0.00789,0.01299,0.14471,0.79287,0.99937,1,0.995,0.93815,0.99937,1,0.995,0.995,0.4006,0.00981,0.03928,0.17255,0.83073,0.00360943,0.00120314,0.00360943,0.00120314,0.00360943,0.00120314,0.00360943,0.00120314
624,38076.5,0.2161,0.00768,0.01171,0.14605,0.79163,0.99937,1,0.995,0.93773,0.99937,1,0.995,0.995,0.40048,0.00983,0.03946,0.17296,0.8308,0.003567,0.001189,0.003567,0.001189,0.003567,0.001189,0.003567,0.001189
625,38137.6,0.21522,0.00852,0.01485,0.14378,0.79302,0.99937,1,0.995,0.93878,0.99937,1,0.995,0.995,0.39967,0.00983,0.03943,0.17218,0.83079,0.00352457,0.00117486,0.00352457,0.00117486,0.00352457,0.00117486,0.00352457,0.00117486
626,38198.3,0.21307,0.00717,0.01191,0.14605,0.79069,0.99937,1,0.995,0.93929,0.99937,1,0.995,0.995,0.39942,0.00984,0.03954,0.17396,0.83089,0.00348214,0.00116071,0.00348214,0.00116071,0.00348214,0.00116071,0.00348214,0.00116071
627,38259.3,0.21524,0.00774,0.0102,0.1446,0.79223,0.99937,1,0.995,0.93768,0.99937,1,0.995,0.995,0.3996,0.00986,0.03946,0.17319,0.83078,0.00343971,0.00114657,0.00343971,0.00114657,0.00343971,0.00114657,0.00343971,0.00114657
628,38320.5,0.21752,0.00774,0.01058,0.14514,0.79594,0.99937,1,0.995,0.93961,0.99937,1,0.995,0.995,0.39967,0.00989,0.03929,0.1737,0.83072,0.00339729,0.00113243,0.00339729,0.00113243,0.00339729,0.00113243,0.00339729,0.00113243
629,38381.3,0.21575,0.00708,0.0116,0.14478,0.797,0.99937,1,0.995,0.93691,0.99937,1,0.995,0.995,0.40022,0.00989,0.03931,0.17273,0.83081,0.00335486,0.00111829,0.00335486,0.00111829,0.00335486,0.00111829,0.00335486,0.00111829
630,38442.4,0.20982,0.00703,0.01415,0.14081,0.78783,0.99937,1,0.995,0.93869,0.99937,1,0.995,0.995,0.39913,0.00991,0.03929,0.17267,0.83092,0.00331243,0.00110414,0.00331243,0.00110414,0.00331243,0.00110414,0.00331243,0.00110414
631,38502.9,0.20996,0.00708,0.01239,0.14264,0.79207,0.99937,1,0.995,0.93689,0.99937,1,0.995,0.995,0.39947,0.00993,0.03929,0.17546,0.83103,0.00327,0.00109,0.00327,0.00109,0.00327,0.00109,0.00327,0.00109
632,38563.7,0.21429,0.00746,0.01325,0.144,0.793,0.99937,1,0.995,0.93866,0.99937,1,0.995,0.995,0.39894,0.00994,0.03918,0.17391,0.83096,0.00322757,0.00107586,0.00322757,0.00107586,0.00322757,0.00107586,0.00322757,0.00107586
633,38624.4,0.21158,0.00736,0.01459,0.14215,0.79658,0.99937,1,0.995,0.9371,0.99937,1,0.995,0.995,0.39965,0.00994,0.03912,0.17418,0.83098,0.00318514,0.00106171,0.00318514,0.00106171,0.00318514,0.00106171,0.00318514,0.00106171
634,38685.5,0.21258,0.00734,0.01144,0.14304,0.79229,0.99937,1,0.995,0.93595,0.99937,1,0.995,0.995,0.39901,0.00995,0.03914,0.17397,0.83097,0.00314271,0.00104757,0.00314271,0.00104757,0.00314271,0.00104757,0.00314271,0.00104757
635,38746.3,0.2145,0.00731,0.01199,0.14398,0.79205,0.99937,1,0.995,0.94055,0.99937,1,0.995,0.995,0.39868,0.00996,0.03913,0.17428,0.83109,0.00310029,0.00103343,0.00310029,0.00103343,0.00310029,0.00103343,0.00310029,0.00103343
636,38807.4,0.21696,0.00751,0.01374,0.1451,0.7979,0.99936,1,0.995,0.93947,0.99936,1,0.995,0.995,0.39862,0.00996,0.03905,0.17344,0.83112,0.00305786,0.00101929,0.00305786,0.00101929,0.00305786,0.00101929,0.00305786,0.00101929
637,38868.3,0.20866,0.0073,0.01296,0.13911,0.79445,0.99936,1,0.995,0.94026,0.99936,1,0.995,0.995,0.39824,0.00997,0.03908,0.17402,0.83111,0.00301543,0.00100514,0.00301543,0.00100514,0.00301543,0.00100514,0.00301543,0.00100514
638,38928.9,0.21132,0.00849,0.01199,0.14365,0.79647,0.99936,1,0.995,0.93922,0.99936,1,0.995,0.995,0.39876,0.00999,0.03896,0.17253,0.8312,0.002973,0.000991,0.002973,0.000991,0.002973,0.000991,0.002973,0.000991
639,38990.1,0.21065,0.00753,0.01163,0.14335,0.79265,0.99936,1,0.995,0.93856,0.99936,1,0.995,0.995,0.3983,0.01,0.03881,0.17398,0.83112,0.00293057,0.000976857,0.00293057,0.000976857,0.00293057,0.000976857,0.00293057,0.000976857
640,39051.2,0.20869,0.00816,0.01166,0.14047,0.78931,0.99936,1,0.995,0.93844,0.99936,1,0.995,0.995,0.39836,0.01,0.03856,0.17211,0.83114,0.00288814,0.000962714,0.00288814,0.000962714,0.00288814,0.000962714,0.00288814,0.000962714
641,39112.5,0.21214,0.00723,0.01252,0.14165,0.79338,0.99936,1,0.995,0.93929,0.99936,1,0.995,0.995,0.3979,0.01001,0.03838,0.17239,0.83118,0.00284571,0.000948571,0.00284571,0.000948571,0.00284571,0.000948571,0.00284571,0.000948571
642,39173.5,0.20783,0.00772,0.01324,0.14185,0.79784,0.99936,1,0.995,0.93932,0.99936,1,0.995,0.995,0.39887,0.01002,0.03826,0.17238,0.83118,0.00280329,0.000934429,0.00280329,0.000934429,0.00280329,0.000934429,0.00280329,0.000934429
643,39234.8,0.20912,0.00762,0.01209,0.14117,0.79052,0.99936,1,0.995,0.93831,0.99936,1,0.995,0.995,0.39918,0.01002,0.03812,0.17183,0.83122,0.00276086,0.000920286,0.00276086,0.000920286,0.00276086,0.000920286,0.00276086,0.000920286
644,39295.7,0.20778,0.00727,0.01258,0.14059,0.79413,0.99936,1,0.995,0.94023,0.99936,1,0.995,0.995,0.39827,0.01004,0.0382,0.17329,0.83116,0.00271843,0.000906143,0.00271843,0.000906143,0.00271843,0.000906143,0.00271843,0.000906143
645,39356.9,0.21081,0.00729,0.01118,0.14215,0.79817,0.99936,1,0.995,0.94077,0.99936,1,0.995,0.995,0.39857,0.01003,0.03829,0.17392,0.83117,0.002676,0.000892,0.002676,0.000892,0.002676,0.000892,0.002676,0.000892
646,39417.7,0.20363,0.00669,0.01155,0.13836,0.79162,0.99936,1,0.995,0.93926,0.99936,1,0.995,0.995,0.39815,0.01004,0.03851,0.17308,0.83134,0.00263357,0.000877857,0.00263357,0.000877857,0.00263357,0.000877857,0.00263357,0.000877857
647,39478.7,0.20813,0.00746,0.00888,0.13919,0.79309,0.99936,1,0.995,0.93876,0.99936,1,0.995,0.995,0.39798,0.01004,0.03851,0.17306,0.83136,0.00259114,0.000863714,0.00259114,0.000863714,0.00259114,0.000863714,0.00259114,0.000863714
648,39539.8,0.20768,0.00694,0.01429,0.14077,0.79025,0.99936,1,0.995,0.93989,0.99936,1,0.995,0.995,0.39871,0.01006,0.03861,0.1731,0.83128,0.00254871,0.000849571,0.00254871,0.000849571,0.00254871,0.000849571,0.00254871,0.000849571
649,39600.7,0.2043,0.00718,0.01338,0.13917,0.7936,0.99935,1,0.995,0.93914,0.99935,1,0.995,0.995,0.39881,0.01009,0.0386,0.17229,0.83126,0.00250629,0.000835429,0.00250629,0.000835429,0.00250629,0.000835429,0.00250629,0.000835429
650,39661.9,0.2061,0.00696,0.01152,0.13856,0.79189,0.99935,1,0.995,0.93924,0.99935,1,0.995,0.995,0.39823,0.0101,0.03867,0.17333,0.83135,0.00246386,0.000821286,0.00246386,0.000821286,0.00246386,0.000821286,0.00246386,0.000821286
651,39722.8,0.20522,0.0069,0.01141,0.13874,0.79033,0.99935,1,0.995,0.93921,0.99935,1,0.995,0.995,0.39811,0.01008,0.03879,0.17443,0.83122,0.00242143,0.000807143,0.00242143,0.000807143,0.00242143,0.000807143,0.00242143,0.000807143
652,39783.6,0.20193,0.0066,0.01202,0.13747,0.79105,0.99935,1,0.995,0.94004,0.99935,1,0.995,0.995,0.3986,0.0101,0.03892,0.17284,0.83136,0.002379,0.000793,0.002379,0.000793,0.002379,0.000793,0.002379,0.000793
653,39844.4,0.20519,0.00694,0.01097,0.13784,0.79792,0.99935,1,0.995,0.93996,0.99935,1,0.995,0.995,0.39811,0.01012,0.03898,0.17598,0.83133,0.00233657,0.000778857,0.00233657,0.000778857,0.00233657,0.000778857,0.00233657,0.000778857
654,39905.6,0.20257,0.00687,0.01266,0.13772,0.79272,0.99936,1,0.995,0.93922,0.99936,1,0.995,0.995,0.39847,0.01011,0.03911,0.17527,0.83132,0.00229414,0.000764714,0.00229414,0.000764714,0.00229414,0.000764714,0.00229414,0.000764714
655,39966.7,0.20314,0.00733,0.01078,0.13592,0.79123,0.99936,1,0.995,0.9407,0.99936,1,0.995,0.995,0.39812,0.01012,0.03914,0.17414,0.83135,0.00225171,0.000750571,0.00225171,0.000750571,0.00225171,0.000750571,0.00225171,0.000750571
656,40027.5,0.20862,0.00795,0.01352,0.14161,0.79054,0.99936,1,0.995,0.93819,0.99936,1,0.995,0.995,0.39884,0.01012,0.03913,0.17281,0.83151,0.00220929,0.000736429,0.00220929,0.000736429,0.00220929,0.000736429,0.00220929,0.000736429
657,40088.6,0.20489,0.00719,0.01362,0.13794,0.79124,0.99936,1,0.995,0.93806,0.99936,1,0.995,0.995,0.39821,0.01013,0.03924,0.17344,0.83151,0.00216686,0.000722286,0.00216686,0.000722286,0.00216686,0.000722286,0.00216686,0.000722286
658,40149.3,0.20866,0.00643,0.01072,0.1393,0.79399,0.99936,1,0.995,0.93805,0.99936,1,0.995,0.995,0.39797,0.01013,0.03926,0.17508,0.83138,0.00212443,0.000708143,0.00212443,0.000708143,0.00212443,0.000708143,0.00212443,0.000708143
659,40210.5,0.2084,0.00655,0.01164,0.13902,0.79459,0.99936,1,0.995,0.93923,0.99936,1,0.995,0.995,0.39903,0.01014,0.03926,0.17189,0.83155,0.002082,0.000694,0.002082,0.000694,0.002082,0.000694,0.002082,0.000694
660,40271.3,0.19799,0.00696,0.01303,0.13331,0.79171,0.99936,1,0.995,0.93822,0.99936,1,0.995,0.995,0.39842,0.01015,0.03927,0.17356,0.83163,0.00203957,0.000679857,0.00203957,0.000679857,0.00203957,0.000679857,0.00203957,0.000679857
661,40332.4,0.20553,0.00755,0.01141,0.13927,0.79239,0.99936,1,0.995,0.93916,0.99936,1,0.995,0.995,0.39889,0.01016,0.03933,0.17363,0.83166,0.00199714,0.000665714,0.00199714,0.000665714,0.00199714,0.000665714,0.00199714,0.000665714
662,40393.3,0.19917,0.00706,0.01062,0.13396,0.79218,0.99936,1,0.995,0.93936,0.99936,1,0.995,0.995,0.39829,0.01016,0.03948,0.17494,0.83172,0.00195471,0.000651571,0.00195471,0.000651571,0.00195471,0.000651571,0.00195471,0.000651571
663,40454.5,0.20245,0.00737,0.01067,0.13575,0.79114,0.99936,1,0.995,0.9389,0.99936,1,0.995,0.995,0.39856,0.01016,0.03953,0.17467,0.83161,0.00191229,0.000637429,0.00191229,0.000637429,0.00191229,0.000637429,0.00191229,0.000637429
664,40515.6,0.19859,0.00746,0.01176,0.13573,0.79555,0.99936,1,0.995,0.93845,0.99936,1,0.995,0.995,0.3981,0.01019,0.03967,0.1742,0.83161,0.00186986,0.000623286,0.00186986,0.000623286,0.00186986,0.000623286,0.00186986,0.000623286
665,40576.5,0.20049,0.00619,0.00956,0.1335,0.79206,0.99936,1,0.995,0.93922,0.99936,1,0.995,0.995,0.39878,0.01021,0.03969,0.17421,0.83172,0.00182743,0.000609143,0.00182743,0.000609143,0.00182743,0.000609143,0.00182743,0.000609143
666,40637.6,0.20297,0.0072,0.01204,0.13646,0.79284,0.99936,1,0.995,0.93845,0.99936,1,0.995,0.995,0.39828,0.0102,0.03977,0.17445,0.8317,0.001785,0.000595,0.001785,0.000595,0.001785,0.000595,0.001785,0.000595
667,40698.4,0.20686,0.00846,0.01136,0.13823,0.7916,0.99936,1,0.995,0.93905,0.99936,1,0.995,0.995,0.39732,0.01021,0.03977,0.17533,0.8319,0.00174257,0.000580857,0.00174257,0.000580857,0.00174257,0.000580857,0.00174257,0.000580857
668,40759.6,0.19729,0.00706,0.01103,0.13408,0.79007,0.99936,1,0.995,0.93828,0.99936,1,0.995,0.995,0.39771,0.01022,0.03978,0.17384,0.83188,0.00170014,0.000566714,0.00170014,0.000566714,0.00170014,0.000566714,0.00170014,0.000566714
669,40820.5,0.20253,0.00637,0.01221,0.13572,0.79136,0.99936,1,0.995,0.9382,0.99936,1,0.995,0.995,0.39763,0.01023,0.03979,0.17322,0.83196,0.00165771,0.000552571,0.00165771,0.000552571,0.00165771,0.000552571,0.00165771,0.000552571
670,40881.7,0.19641,0.00774,0.01096,0.13156,0.79548,0.99936,1,0.995,0.93833,0.99936,1,0.995,0.995,0.39758,0.01023,0.03988,0.17291,0.83186,0.00161529,0.000538429,0.00161529,0.000538429,0.00161529,0.000538429,0.00161529,0.000538429
671,40942.6,0.19873,0.00676,0.01484,0.13548,0.79085,0.99936,1,0.995,0.93752,0.99936,1,0.995,0.995,0.39659,0.01024,0.04005,0.17268,0.83193,0.00157286,0.000524286,0.00157286,0.000524286,0.00157286,0.000524286,0.00157286,0.000524286
672,41003.6,0.2008,0.00712,0.01035,0.1346,0.79199,0.99936,1,0.995,0.93745,0.99936,1,0.995,0.995,0.39746,0.01025,0.04,0.17309,0.83196,0.00153043,0.000510143,0.00153043,0.000510143,0.00153043,0.000510143,0.00153043,0.000510143
673,41064.6,0.20063,0.00685,0.01159,0.13423,0.79262,0.99936,1,0.995,0.93758,0.99936,1,0.995,0.995,0.39734,0.01026,0.04007,0.17349,0.83206,0.001488,0.000496,0.001488,0.000496,0.001488,0.000496,0.001488,0.000496
674,41125.3,0.19721,0.00682,0.01139,0.13334,0.79147,0.99936,1,0.995,0.93932,0.99936,1,0.995,0.995,0.39739,0.01025,0.04026,0.17513,0.83197,0.00144557,0.000481857,0.00144557,0.000481857,0.00144557,0.000481857,0.00144557,0.000481857
675,41186.5,0.1968,0.00659,0.01356,0.1343,0.78892,0.99936,1,0.995,0.93876,0.99936,1,0.995,0.995,0.3969,0.01025,0.04041,0.1737,0.83201,0.00140314,0.000467714,0.00140314,0.000467714,0.00140314,0.000467714,0.00140314,0.000467714
676,41247.2,0.19689,0.0068,0.01091,0.13254,0.79032,0.99936,1,0.995,0.93851,0.99936,1,0.995,0.995,0.39659,0.01025,0.04052,0.17319,0.83194,0.00136071,0.000453571,0.00136071,0.000453571,0.00136071,0.000453571,0.00136071,0.000453571
677,41308.3,0.19743,0.00668,0.00804,0.13273,0.79357,0.99936,1,0.995,0.93829,0.99936,1,0.995,0.995,0.39649,0.01026,0.04063,0.17467,0.83207,0.00131829,0.000439429,0.00131829,0.000439429,0.00131829,0.000439429,0.00131829,0.000439429
678,41369.1,0.19588,0.00613,0.01011,0.13174,0.78922,0.99936,1,0.995,0.93767,0.99936,1,0.995,0.995,0.39712,0.01026,0.04072,0.17303,0.83217,0.00127586,0.000425286,0.00127586,0.000425286,0.00127586,0.000425286,0.00127586,0.000425286
679,41430.1,0.19159,0.00622,0.01069,0.12934,0.78846,0.99936,1,0.995,0.93839,0.99936,1,0.995,0.995,0.39651,0.01026,0.0409,0.17318,0.83214,0.00123343,0.000411143,0.00123343,0.000411143,0.00123343,0.000411143,0.00123343,0.000411143
680,41491,0.19525,0.0074,0.01344,0.13152,0.7877,0.99936,1,0.995,0.93764,0.99936,1,0.995,0.995,0.39739,0.01026,0.04097,0.17258,0.83207,0.001191,0.000397,0.001191,0.000397,0.001191,0.000397,0.001191,0.000397
681,41552.1,0.19875,0.00623,0.00972,0.1331,0.78761,0.99936,1,0.995,0.93763,0.99936,1,0.995,0.995,0.39732,0.01025,0.04103,0.17442,0.83207,0.00114857,0.000382857,0.00114857,0.000382857,0.00114857,0.000382857,0.00114857,0.000382857
682,41613.1,0.19605,0.00687,0.01399,0.13238,0.79071,0.99936,1,0.995,0.93943,0.99936,1,0.995,0.995,0.39711,0.01026,0.04115,0.17324,0.83212,0.00110614,0.000368714,0.00110614,0.000368714,0.00110614,0.000368714,0.00110614,0.000368714
683,41673.9,0.19691,0.00618,0.0141,0.13246,0.79014,0.99936,1,0.995,0.93942,0.99936,1,0.995,0.995,0.3966,0.01027,0.04126,0.17407,0.83221,0.00106371,0.000354571,0.00106371,0.000354571,0.00106371,0.000354571,0.00106371,0.000354571
684,41735.2,0.19323,0.00573,0.01061,0.13043,0.78837,0.99936,1,0.995,0.93862,0.99936,1,0.995,0.995,0.3966,0.01028,0.04137,0.1751,0.83202,0.00102129,0.000340429,0.00102129,0.000340429,0.00102129,0.000340429,0.00102129,0.000340429
685,41795.9,0.192,0.00633,0.01103,0.13079,0.78925,0.99936,1,0.995,0.93878,0.99936,1,0.995,0.995,0.3963,0.01027,0.0414,0.1741,0.83209,0.000978857,0.000326286,0.000978857,0.000326286,0.000978857,0.000326286,0.000978857,0.000326286
686,41857.1,0.19588,0.00631,0.01285,0.13175,0.78917,0.99936,1,0.995,0.93878,0.99936,1,0.995,0.995,0.39714,0.01028,0.04156,0.17345,0.8321,0.000936429,0.000312143,0.000936429,0.000312143,0.000936429,0.000312143,0.000936429,0.000312143
687,41918,0.18899,0.00662,0.01012,0.12877,0.78875,0.99936,1,0.995,0.93885,0.99936,1,0.995,0.995,0.39658,0.01028,0.04183,0.17335,0.83214,0.000894,0.000298,0.000894,0.000298,0.000894,0.000298,0.000894,0.000298
688,41978.9,0.19309,0.00712,0.01111,0.13015,0.79174,0.99936,1,0.995,0.93888,0.99936,1,0.995,0.995,0.39632,0.01028,0.04187,0.17528,0.8322,0.000851571,0.000283857,0.000851571,0.000283857,0.000851571,0.000283857,0.000851571,0.000283857
689,42039.5,0.19155,0.00658,0.00878,0.1301,0.78917,0.99936,1,0.995,0.93776,0.99936,1,0.995,0.995,0.39655,0.01028,0.04187,0.17483,0.83224,0.000809143,0.000269714,0.000809143,0.000269714,0.000809143,0.000269714,0.000809143,0.000269714
690,42100.7,0.19179,0.00664,0.00852,0.13046,0.78691,0.99936,1,0.995,0.93773,0.99936,1,0.995,0.995,0.39609,0.01028,0.04189,0.17459,0.832,0.000766714,0.000255571,0.000766714,0.000255571,0.000766714,0.000255571,0.000766714,0.000255571
691,42162.8,0.15755,0.00433,0.00244,0.10848,0.76972,0.99936,1,0.995,0.93797,0.99936,1,0.995,0.995,0.39695,0.01028,0.04199,0.1741,0.83223,0.000724286,0.000241429,0.000724286,0.000241429,0.000724286,0.000241429,0.000724286,0.000241429
692,42223.6,0.15526,0.00463,0.00057,0.1077,0.767,0.99936,1,0.995,0.93891,0.99936,1,0.995,0.995,0.39646,0.01029,0.04214,0.17368,0.83222,0.000681857,0.000227286,0.000681857,0.000227286,0.000681857,0.000227286,0.000681857,0.000227286
693,42284.7,0.15576,0.00442,0.00163,0.10915,0.76544,0.99936,1,0.995,0.93775,0.99936,1,0.995,0.995,0.39648,0.01028,0.04222,0.17476,0.83224,0.000639429,0.000213143,0.000639429,0.000213143,0.000639429,0.000213143,0.000639429,0.000213143
694,42345.5,0.15295,0.00431,0.00098,0.10592,0.76783,0.99936,1,0.995,0.93784,0.99936,1,0.995,0.995,0.39628,0.01028,0.04225,0.17612,0.8322,0.000597,0.000199,0.000597,0.000199,0.000597,0.000199,0.000597,0.000199
695,42406.3,0.15263,0.00455,0.00216,0.10587,0.76676,0.99936,1,0.995,0.9377,0.99936,1,0.995,0.995,0.39603,0.01028,0.04246,0.17517,0.83216,0.000554571,0.000184857,0.000554571,0.000184857,0.000554571,0.000184857,0.000554571,0.000184857
696,42467,0.15126,0.00428,0.00059,0.10525,0.76884,0.99936,1,0.995,0.9377,0.99936,1,0.995,0.995,0.39612,0.01028,0.04253,0.17583,0.83217,0.000512143,0.000170714,0.000512143,0.000170714,0.000512143,0.000170714,0.000512143,0.000170714
697,42527.7,0.15184,0.00456,0.00204,0.10469,0.76432,0.99935,1,0.995,0.93879,0.99935,1,0.995,0.995,0.3964,0.01022,0.04264,0.17466,0.83236,0.000469714,0.000156571,0.000469714,0.000156571,0.000469714,0.000156571,0.000469714,0.000156571
698,42588.3,0.15004,0.00439,0.00117,0.10533,0.76401,0.99935,1,0.995,0.93925,0.99935,1,0.995,0.995,0.39706,0.01022,0.0427,0.17546,0.83235,0.000427286,0.000142429,0.000427286,0.000142429,0.000427286,0.000142429,0.000427286,0.000142429
699,42649.5,0.15158,0.00426,0.00256,0.10662,0.76122,0.99935,1,0.995,0.93853,0.99935,1,0.995,0.995,0.39617,0.01023,0.0429,0.17663,0.83227,0.000384857,0.000128286,0.000384857,0.000128286,0.000384857,0.000128286,0.000384857,0.000128286
700,42710.4,0.15188,0.00423,0.00168,0.10619,0.76518,0.99937,1,0.995,0.93862,0.99937,1,0.995,0.995,0.39596,0.01023,0.04286,0.17617,0.83222,0.000342429,0.000114143,0.000342429,0.000114143,0.000342429,0.000114143,0.000342429,0.000114143
