epoch,time,train/box_loss,train/pose_loss,train/kobj_loss,train/cls_loss,train/dfl_loss,metrics/precision(B),metrics/recall(B),metrics/mAP50(B),metrics/mAP50-95(B),metrics/precision(P),metrics/recall(P),metrics/mAP50(P),metrics/mAP50-95(P),val/box_loss,val/pose_loss,val/kobj_loss,val/cls_loss,val/dfl_loss,lr/pg0,lr/pg1,lr/pg2,lr/pg3,lr/pg4,lr/pg5,lr/pg6,lr/pg7
1,36.6156,1.36686,1.88066,0.76667,2.28816,1.31132,0.89792,0.87971,0.9223,0.81227,0.97105,0.8388,0.96846,0.77338,0.5846,0.91025,0.50606,0.54326,0.87478,0.00197183,0.000657277,0.00197183,0.000657277,0.00197183,0.000657277,0.00197183,0.000657277
2,56.1224,0.73331,0.51277,0.50177,0.56456,0.9162,0.96594,0.975,0.9928,0.87364,0.96594,0.975,0.9928,0.94976,0.56148,0.29079,0.26184,0.36479,0.85937,0.00396397,0.00132132,0.00396397,0.00132132,0.00396397,0.00132132,0.00396397,0.00132132
3,74.4026,0.66888,0.23973,0.35065,0.45944,0.88497,0.97557,0.99857,0.99451,0.87018,0.97557,0.99857,0.99451,0.97052,0.59528,0.16943,0.14758,0.37871,0.84658,0.00594818,0.00198273,0.00594818,0.00198273,0.00594818,0.00198273,0.00594818,0.00198273
4,92.4517,0.66798,0.15946,0.27577,0.45752,0.88326,1,0.99784,0.995,0.86678,1,0.99784,0.995,0.99335,0.53749,0.08946,0.08892,0.34902,0.85665,0.00596436,0.00198812,0.00596436,0.00198812,0.00596436,0.00198812,0.00596436,0.00198812
5,110.421,0.66534,0.13399,0.23623,0.44945,0.87393,0.99818,0.975,0.99202,0.88015,0.99818,0.975,0.99202,0.99055,0.539,0.09271,0.07862,0.3919,0.85499,0.00595248,0.00198416,0.00595248,0.00198416,0.00595248,0.00198416,0.00595248,0.00198416
6,128.153,0.642,0.11631,0.22201,0.4374,0.87556,0.99813,0.975,0.99451,0.89263,0.99813,0.975,0.99451,0.99451,0.50974,0.0523,0.07138,0.36432,0.84939,0.0059406,0.0019802,0.0059406,0.0019802,0.0059406,0.0019802,0.0059406,0.0019802
7,146.223,0.63814,0.0969,0.17798,0.41989,0.87564,0.97557,0.99847,0.99451,0.88704,0.97557,0.99847,0.99451,0.99451,0.52801,0.05474,0.04452,0.38302,0.85781,0.00592872,0.00197624,0.00592872,0.00197624,0.00592872,0.00197624,0.00592872,0.00197624
8,163.911,0.61822,0.08093,0.15355,0.40612,0.86739,0.99743,0.975,0.99451,0.87259,0.99743,0.975,0.99451,0.99451,0.54289,0.04318,0.04435,0.38109,0.86578,0.00591684,0.00197228,0.00591684,0.00197228,0.00591684,0.00197228,0.00591684,0.00197228
9,181.964,0.61495,0.07428,0.13249,0.40747,0.85857,0.9756,0.99941,0.99451,0.89757,0.9756,0.99941,0.99451,0.99451,0.50289,0.0422,0.03813,0.36308,0.85339,0.00590496,0.00196832,0.00590496,0.00196832,0.00590496,0.00196832,0.00590496,0.00196832
10,200.627,0.60036,0.07392,0.11202,0.39511,0.86161,1,0.9991,0.995,0.89812,1,0.9991,0.995,0.995,0.50903,0.04387,0.02342,0.35194,0.86158,0.00589308,0.00196436,0.00589308,0.00196436,0.00589308,0.00196436,0.00589308,0.00196436
11,219.425,0.60724,0.07283,0.12211,0.40228,0.86925,0.99814,1,0.995,0.89357,0.99814,1,0.995,0.995,0.49963,0.0353,0.02427,0.33939,0.85478,0.0058812,0.0019604,0.0058812,0.0019604,0.0058812,0.0019604,0.0058812,0.0019604
12,237.682,0.57342,0.06644,0.1014,0.38201,0.86272,0.9988,1,0.995,0.88992,0.9988,1,0.995,0.995,0.49056,0.03955,0.02346,0.33077,0.85668,0.00586932,0.00195644,0.00586932,0.00195644,0.00586932,0.00195644,0.00586932,0.00195644
13,256.045,0.56617,0.07247,0.09576,0.37774,0.85926,0.99855,1,0.995,0.89945,0.99855,1,0.995,0.99294,0.49385,0.04057,0.01532,0.30354,0.85512,0.00585744,0.00195248,0.00585744,0.00195248,0.00585744,0.00195248,0.00585744,0.00195248
14,275.81,0.58413,0.05301,0.0779,0.38302,0.87475,0.99888,1,0.995,0.87392,0.99888,1,0.995,0.995,0.56074,0.03821,0.01515,0.34689,0.86088,0.00584556,0.00194852,0.00584556,0.00194852,0.00584556,0.00194852,0.00584556,0.00194852
15,294.58,0.57512,0.06347,0.07288,0.38033,0.86523,1,0.99937,0.995,0.89437,1,0.99937,0.995,0.995,0.4972,0.03758,0.01195,0.30371,0.85667,0.00583368,0.00194456,0.00583368,0.00194456,0.00583368,0.00194456,0.00583368,0.00194456
16,313.12,0.57998,0.05777,0.08537,0.38195,0.86199,1,0.99841,0.995,0.88431,1,0.99841,0.995,0.995,0.52281,0.02501,0.01153,0.32373,0.866,0.0058218,0.0019406,0.0058218,0.0019406,0.0058218,0.0019406,0.0058218,0.0019406
17,332.533,0.57174,0.05352,0.07752,0.37329,0.85945,1,0.99851,0.995,0.87821,1,0.99851,0.995,0.995,0.51606,0.02482,0.01026,0.31071,0.87341,0.00580992,0.00193664,0.00580992,0.00193664,0.00580992,0.00193664,0.00580992,0.00193664
18,351.768,0.53869,0.04616,0.06463,0.36125,0.85883,1,0.99842,0.995,0.90903,1,0.99842,0.995,0.995,0.47336,0.03065,0.01216,0.32124,0.86329,0.00579804,0.00193268,0.00579804,0.00193268,0.00579804,0.00193268,0.00579804,0.00193268
19,371.567,0.54689,0.05739,0.07061,0.37258,0.8484,1,0.99985,0.995,0.91267,1,0.99985,0.995,0.995,0.47482,0.02803,0.00921,0.30247,0.85877,0.00578616,0.00192872,0.00578616,0.00192872,0.00578616,0.00192872,0.00578616,0.00192872
20,390.904,0.54426,0.04722,0.0757,0.36223,0.85453,1,0.99935,0.995,0.90431,1,0.99935,0.995,0.995,0.46784,0.03144,0.01098,0.29394,0.86817,0.00577428,0.00192476,0.00577428,0.00192476,0.00577428,0.00192476,0.00577428,0.00192476
21,409.632,0.55485,0.04421,0.0636,0.37022,0.86107,1,0.99842,0.995,0.91873,1,0.99842,0.995,0.995,0.47383,0.0205,0.00789,0.30055,0.85179,0.0057624,0.0019208,0.0057624,0.0019208,0.0057624,0.0019208,0.0057624,0.0019208
22,428.946,0.53303,0.04426,0.05961,0.35828,0.85371,1,0.99848,0.995,0.9081,1,0.99848,0.995,0.995,0.4956,0.02218,0.00876,0.29972,0.86093,0.00575052,0.00191684,0.00575052,0.00191684,0.00575052,0.00191684,0.00575052,0.00191684
23,447.815,0.52844,0.0495,0.06691,0.34863,0.84685,1,0.99993,0.995,0.88462,1,0.99993,0.995,0.995,0.51495,0.02229,0.00828,0.29911,0.86068,0.00573864,0.00191288,0.00573864,0.00191288,0.00573864,0.00191288,0.00573864,0.00191288
24,466.144,0.52492,0.04537,0.06471,0.35011,0.84923,0.99842,1,0.995,0.90804,0.99842,1,0.995,0.995,0.4862,0.02128,0.00806,0.30777,0.85777,0.00572676,0.00190892,0.00572676,0.00190892,0.00572676,0.00190892,0.00572676,0.00190892
25,484.705,0.5281,0.0375,0.05617,0.35145,0.85848,0.999,1,0.995,0.91203,0.999,1,0.995,0.995,0.46446,0.01874,0.00633,0.29369,0.85396,0.00571488,0.00190496,0.00571488,0.00190496,0.00571488,0.00190496,0.00571488,0.00190496
26,503.833,0.53558,0.04214,0.05187,0.34629,0.8623,1,0.99976,0.995,0.89343,1,0.99976,0.995,0.995,0.48751,0.02068,0.00561,0.3177,0.86176,0.005703,0.001901,0.005703,0.001901,0.005703,0.001901,0.005703,0.001901
27,522.627,0.5273,0.03748,0.05477,0.34809,0.84528,1,0.99845,0.995,0.91268,1,0.99845,0.995,0.995,0.49592,0.01706,0.0079,0.33143,0.84785,0.00569112,0.00189704,0.00569112,0.00189704,0.00569112,0.00189704,0.00569112,0.00189704
28,541.07,0.53417,0.04891,0.05684,0.35348,0.8511,1,0.99875,0.995,0.89249,1,0.99875,0.995,0.995,0.5099,0.01886,0.01825,0.31951,0.86746,0.00567924,0.00189308,0.00567924,0.00189308,0.00567924,0.00189308,0.00567924,0.00189308
29,559.603,0.5195,0.03608,0.05299,0.34127,0.83749,1,0.99824,0.995,0.90373,1,0.99824,0.995,0.995,0.5264,0.01994,0.00817,0.32371,0.86709,0.00566736,0.00188912,0.00566736,0.00188912,0.00566736,0.00188912,0.00566736,0.00188912
30,578.396,0.54571,0.03945,0.0527,0.34916,0.86921,0.99833,0.975,0.99451,0.90035,0.99833,0.975,0.99451,0.99451,0.48884,0.01647,0.00694,0.30166,0.86033,0.00565548,0.00188516,0.00565548,0.00188516,0.00565548,0.00188516,0.00565548,0.00188516
31,596.964,0.52129,0.03425,0.04129,0.34808,0.85851,0.99749,0.975,0.99318,0.89454,0.99749,0.975,0.9936,0.9936,0.50222,0.01909,0.00588,0.30002,0.85157,0.0056436,0.0018812,0.0056436,0.0018812,0.0056436,0.0018812,0.0056436,0.0018812
32,615.66,0.51754,0.03292,0.04743,0.33574,0.85063,0.97555,0.99741,0.99451,0.9094,0.97555,0.99741,0.99451,0.99451,0.48839,0.02252,0.00752,0.29954,0.84796,0.00563172,0.00187724,0.00563172,0.00187724,0.00563172,0.00187724,0.00563172,0.00187724
33,633.86,0.50643,0.03426,0.05297,0.33816,0.84236,0.99762,0.975,0.99451,0.91886,0.99762,0.975,0.99451,0.99451,0.46726,0.02421,0.0077,0.29354,0.84679,0.00561984,0.00187328,0.00561984,0.00187328,0.00561984,0.00187328,0.00561984,0.00187328
34,652.26,0.51747,0.03672,0.04945,0.33663,0.84274,0.99888,1,0.995,0.91133,0.99888,1,0.995,0.995,0.47329,0.01945,0.0074,0.30482,0.85516,0.00560796,0.00186932,0.00560796,0.00186932,0.00560796,0.00186932,0.00560796,0.00186932
35,670.836,0.52143,0.03293,0.05021,0.33886,0.84788,0.99881,1,0.995,0.91334,0.99881,1,0.995,0.995,0.46774,0.01793,0.00639,0.29226,0.85036,0.00559608,0.00186536,0.00559608,0.00186536,0.00559608,0.00186536,0.00559608,0.00186536
36,689.178,0.48614,0.03051,0.0471,0.32326,0.84202,0.99888,1,0.995,0.90136,0.99888,1,0.995,0.995,0.47123,0.02068,0.0064,0.29463,0.86346,0.0055842,0.0018614,0.0055842,0.0018614,0.0055842,0.0018614,0.0055842,0.0018614
37,708.046,0.4929,0.02916,0.04272,0.33382,0.84383,1,0.99985,0.995,0.89958,1,0.99985,0.995,0.995,0.49311,0.0203,0.00911,0.30022,0.86745,0.00557232,0.00185744,0.00557232,0.00185744,0.00557232,0.00185744,0.00557232,0.00185744
38,726.618,0.49688,0.02954,0.03812,0.32853,0.84082,0.99787,0.975,0.99405,0.9013,0.99787,0.975,0.99451,0.99451,0.49557,0.01983,0.03278,0.29853,0.86743,0.00556044,0.00185348,0.00556044,0.00185348,0.00556044,0.00185348,0.00556044,0.00185348
39,745.28,0.50184,0.03313,0.04345,0.32696,0.85634,0.98697,0.975,0.99278,0.88538,0.98697,0.975,0.99318,0.99318,0.51566,0.02259,0.00785,0.33578,0.85939,0.00554856,0.00184952,0.00554856,0.00184952,0.00554856,0.00184952,0.00554856,0.00184952
40,763.654,0.50512,0.02688,0.03436,0.33349,0.84621,0.99606,0.975,0.9936,0.90775,0.99606,0.975,0.99405,0.99405,0.48598,0.01833,0.00379,0.30481,0.85293,0.00553668,0.00184556,0.00553668,0.00184556,0.00553668,0.00184556,0.00553668,0.00184556
41,782.714,0.49218,0.02872,0.04082,0.32542,0.84346,0.97557,0.99825,0.99329,0.90662,0.97557,0.99825,0.99329,0.99329,0.45758,0.02531,0.05044,0.29687,0.84664,0.0055248,0.0018416,0.0055248,0.0018416,0.0055248,0.0018416,0.0055248,0.0018416
42,801.109,0.49917,0.02746,0.0395,0.32225,0.83874,0.973,1,0.98963,0.9014,0.973,1,0.98963,0.98963,0.4602,0.01676,0.01254,0.29293,0.85574,0.00551292,0.00183764,0.00551292,0.00183764,0.00551292,0.00183764,0.00551292,0.00183764
43,819.608,0.48606,0.02955,0.04339,0.32073,0.84091,0.99711,1,0.995,0.90258,0.99711,1,0.995,0.995,0.49409,0.01643,0.02484,0.30127,0.86354,0.00550104,0.00183368,0.00550104,0.00183368,0.00550104,0.00183368,0.00550104,0.00183368
44,838.359,0.49894,0.02788,0.04951,0.32246,0.85673,0.9987,1,0.995,0.90831,0.9987,1,0.995,0.995,0.47761,0.01589,0.0121,0.29008,0.85065,0.00548916,0.00182972,0.00548916,0.00182972,0.00548916,0.00182972,0.00548916,0.00182972
45,857.013,0.48463,0.02762,0.04321,0.31586,0.84333,0.99897,1,0.995,0.90053,0.99897,1,0.995,0.995,0.46734,0.01377,0.0033,0.27171,0.86077,0.00547728,0.00182576,0.00547728,0.00182576,0.00547728,0.00182576,0.00547728,0.00182576
46,875.477,0.49003,0.02885,0.04589,0.3312,0.85432,0.99924,1,0.995,0.89733,0.99924,1,0.995,0.995,0.47499,0.01362,0.00417,0.28689,0.85875,0.0054654,0.0018218,0.0054654,0.0018218,0.0054654,0.0018218,0.0054654,0.0018218
47,894.056,0.49149,0.03072,0.03598,0.33106,0.85252,0.99792,1,0.995,0.91777,0.99792,1,0.995,0.995,0.45006,0.01379,0.00345,0.27374,0.85571,0.00545352,0.00181784,0.00545352,0.00181784,0.00545352,0.00181784,0.00545352,0.00181784
48,913.236,0.4814,0.02794,0.04037,0.31514,0.83636,0.99838,1,0.995,0.90387,0.99838,1,0.995,0.995,0.46106,0.01393,0.005,0.27568,0.85762,0.00544164,0.00181388,0.00544164,0.00181388,0.00544164,0.00181388,0.00544164,0.00181388
49,932.126,0.47769,0.02878,0.03421,0.31845,0.83904,0.99703,1,0.995,0.88639,0.99703,1,0.995,0.995,0.48699,0.0145,0.00268,0.29012,0.86127,0.00542976,0.00180992,0.00542976,0.00180992,0.00542976,0.00180992,0.00542976,0.00180992
50,950.543,0.48321,0.02528,0.03883,0.31721,0.84799,0.9983,1,0.995,0.91894,0.9983,1,0.995,0.995,0.45835,0.0172,0.00196,0.27064,0.86031,0.00541788,0.00180596,0.00541788,0.00180596,0.00541788,0.00180596,0.00541788,0.00180596
51,969.527,0.4882,0.03227,0.03665,0.31873,0.84491,0.99724,1,0.995,0.90795,0.99724,1,0.995,0.995,0.49026,0.02088,0.00164,0.28708,0.87081,0.005406,0.001802,0.005406,0.001802,0.005406,0.001802,0.005406,0.001802
52,988.235,0.46694,0.02681,0.03886,0.31075,0.84253,0.99802,1,0.995,0.915,0.99802,1,0.995,0.995,0.46911,0.0154,0.0025,0.29117,0.86518,0.00539412,0.00179804,0.00539412,0.00179804,0.00539412,0.00179804,0.00539412,0.00179804
53,1006.58,0.46399,0.02834,0.0389,0.31132,0.83951,0.9979,1,0.995,0.90686,0.9979,1,0.995,0.995,0.50004,0.01605,0.0024,0.2728,0.85562,0.00538224,0.00179408,0.00538224,0.00179408,0.00538224,0.00179408,0.00538224,0.00179408
54,1025.76,0.45983,0.02855,0.0294,0.30405,0.84423,0.99798,1,0.995,0.91462,0.99798,1,0.995,0.995,0.45588,0.01776,0.01005,0.26386,0.84809,0.00537036,0.00179012,0.00537036,0.00179012,0.00537036,0.00179012,0.00537036,0.00179012
55,1044.2,0.46523,0.0253,0.03626,0.30476,0.8397,0.97423,1,0.99451,0.90892,0.99704,1,0.995,0.995,0.44253,0.01404,0.0036,0.27507,0.83419,0.00535848,0.00178616,0.00535848,0.00178616,0.00535848,0.00178616,0.00535848,0.00178616
56,1063.24,0.46839,0.02456,0.02925,0.31049,0.82682,0.97526,1,0.99451,0.91438,0.99771,1,0.995,0.995,0.46154,0.01223,0.00274,0.30477,0.83632,0.0053466,0.0017822,0.0053466,0.0017822,0.0053466,0.0017822,0.0053466,0.0017822
57,1081.92,0.4785,0.03106,0.04452,0.30883,0.84484,0.99563,1,0.995,0.92382,0.99563,1,0.995,0.995,0.4564,0.0164,0.00257,0.28325,0.84334,0.00533472,0.00177824,0.00533472,0.00177824,0.00533472,0.00177824,0.00533472,0.00177824
58,1100.7,0.46656,0.02944,0.03222,0.30885,0.83008,0.9971,1,0.995,0.91614,0.9971,1,0.995,0.995,0.47511,0.01677,0.00194,0.29258,0.84806,0.00532284,0.00177428,0.00532284,0.00177428,0.00532284,0.00177428,0.00532284,0.00177428
59,1119.08,0.46616,0.02251,0.03579,0.31916,0.83601,0.99924,1,0.995,0.91631,0.99924,1,0.995,0.99443,0.44817,0.01786,0.00205,0.27237,0.84293,0.00531096,0.00177032,0.00531096,0.00177032,0.00531096,0.00177032,0.00531096,0.00177032
60,1137.52,0.47995,0.02513,0.0382,0.31533,0.84677,0.97342,1,0.99451,0.91664,0.97342,1,0.99451,0.99451,0.45797,0.01677,0.00273,0.27357,0.84923,0.00529908,0.00176636,0.00529908,0.00176636,0.00529908,0.00176636,0.00529908,0.00176636
61,1156.07,0.45902,0.02568,0.03887,0.30857,0.83354,0.97417,1,0.99451,0.90012,0.97417,1,0.99451,0.99451,0.48668,0.0142,0.00195,0.29138,0.85991,0.0052872,0.0017624,0.0052872,0.0017624,0.0052872,0.0017624,0.0052872,0.0017624
62,1174.77,0.47143,0.0221,0.0389,0.31111,0.8451,0.99084,1,0.995,0.9165,0.99084,1,0.995,0.995,0.4775,0.01578,0.00198,0.27592,0.84971,0.00527532,0.00175844,0.00527532,0.00175844,0.00527532,0.00175844,0.00527532,0.00175844
63,1193.62,0.4701,0.02645,0.03916,0.31157,0.83788,0.99796,1,0.995,0.91758,0.99796,1,0.995,0.995,0.45018,0.01841,0.00161,0.26534,0.83978,0.00526344,0.00175448,0.00526344,0.00175448,0.00526344,0.00175448,0.00526344,0.00175448
64,1212.02,0.45186,0.02297,0.02675,0.3057,0.82957,0.99776,1,0.995,0.91298,0.99776,1,0.995,0.995,0.44087,0.01727,0.00312,0.27813,0.84358,0.00525156,0.00175052,0.00525156,0.00175052,0.00525156,0.00175052,0.00525156,0.00175052
65,1230.41,0.44919,0.02262,0.02857,0.29874,0.831,0.99714,1,0.995,0.90332,0.99714,1,0.995,0.995,0.46331,0.01668,0.00144,0.2782,0.851,0.00523968,0.00174656,0.00523968,0.00174656,0.00523968,0.00174656,0.00523968,0.00174656
66,1249.52,0.461,0.02508,0.03634,0.30038,0.83912,0.99777,1,0.995,0.90633,0.99777,1,0.995,0.995,0.46635,0.01423,0.00405,0.28537,0.85272,0.0052278,0.0017426,0.0052278,0.0017426,0.0052278,0.0017426,0.0052278,0.0017426
67,1268.01,0.455,0.02299,0.03432,0.30607,0.82716,0.99746,1,0.995,0.9109,0.99746,1,0.995,0.995,0.46854,0.01632,0.0019,0.27371,0.8468,0.00521592,0.00173864,0.00521592,0.00173864,0.00521592,0.00173864,0.00521592,0.00173864
68,1286.6,0.45106,0.02226,0.03382,0.30265,0.83696,0.9969,1,0.995,0.91705,0.9969,1,0.995,0.995,0.45875,0.0163,0.00176,0.27142,0.84666,0.00520404,0.00173468,0.00520404,0.00173468,0.00520404,0.00173468,0.00520404,0.00173468
69,1304.95,0.44699,0.02291,0.02895,0.30142,0.82768,0.99648,1,0.995,0.92571,0.99648,1,0.995,0.995,0.44572,0.01523,0.00212,0.27746,0.84083,0.00519216,0.00173072,0.00519216,0.00173072,0.00519216,0.00173072,0.00519216,0.00173072
70,1323.68,0.44484,0.02175,0.02863,0.29679,0.82818,0.99381,0.975,0.99451,0.91959,0.99381,0.975,0.99451,0.99451,0.46342,0.01854,0.00566,0.27511,0.84684,0.00518028,0.00172676,0.00518028,0.00172676,0.00518028,0.00172676,0.00518028,0.00172676
71,1342.94,0.44908,0.0247,0.02147,0.2988,0.82243,0.95227,1,0.9933,0.92177,0.95227,1,0.9933,0.9933,0.45763,0.01902,0.00335,0.29169,0.84118,0.0051684,0.0017228,0.0051684,0.0017228,0.0051684,0.0017228,0.0051684,0.0017228
72,1362.03,0.45029,0.01941,0.03303,0.2948,0.83485,1,0.96838,0.98496,0.89283,1,0.96838,0.99405,0.99405,0.46656,0.01806,0.00316,0.31336,0.84149,0.00515652,0.00171884,0.00515652,0.00171884,0.00515652,0.00171884,0.00515652,0.00171884
73,1380.09,0.43334,0.02206,0.02761,0.2856,0.83086,1,0.99533,0.995,0.91837,1,0.99533,0.995,0.995,0.47643,0.01517,0.00236,0.27573,0.85058,0.00514464,0.00171488,0.00514464,0.00171488,0.00514464,0.00171488,0.00514464,0.00171488
74,1398.19,0.44948,0.02403,0.03423,0.29517,0.81832,0.9744,1,0.99451,0.9096,0.9744,1,0.99451,0.99451,0.47467,0.0127,0.00171,0.26219,0.84953,0.00513276,0.00171092,0.00513276,0.00171092,0.00513276,0.00171092,0.00513276,0.00171092
75,1416.34,0.44057,0.02437,0.03165,0.29183,0.83051,1,0.99938,0.995,0.9066,1,0.99938,0.995,0.995,0.46935,0.01138,0.00452,0.27436,0.84517,0.00512088,0.00170696,0.00512088,0.00170696,0.00512088,0.00170696,0.00512088,0.00170696
76,1434.78,0.42109,0.02327,0.02971,0.28018,0.82456,0.98993,1,0.995,0.91116,0.98993,1,0.995,0.995,0.4503,0.01186,0.00189,0.27313,0.84822,0.005109,0.001703,0.005109,0.001703,0.005109,0.001703,0.005109,0.001703
77,1452.97,0.44667,0.02044,0.03495,0.29414,0.83023,0.99859,1,0.995,0.91494,0.99859,1,0.995,0.995,0.47757,0.01197,0.00247,0.26355,0.84642,0.00509712,0.00169904,0.00509712,0.00169904,0.00509712,0.00169904,0.00509712,0.00169904
78,1470.87,0.45985,0.02128,0.04173,0.2982,0.83767,0.99859,1,0.995,0.91771,0.99859,1,0.995,0.995,0.4635,0.01,0.00369,0.25905,0.84045,0.00508524,0.00169508,0.00508524,0.00169508,0.00508524,0.00169508,0.00508524,0.00169508
79,1489.06,0.44563,0.01986,0.03051,0.29081,0.82766,0.99828,1,0.995,0.90823,0.99828,1,0.995,0.995,0.47579,0.00999,0.00266,0.26297,0.84008,0.00507336,0.00169112,0.00507336,0.00169112,0.00507336,0.00169112,0.00507336,0.00169112
80,1507.12,0.43048,0.02244,0.03246,0.28625,0.83405,0.99821,1,0.995,0.92267,0.99821,1,0.995,0.995,0.41794,0.01352,0.00304,0.24548,0.84008,0.00506148,0.00168716,0.00506148,0.00168716,0.00506148,0.00168716,0.00506148,0.00168716
81,1524.95,0.4383,0.0201,0.04163,0.29294,0.83437,0.99648,1,0.995,0.91833,0.99648,1,0.995,0.995,0.44288,0.01214,0.00209,0.25873,0.84325,0.0050496,0.0016832,0.0050496,0.0016832,0.0050496,0.0016832,0.0050496,0.0016832
82,1542.7,0.45113,0.01864,0.03715,0.29321,0.8333,0.99816,1,0.995,0.93054,0.99816,1,0.995,0.995,0.43273,0.01197,0.00218,0.26571,0.84493,0.00503772,0.00167924,0.00503772,0.00167924,0.00503772,0.00167924,0.00503772,0.00167924
83,1560.81,0.4364,0.02318,0.0343,0.28846,0.82674,0.99834,1,0.995,0.92068,0.99834,1,0.995,0.995,0.44486,0.00912,0.00313,0.25846,0.84602,0.00502584,0.00167528,0.00502584,0.00167528,0.00502584,0.00167528,0.00502584,0.00167528
84,1578.46,0.42979,0.01862,0.03179,0.29173,0.82333,0.99656,1,0.995,0.93082,0.99656,1,0.995,0.995,0.42124,0.01162,0.00211,0.25984,0.83765,0.00501396,0.00167132,0.00501396,0.00167132,0.00501396,0.00167132,0.00501396,0.00167132
85,1596.26,0.43231,0.02248,0.034,0.28405,0.83967,0.98842,1,0.995,0.9181,0.98842,1,0.995,0.995,0.45067,0.01547,0.00317,0.26138,0.84921,0.00500208,0.00166736,0.00500208,0.00166736,0.00500208,0.00166736,0.00500208,0.00166736
86,1613.96,0.43351,0.02144,0.03735,0.29182,0.84429,0.99486,1,0.995,0.91956,0.99486,1,0.995,0.995,0.4578,0.01545,0.00461,0.26335,0.84673,0.0049902,0.0016634,0.0049902,0.0016634,0.0049902,0.0016634,0.0049902,0.0016634
87,1631.51,0.43506,0.01984,0.03529,0.29142,0.83249,0.99524,1,0.995,0.9211,0.99524,1,0.995,0.995,0.45808,0.01376,0.00207,0.26386,0.84148,0.00497832,0.00165944,0.00497832,0.00165944,0.00497832,0.00165944,0.00497832,0.00165944
88,1650.04,0.42842,0.01989,0.04262,0.28771,0.82871,0.99675,1,0.995,0.91452,0.99675,1,0.995,0.995,0.47041,0.01281,0.0109,0.24665,0.85004,0.00496644,0.00165548,0.00496644,0.00165548,0.00496644,0.00165548,0.00496644,0.00165548
89,1667.69,0.42749,0.02556,0.04637,0.28498,0.82176,0.99777,1,0.995,0.91588,0.99777,1,0.995,0.995,0.47994,0.01379,0.00542,0.25817,0.85251,0.00495456,0.00165152,0.00495456,0.00165152,0.00495456,0.00165152,0.00495456,0.00165152
90,1686.06,0.43083,0.02268,0.03149,0.28993,0.82908,0.99784,1,0.995,0.9164,0.99784,1,0.995,0.995,0.45372,0.01715,0.05434,0.26795,0.8488,0.00494268,0.00164756,0.00494268,0.00164756,0.00494268,0.00164756,0.00494268,0.00164756
91,1703.81,0.41743,0.01861,0.02701,0.28216,0.82319,0.9978,1,0.995,0.92976,0.9978,1,0.995,0.995,0.43292,0.01473,0.00479,0.24804,0.84712,0.0049308,0.0016436,0.0049308,0.0016436,0.0049308,0.0016436,0.0049308,0.0016436
92,1721.53,0.41672,0.02017,0.02905,0.27987,0.82723,0.99864,1,0.995,0.92975,0.99864,1,0.995,0.995,0.43837,0.01162,0.0034,0.25649,0.84408,0.00491892,0.00163964,0.00491892,0.00163964,0.00491892,0.00163964,0.00491892,0.00163964
93,1739.11,0.4332,0.0187,0.0288,0.28588,0.8271,0.99753,1,0.995,0.92072,0.99753,1,0.995,0.995,0.44095,0.01295,0.00233,0.25536,0.84681,0.00490704,0.00163568,0.00490704,0.00163568,0.00490704,0.00163568,0.00490704,0.00163568
94,1756.76,0.43327,0.01886,0.02671,0.28448,0.82836,0.99419,1,0.995,0.92657,0.99419,1,0.995,0.995,0.44877,0.01404,0.00123,0.26408,0.85838,0.00489516,0.00163172,0.00489516,0.00163172,0.00489516,0.00163172,0.00489516,0.00163172
95,1775.55,0.41878,0.01765,0.03329,0.27743,0.82924,0.99345,1,0.995,0.92797,0.99345,1,0.995,0.995,0.4531,0.01623,0.0021,0.26501,0.84749,0.00488328,0.00162776,0.00488328,0.00162776,0.00488328,0.00162776,0.00488328,0.00162776
96,1793.43,0.41123,0.019,0.03855,0.27577,0.82155,0.99616,1,0.995,0.91819,0.99616,1,0.995,0.995,0.44994,0.01658,0.00329,0.26664,0.84162,0.0048714,0.0016238,0.0048714,0.0016238,0.0048714,0.0016238,0.0048714,0.0016238
97,1811.97,0.42868,0.01928,0.03538,0.28101,0.83038,0.99829,1,0.995,0.9108,0.99829,1,0.995,0.995,0.44739,0.01301,0.00198,0.26163,0.84464,0.00485952,0.00161984,0.00485952,0.00161984,0.00485952,0.00161984,0.00485952,0.00161984
98,1830.57,0.43133,0.01889,0.03725,0.28316,0.8288,0.99863,1,0.995,0.91349,0.99863,1,0.995,0.995,0.4623,0.01128,0.00156,0.26437,0.85973,0.00484764,0.00161588,0.00484764,0.00161588,0.00484764,0.00161588,0.00484764,0.00161588
99,1848.33,0.42658,0.02089,0.03123,0.27971,0.82768,0.99855,1,0.995,0.92448,0.99855,1,0.995,0.995,0.4369,0.0158,0.00395,0.25529,0.85499,0.00483576,0.00161192,0.00483576,0.00161192,0.00483576,0.00161192,0.00483576,0.00161192
100,1866.05,0.39995,0.02151,0.02862,0.27242,0.81433,0.99857,1,0.995,0.92608,0.99857,1,0.995,0.995,0.45181,0.01301,0.00329,0.25844,0.84897,0.00482388,0.00160796,0.00482388,0.00160796,0.00482388,0.00160796,0.00482388,0.00160796
101,1883.57,0.40066,0.02011,0.02987,0.27567,0.82253,0.99859,1,0.995,0.92343,0.99859,1,0.995,0.995,0.43183,0.01067,0.00125,0.24369,0.83641,0.004812,0.001604,0.004812,0.001604,0.004812,0.001604,0.004812,0.001604
102,1901.37,0.40975,0.01814,0.02752,0.27187,0.82879,0.99862,1,0.995,0.92123,0.99862,1,0.995,0.995,0.44172,0.00935,0.00154,0.24747,0.83527,0.00480012,0.00160004,0.00480012,0.00160004,0.00480012,0.00160004,0.00480012,0.00160004
103,1919.08,0.41488,0.01883,0.02225,0.27362,0.83339,0.99859,1,0.995,0.91695,0.99859,1,0.995,0.995,0.41528,0.01045,0.00311,0.23949,0.82869,0.00478824,0.00159608,0.00478824,0.00159608,0.00478824,0.00159608,0.00478824,0.00159608
104,1936.67,0.41345,0.01856,0.02526,0.26665,0.82085,0.99796,1,0.995,0.92862,0.99796,1,0.995,0.995,0.41984,0.01105,0.00352,0.24616,0.83612,0.00477636,0.00159212,0.00477636,0.00159212,0.00477636,0.00159212,0.00477636,0.00159212
105,1954.09,0.40812,0.021,0.02727,0.26523,0.82219,0.99741,1,0.995,0.92823,0.99741,1,0.995,0.995,0.43367,0.01159,0.0033,0.25032,0.83202,0.00476448,0.00158816,0.00476448,0.00158816,0.00476448,0.00158816,0.00476448,0.00158816
106,1972.63,0.40388,0.01968,0.0309,0.26705,0.82194,0.9981,1,0.995,0.91718,0.9981,1,0.995,0.995,0.44987,0.01162,0.00242,0.2521,0.8362,0.0047526,0.0015842,0.0047526,0.0015842,0.0047526,0.0015842,0.0047526,0.0015842
107,1991.34,0.38519,0.01907,0.03104,0.26258,0.82259,1,0.99428,0.995,0.92536,1,0.99428,0.995,0.995,0.43764,0.01087,0.00291,0.25391,0.8371,0.00474072,0.00158024,0.00474072,0.00158024,0.00474072,0.00158024,0.00474072,0.00158024
108,2009.42,0.39942,0.02381,0.03633,0.26435,0.82977,1,0.98892,0.995,0.93004,1,0.98892,0.995,0.995,0.42767,0.01232,0.00129,0.2504,0.84021,0.00472884,0.00157628,0.00472884,0.00157628,0.00472884,0.00157628,0.00472884,0.00157628
109,2027.26,0.40003,0.01645,0.03439,0.26888,0.82836,0.97446,1,0.99451,0.92337,0.97446,1,0.99451,0.99451,0.44797,0.01115,0.00171,0.25716,0.84007,0.00471696,0.00157232,0.00471696,0.00157232,0.00471696,0.00157232,0.00471696,0.00157232
110,2044.82,0.40382,0.01748,0.02536,0.27125,0.82161,0.97557,0.99827,0.99451,0.91524,0.97557,0.99827,0.99451,0.99451,0.463,0.01037,0.00111,0.26573,0.84182,0.00470508,0.00156836,0.00470508,0.00156836,0.00470508,0.00156836,0.00470508,0.00156836
111,2062.42,0.40626,0.01753,0.03089,0.27544,0.8179,1,0.99914,0.995,0.92421,1,0.99914,0.995,0.995,0.42981,0.01097,0.00103,0.25072,0.84594,0.0046932,0.0015644,0.0046932,0.0015644,0.0046932,0.0015644,0.0046932,0.0015644
112,2080.37,0.40935,0.01682,0.03441,0.27578,0.8296,0.99899,1,0.995,0.93049,0.99899,1,0.995,0.995,0.45019,0.0107,0.00121,0.24211,0.84992,0.00468132,0.00156044,0.00468132,0.00156044,0.00468132,0.00156044,0.00468132,0.00156044
113,2098.97,0.40132,0.01928,0.02817,0.26458,0.81458,0.99863,1,0.995,0.93187,0.99863,1,0.995,0.995,0.42848,0.01119,0.0016,0.24092,0.84619,0.00466944,0.00155648,0.00466944,0.00155648,0.00466944,0.00155648,0.00466944,0.00155648
114,2117.59,0.41216,0.01976,0.03106,0.27648,0.82247,0.9981,1,0.995,0.92978,0.9981,1,0.995,0.995,0.42365,0.01197,0.00203,0.24037,0.83774,0.00465756,0.00155252,0.00465756,0.00155252,0.00465756,0.00155252,0.00465756,0.00155252
115,2136.19,0.39172,0.01648,0.02198,0.26503,0.82347,0.99797,1,0.995,0.93357,0.99797,1,0.995,0.995,0.41809,0.01131,0.00131,0.23003,0.84138,0.00464568,0.00154856,0.00464568,0.00154856,0.00464568,0.00154856,0.00464568,0.00154856
116,2154.65,0.39837,0.01834,0.03241,0.26428,0.82392,0.99498,1,0.995,0.93011,0.99498,1,0.995,0.995,0.432,0.01212,0.0011,0.24268,0.84289,0.0046338,0.0015446,0.0046338,0.0015446,0.0046338,0.0015446,0.0046338,0.0015446
117,2173.63,0.40612,0.01784,0.0295,0.27136,0.83131,0.99765,1,0.995,0.93232,0.99765,1,0.995,0.995,0.43338,0.01161,0.00145,0.24758,0.84026,0.00462192,0.00154064,0.00462192,0.00154064,0.00462192,0.00154064,0.00462192,0.00154064
118,2191.43,0.39227,0.01747,0.02169,0.26384,0.81825,0.9991,1,0.995,0.93874,0.9991,1,0.995,0.995,0.44672,0.01114,0.00111,0.24717,0.83734,0.00461004,0.00153668,0.00461004,0.00153668,0.00461004,0.00153668,0.00461004,0.00153668
119,2209.44,0.39114,0.01761,0.02628,0.26188,0.82555,0.99805,1,0.995,0.92631,0.99805,1,0.995,0.995,0.44031,0.01134,0.00124,0.24524,0.84488,0.00459816,0.00153272,0.00459816,0.00153272,0.00459816,0.00153272,0.00459816,0.00153272
120,2227.11,0.40326,0.01749,0.02448,0.26938,0.83251,0.99724,1,0.995,0.92929,0.99724,1,0.995,0.995,0.42959,0.012,0.00118,0.23552,0.84572,0.00458628,0.00152876,0.00458628,0.00152876,0.00458628,0.00152876,0.00458628,0.00152876
121,2246.09,0.39217,0.0176,0.02115,0.26627,0.8269,0.99688,1,0.995,0.94076,0.99688,1,0.995,0.995,0.42267,0.01015,0.00095,0.24308,0.84151,0.0045744,0.0015248,0.0045744,0.0015248,0.0045744,0.0015248,0.0045744,0.0015248
122,2265.43,0.39534,0.02235,0.02772,0.26318,0.82657,0.99685,1,0.995,0.94419,0.99685,1,0.995,0.995,0.42879,0.01078,0.00154,0.2449,0.83491,0.00456252,0.00152084,0.00456252,0.00152084,0.00456252,0.00152084,0.00456252,0.00152084
123,2285.07,0.39816,0.02248,0.0227,0.26634,0.82195,0.99442,1,0.995,0.92832,0.99442,1,0.995,0.995,0.41873,0.01335,0.0022,0.2437,0.8322,0.00455064,0.00151688,0.00455064,0.00151688,0.00455064,0.00151688,0.00455064,0.00151688
124,2304.08,0.39805,0.01909,0.02176,0.26516,0.81786,0.99415,1,0.995,0.91898,0.99415,1,0.995,0.995,0.4359,0.01123,0.00087,0.2482,0.83883,0.00453876,0.00151292,0.00453876,0.00151292,0.00453876,0.00151292,0.00453876,0.00151292
125,2325.18,0.39294,0.01652,0.03125,0.26075,0.8151,0.99702,1,0.995,0.92174,0.99702,1,0.995,0.995,0.43713,0.01256,0.00062,0.25975,0.83423,0.00452688,0.00150896,0.00452688,0.00150896,0.00452688,0.00150896,0.00452688,0.00150896
126,2342.9,0.38324,0.01748,0.02434,0.26003,0.82036,0.99009,1,0.995,0.91503,0.99009,1,0.995,0.995,0.45257,0.01332,0.00053,0.26094,0.83288,0.004515,0.001505,0.004515,0.001505,0.004515,0.001505,0.004515,0.001505
127,2361.03,0.39511,0.01525,0.01918,0.26766,0.82156,0.99542,1,0.995,0.919,0.99542,1,0.995,0.995,0.44699,0.01422,0.00102,0.25919,0.83355,0.00450312,0.00150104,0.00450312,0.00150104,0.00450312,0.00150104,0.00450312,0.00150104
128,2378.56,0.38812,0.01493,0.02734,0.25756,0.81796,0.99701,1,0.995,0.93121,0.99701,1,0.995,0.995,0.43063,0.01247,0.0016,0.23667,0.84217,0.00449124,0.00149708,0.00449124,0.00149708,0.00449124,0.00149708,0.00449124,0.00149708
129,2396.21,0.39655,0.0149,0.02669,0.26453,0.82709,0.99774,1,0.995,0.92594,0.99774,1,0.995,0.995,0.44277,0.01201,0.00406,0.24742,0.84334,0.00447936,0.00149312,0.00447936,0.00149312,0.00447936,0.00149312,0.00447936,0.00149312
130,2414.47,0.38936,0.01471,0.02467,0.26035,0.82046,0.99717,1,0.995,0.92538,0.99717,1,0.995,0.995,0.42845,0.01149,0.00251,0.24388,0.83786,0.00446748,0.00148916,0.00446748,0.00148916,0.00446748,0.00148916,0.00446748,0.00148916
131,2433.06,0.38578,0.01613,0.02424,0.25702,0.82035,0.99823,1,0.995,0.92185,0.99823,1,0.995,0.995,0.44422,0.01186,0.00186,0.25059,0.84641,0.0044556,0.0014852,0.0044556,0.0014852,0.0044556,0.0014852,0.0044556,0.0014852
132,2451.93,0.37702,0.0158,0.02474,0.25977,0.8175,0.99784,1,0.995,0.91859,0.99784,1,0.995,0.995,0.44154,0.0122,0.00078,0.22887,0.84518,0.00444372,0.00148124,0.00444372,0.00148124,0.00444372,0.00148124,0.00444372,0.00148124
133,2470.48,0.37963,0.01525,0.02648,0.25873,0.81574,0.9964,1,0.995,0.93028,0.9964,1,0.995,0.995,0.44086,0.01036,0.00104,0.23628,0.84223,0.00443184,0.00147728,0.00443184,0.00147728,0.00443184,0.00147728,0.00443184,0.00147728
134,2490.51,0.38257,0.0192,0.02095,0.25729,0.80659,1,0.9906,0.995,0.91489,1,0.9906,0.995,0.995,0.43319,0.01146,0.00119,0.234,0.83909,0.00441996,0.00147332,0.00441996,0.00147332,0.00441996,0.00147332,0.00441996,0.00147332
135,2508.38,0.37736,0.01604,0.02649,0.25502,0.82641,0.99359,1,0.995,0.92221,0.99359,1,0.995,0.995,0.43347,0.01038,0.00211,0.23787,0.83729,0.00440808,0.00146936,0.00440808,0.00146936,0.00440808,0.00146936,0.00440808,0.00146936
136,2526.61,0.37485,0.02017,0.03032,0.25421,0.81838,0.99583,1,0.995,0.92129,0.99583,1,0.995,0.995,0.42496,0.00989,0.00225,0.2279,0.83483,0.0043962,0.0014654,0.0043962,0.0014654,0.0043962,0.0014654,0.0043962,0.0014654
137,2544.25,0.37512,0.0156,0.02225,0.25245,0.81897,0.99834,1,0.995,0.93105,0.99834,1,0.995,0.995,0.41001,0.01028,0.00226,0.22491,0.82774,0.00438432,0.00146144,0.00438432,0.00146144,0.00438432,0.00146144,0.00438432,0.00146144
138,2561.94,0.38079,0.01977,0.02509,0.2507,0.8229,0.99833,1,0.995,0.92686,0.99833,1,0.995,0.995,0.40678,0.01106,0.0033,0.22822,0.83282,0.00437244,0.00145748,0.00437244,0.00145748,0.00437244,0.00145748,0.00437244,0.00145748
139,2579.77,0.37381,0.01384,0.02778,0.25219,0.81656,0.99795,1,0.995,0.93152,0.99795,1,0.995,0.995,0.40948,0.01167,0.00849,0.22284,0.83196,0.00436056,0.00145352,0.00436056,0.00145352,0.00436056,0.00145352,0.00436056,0.00145352
140,2598.19,0.37059,0.01529,0.02226,0.25378,0.80886,0.99628,1,0.995,0.93516,0.99628,1,0.995,0.995,0.42024,0.01255,0.00572,0.23883,0.83932,0.00434868,0.00144956,0.00434868,0.00144956,0.00434868,0.00144956,0.00434868,0.00144956
141,2617.4,0.36557,0.01608,0.0266,0.24919,0.8207,0.9979,1,0.995,0.92541,0.9979,1,0.995,0.995,0.44513,0.01106,0.00448,0.23693,0.84383,0.0043368,0.0014456,0.0043368,0.0014456,0.0043368,0.0014456,0.0043368,0.0014456
142,2636.63,0.35786,0.01763,0.02373,0.24777,0.82222,0.99851,1,0.995,0.92848,0.99851,1,0.995,0.995,0.43137,0.01022,0.00188,0.23083,0.8411,0.00432492,0.00144164,0.00432492,0.00144164,0.00432492,0.00144164,0.00432492,0.00144164
143,2655.67,0.3847,0.01616,0.02672,0.25912,0.81542,0.99864,1,0.995,0.93628,0.99864,1,0.995,0.995,0.41413,0.01173,0.0023,0.22055,0.83824,0.00431304,0.00143768,0.00431304,0.00143768,0.00431304,0.00143768,0.00431304,0.00143768
144,2673.41,0.37712,0.01974,0.02087,0.25005,0.81959,0.99779,1,0.995,0.93688,0.99779,1,0.995,0.995,0.42739,0.01334,0.01517,0.24402,0.8516,0.00430116,0.00143372,0.00430116,0.00143372,0.00430116,0.00143372,0.00430116,0.00143372
145,2692.99,0.36676,0.01361,0.02716,0.2507,0.8163,0.99902,1,0.995,0.92528,0.99902,1,0.995,0.995,0.40997,0.01287,0.00267,0.23916,0.84147,0.00428928,0.00142976,0.00428928,0.00142976,0.00428928,0.00142976,0.00428928,0.00142976
146,2712.1,0.36521,0.01574,0.02697,0.25321,0.8148,0.9983,1,0.995,0.92743,0.9983,1,0.995,0.995,0.4302,0.01094,0.00348,0.23008,0.84005,0.0042774,0.0014258,0.0042774,0.0014258,0.0042774,0.0014258,0.0042774,0.0014258
147,2738.57,0.36511,0.01844,0.02875,0.25037,0.82179,0.99863,1,0.995,0.92741,0.99863,1,0.995,0.995,0.4327,0.01114,0.00149,0.23189,0.84227,0.00426552,0.00142184,0.00426552,0.00142184,0.00426552,0.00142184,0.00426552,0.00142184
148,2757.57,0.38057,0.01481,0.0268,0.26211,0.82537,0.99855,1,0.995,0.92041,0.99855,1,0.995,0.995,0.42134,0.01113,0.00114,0.21599,0.83377,0.00425364,0.00141788,0.00425364,0.00141788,0.00425364,0.00141788,0.00425364,0.00141788
149,2778.79,0.3772,0.01857,0.02271,0.25748,0.81403,0.99794,1,0.995,0.9296,0.99794,1,0.995,0.995,0.43921,0.01108,0.00147,0.23215,0.83556,0.00424176,0.00141392,0.00424176,0.00141392,0.00424176,0.00141392,0.00424176,0.00141392
150,2796.6,0.38991,0.01779,0.02457,0.2626,0.81974,0.9983,1,0.995,0.93419,0.9983,1,0.995,0.995,0.44301,0.01209,0.01766,0.23385,0.83814,0.00422988,0.00140996,0.00422988,0.00140996,0.00422988,0.00140996,0.00422988,0.00140996
151,2817.64,0.35808,0.01563,0.02343,0.24893,0.81397,0.99437,1,0.995,0.93144,0.99437,1,0.995,0.995,0.43697,0.01094,0.00096,0.24358,0.83094,0.004218,0.001406,0.004218,0.001406,0.004218,0.001406,0.004218,0.001406
152,2836.71,0.36145,0.01439,0.02884,0.24697,0.8111,0.99603,1,0.995,0.91458,0.99603,1,0.995,0.995,0.43152,0.01065,0.00193,0.23385,0.83054,0.00420612,0.00140204,0.00420612,0.00140204,0.00420612,0.00140204,0.00420612,0.00140204
153,2856.36,0.36524,0.0161,0.03652,0.247,0.8131,0.99857,1,0.995,0.91985,0.99857,1,0.995,0.995,0.42255,0.01227,0.00167,0.22335,0.82968,0.00419424,0.00139808,0.00419424,0.00139808,0.00419424,0.00139808,0.00419424,0.00139808
154,2880.69,0.35299,0.01553,0.0313,0.24342,0.81598,0.99868,1,0.995,0.9216,0.99868,1,0.995,0.995,0.42542,0.01133,0.00133,0.22811,0.83329,0.00418236,0.00139412,0.00418236,0.00139412,0.00418236,0.00139412,0.00418236,0.00139412
155,2899.42,0.36056,0.01473,0.01613,0.24436,0.81545,0.99866,1,0.995,0.92292,0.99866,1,0.995,0.995,0.42497,0.01089,0.00122,0.23329,0.83158,0.00417048,0.00139016,0.00417048,0.00139016,0.00417048,0.00139016,0.00417048,0.00139016
156,2921.28,0.36518,0.01462,0.02065,0.24809,0.80857,0.99849,1,0.995,0.92589,0.99849,1,0.995,0.995,0.44733,0.01089,0.0012,0.23774,0.83206,0.0041586,0.0013862,0.0041586,0.0013862,0.0041586,0.0013862,0.0041586,0.0013862
157,2938.94,0.36498,0.0153,0.0209,0.25108,0.81733,0.99856,1,0.995,0.91725,0.99856,1,0.995,0.995,0.43442,0.01063,0.00086,0.23146,0.83078,0.00414672,0.00138224,0.00414672,0.00138224,0.00414672,0.00138224,0.00414672,0.00138224
158,2958.85,0.35297,0.01325,0.02567,0.24439,0.80781,0.9986,1,0.995,0.933,0.9986,1,0.995,0.995,0.40869,0.00932,0.00092,0.22567,0.82731,0.00413484,0.00137828,0.00413484,0.00137828,0.00413484,0.00137828,0.00413484,0.00137828
159,2977.41,0.37,0.01677,0.02623,0.24447,0.81355,0.99849,1,0.995,0.93052,0.99849,1,0.995,0.995,0.42127,0.00864,0.00128,0.22538,0.83398,0.00412296,0.00137432,0.00412296,0.00137432,0.00412296,0.00137432,0.00412296,0.00137432
160,2997.26,0.36219,0.01451,0.02371,0.24565,0.8106,0.99866,1,0.995,0.93183,0.99866,1,0.995,0.995,0.43769,0.0088,0.00155,0.2264,0.84378,0.00411108,0.00137036,0.00411108,0.00137036,0.00411108,0.00137036,0.00411108,0.00137036
161,3015.04,0.34932,0.01969,0.02737,0.23584,0.81653,0.99861,1,0.995,0.93063,0.99861,1,0.995,0.995,0.42319,0.00998,0.00049,0.22406,0.83935,0.0040992,0.0013664,0.0040992,0.0013664,0.0040992,0.0013664,0.0040992,0.0013664
162,3036.43,0.35232,0.01382,0.02624,0.24009,0.81018,0.99863,1,0.995,0.91815,0.99863,1,0.995,0.995,0.44084,0.00876,0.00038,0.22566,0.8431,0.00408732,0.00136244,0.00408732,0.00136244,0.00408732,0.00136244,0.00408732,0.00136244
163,3054.86,0.33299,0.01536,0.0192,0.23352,0.8067,0.99865,1,0.995,0.92996,0.99865,1,0.995,0.995,0.43519,0.01218,0.00056,0.21955,0.83486,0.00407544,0.00135848,0.00407544,0.00135848,0.00407544,0.00135848,0.00407544,0.00135848
164,3076.86,0.34695,0.01532,0.02374,0.23803,0.81245,0.99857,1,0.995,0.9258,0.99857,1,0.995,0.995,0.42733,0.01233,0.00066,0.23071,0.83125,0.00406356,0.00135452,0.00406356,0.00135452,0.00406356,0.00135452,0.00406356,0.00135452
165,3094.73,0.36339,0.01694,0.02755,0.24876,0.82142,0.99857,1,0.995,0.92441,0.99857,1,0.995,0.995,0.41904,0.01523,0.00576,0.21785,0.82609,0.00405168,0.00135056,0.00405168,0.00135056,0.00405168,0.00135056,0.00405168,0.00135056
166,3115.27,0.35337,0.01473,0.02263,0.24444,0.81164,0.99649,1,0.995,0.93801,0.99649,1,0.995,0.995,0.44267,0.01352,0.0033,0.24731,0.82983,0.0040398,0.0013466,0.0040398,0.0013466,0.0040398,0.0013466,0.0040398,0.0013466
167,3132.95,0.36351,0.01541,0.02661,0.24849,0.81722,0.99849,1,0.995,0.92082,0.99849,1,0.995,0.995,0.43249,0.01102,0.00168,0.22534,0.82692,0.00402792,0.00134264,0.00402792,0.00134264,0.00402792,0.00134264,0.00402792,0.00134264
168,3152.25,0.34903,0.01474,0.01611,0.24246,0.80461,0.99833,1,0.995,0.93622,0.99833,1,0.995,0.995,0.41518,0.01223,0.00084,0.21888,0.81935,0.00401604,0.00133868,0.00401604,0.00133868,0.00401604,0.00133868,0.00401604,0.00133868
169,3170.19,0.3585,0.01446,0.02177,0.24774,0.81992,0.9978,1,0.995,0.93488,0.9978,1,0.995,0.995,0.42265,0.01137,0.00066,0.23329,0.82265,0.00400416,0.00133472,0.00400416,0.00133472,0.00400416,0.00133472,0.00400416,0.00133472
170,3191.24,0.35778,0.01408,0.01702,0.24729,0.808,0.99805,1,0.995,0.93583,0.99805,1,0.995,0.995,0.43556,0.01121,0.00074,0.2386,0.82279,0.00399228,0.00133076,0.00399228,0.00133076,0.00399228,0.00133076,0.00399228,0.00133076
171,3209.93,0.34735,0.01316,0.01398,0.23917,0.80759,0.99803,1,0.995,0.94126,0.99803,1,0.995,0.995,0.42708,0.01089,0.00078,0.22812,0.82398,0.0039804,0.0013268,0.0039804,0.0013268,0.0039804,0.0013268,0.0039804,0.0013268
172,3229.81,0.34823,0.0138,0.02621,0.2384,0.80498,0.99737,1,0.995,0.93363,0.99737,1,0.995,0.995,0.41862,0.01132,0.00186,0.2245,0.82766,0.00396852,0.00132284,0.00396852,0.00132284,0.00396852,0.00132284,0.00396852,0.00132284
173,3247.56,0.35202,0.01311,0.01968,0.23846,0.81165,0.9976,1,0.995,0.93451,0.9976,1,0.995,0.995,0.41874,0.00998,0.00065,0.22905,0.82598,0.00395664,0.00131888,0.00395664,0.00131888,0.00395664,0.00131888,0.00395664,0.00131888
174,3267.7,0.33805,0.01166,0.02295,0.2333,0.80611,0.99753,1,0.995,0.92882,0.99753,1,0.995,0.995,0.43721,0.01107,0.00044,0.22153,0.83031,0.00394476,0.00131492,0.00394476,0.00131492,0.00394476,0.00131492,0.00394476,0.00131492
175,3291.58,0.34473,0.01249,0.02205,0.23601,0.80521,0.99726,1,0.995,0.93194,0.99726,1,0.995,0.995,0.42361,0.01078,0.00069,0.22387,0.83001,0.00393288,0.00131096,0.00393288,0.00131096,0.00393288,0.00131096,0.00393288,0.00131096
176,3310.17,0.34257,0.01483,0.02174,0.23176,0.8051,0.99788,1,0.995,0.9299,0.99788,1,0.995,0.995,0.4189,0.01143,0.00146,0.2246,0.82841,0.003921,0.001307,0.003921,0.001307,0.003921,0.001307,0.003921,0.001307
177,3331.71,0.34993,0.01185,0.0194,0.24068,0.81104,0.99866,1,0.995,0.92413,0.99866,1,0.995,0.995,0.44446,0.0112,0.00137,0.22705,0.83624,0.00390912,0.00130304,0.00390912,0.00130304,0.00390912,0.00130304,0.00390912,0.00130304
178,3354.33,0.34243,0.01485,0.02636,0.23513,0.81272,0.99839,1,0.995,0.92406,0.99839,1,0.995,0.995,0.44003,0.01068,0.00118,0.23617,0.83725,0.00389724,0.00129908,0.00389724,0.00129908,0.00389724,0.00129908,0.00389724,0.00129908
179,3374.56,0.33813,0.01457,0.02062,0.23463,0.80231,0.99827,1,0.995,0.94043,0.99827,1,0.995,0.995,0.42395,0.00915,0.00067,0.22948,0.83147,0.00388536,0.00129512,0.00388536,0.00129512,0.00388536,0.00129512,0.00388536,0.00129512
180,3392.21,0.35118,0.01033,0.02556,0.23611,0.80796,0.99862,1,0.995,0.92192,0.99862,1,0.995,0.995,0.42081,0.00988,0.00069,0.22679,0.83151,0.00387348,0.00129116,0.00387348,0.00129116,0.00387348,0.00129116,0.00387348,0.00129116
181,3412.11,0.34482,0.01798,0.0287,0.23554,0.80522,0.9985,1,0.995,0.92399,0.9985,1,0.995,0.995,0.44637,0.01038,0.00111,0.23061,0.83549,0.0038616,0.0012872,0.0038616,0.0012872,0.0038616,0.0012872,0.0038616,0.0012872
182,3430.03,0.32822,0.01381,0.01584,0.23371,0.80395,0.99854,1,0.995,0.93279,0.99854,1,0.995,0.995,0.44827,0.01141,0.00058,0.23512,0.83982,0.00384972,0.00128324,0.00384972,0.00128324,0.00384972,0.00128324,0.00384972,0.00128324
183,3452.83,0.35666,0.0136,0.02692,0.23981,0.82277,0.99868,1,0.995,0.92434,0.99868,1,0.995,0.995,0.44778,0.01128,0.00045,0.23134,0.84116,0.00383784,0.00127928,0.00383784,0.00127928,0.00383784,0.00127928,0.00383784,0.00127928
184,3471.4,0.33663,0.01644,0.02132,0.2362,0.81298,0.99859,1,0.995,0.92684,0.99859,1,0.995,0.995,0.45283,0.01346,0.0004,0.23692,0.83358,0.00382596,0.00127532,0.00382596,0.00127532,0.00382596,0.00127532,0.00382596,0.00127532
185,3490.3,0.33604,0.01178,0.02027,0.22507,0.80901,0.9984,1,0.995,0.9254,0.9984,1,0.995,0.995,0.43364,0.01224,0.0006,0.23252,0.832,0.00381408,0.00127136,0.00381408,0.00127136,0.00381408,0.00127136,0.00381408,0.00127136
186,3507.59,0.34353,0.01697,0.025,0.23615,0.81051,0.9985,1,0.995,0.91936,0.9985,1,0.995,0.995,0.43533,0.01168,0.00154,0.22989,0.83595,0.0038022,0.0012674,0.0038022,0.0012674,0.0038022,0.0012674,0.0038022,0.0012674
187,3525.33,0.3234,0.0134,0.02051,0.22301,0.80806,0.99843,1,0.995,0.92475,0.99843,1,0.995,0.995,0.43338,0.01164,0.00107,0.22364,0.83572,0.00379032,0.00126344,0.00379032,0.00126344,0.00379032,0.00126344,0.00379032,0.00126344
188,3542.95,0.34103,0.01284,0.02726,0.22955,0.80673,0.99838,1,0.995,0.92446,0.99838,1,0.995,0.995,0.43565,0.01143,0.00093,0.23447,0.82831,0.00377844,0.00125948,0.00377844,0.00125948,0.00377844,0.00125948,0.00377844,0.00125948
189,3560.86,0.34478,0.01182,0.02046,0.23561,0.81377,0.99826,1,0.995,0.93003,0.99826,1,0.995,0.995,0.43513,0.01166,0.00127,0.23552,0.83277,0.00376656,0.00125552,0.00376656,0.00125552,0.00376656,0.00125552,0.00376656,0.00125552
190,3578.42,0.34272,0.01599,0.03066,0.23625,0.80635,0.99828,1,0.995,0.91899,0.99828,1,0.995,0.995,0.43477,0.01201,0.00156,0.2175,0.83357,0.00375468,0.00125156,0.00375468,0.00125156,0.00375468,0.00125156,0.00375468,0.00125156
191,3596.02,0.3379,0.01272,0.03095,0.22916,0.81558,0.99833,1,0.995,0.9254,0.99833,1,0.995,0.995,0.42941,0.01112,0.0004,0.21474,0.82273,0.0037428,0.0012476,0.0037428,0.0012476,0.0037428,0.0012476,0.0037428,0.0012476
192,3613.6,0.33799,0.01341,0.01898,0.22968,0.80878,0.99851,1,0.995,0.91748,0.99851,1,0.995,0.995,0.42852,0.00914,0.00046,0.22085,0.83328,0.00373092,0.00124364,0.00373092,0.00124364,0.00373092,0.00124364,0.00373092,0.00124364
193,3632.42,0.3403,0.01401,0.02708,0.2335,0.81607,0.99859,1,0.995,0.92077,0.99859,1,0.995,0.995,0.43528,0.01038,0.00111,0.23261,0.83726,0.00371904,0.00123968,0.00371904,0.00123968,0.00371904,0.00123968,0.00371904,0.00123968
194,3650.15,0.32981,0.01171,0.02165,0.23186,0.80339,0.99861,1,0.995,0.93015,0.99861,1,0.995,0.995,0.44884,0.0122,0.00185,0.22939,0.83761,0.00370716,0.00123572,0.00370716,0.00123572,0.00370716,0.00123572,0.00370716,0.00123572
195,3667.51,0.32895,0.01442,0.02241,0.22771,0.8133,0.99861,1,0.995,0.9316,0.99861,1,0.995,0.995,0.43448,0.0129,0.00168,0.21008,0.83898,0.00369528,0.00123176,0.00369528,0.00123176,0.00369528,0.00123176,0.00369528,0.00123176
196,3685.1,0.3261,0.01312,0.01573,0.22819,0.80879,0.99807,1,0.995,0.93297,0.99807,1,0.995,0.995,0.43316,0.01127,0.00047,0.22745,0.8381,0.0036834,0.0012278,0.0036834,0.0012278,0.0036834,0.0012278,0.0036834,0.0012278
197,3702.75,0.34528,0.01886,0.02778,0.22904,0.81497,0.99645,1,0.995,0.93361,0.99645,1,0.995,0.995,0.4344,0.01102,0.00069,0.23602,0.8354,0.00367152,0.00122384,0.00367152,0.00122384,0.00367152,0.00122384,0.00367152,0.00122384
198,3720.31,0.32778,0.01075,0.01691,0.23263,0.8071,0.99754,1,0.995,0.95087,0.99754,1,0.995,0.995,0.4144,0.01105,0.00312,0.2165,0.83885,0.00365964,0.00121988,0.00365964,0.00121988,0.00365964,0.00121988,0.00365964,0.00121988
199,3738.2,0.33115,0.01187,0.02057,0.22889,0.80191,0.99747,1,0.995,0.93809,0.99747,1,0.995,0.995,0.41471,0.01096,0.00316,0.22696,0.84115,0.00364776,0.00121592,0.00364776,0.00121592,0.00364776,0.00121592,0.00364776,0.00121592
200,3755.76,0.3257,0.01231,0.02332,0.22467,0.81043,0.99728,1,0.995,0.92311,0.99728,1,0.995,0.995,0.44741,0.01178,0.00198,0.23168,0.84387,0.00363588,0.00121196,0.00363588,0.00121196,0.00363588,0.00121196,0.00363588,0.00121196
201,3774.63,0.32665,0.01036,0.02501,0.22594,0.80816,0.99883,1,0.995,0.91915,0.99883,1,0.995,0.995,0.45745,0.0111,0.00184,0.22891,0.84043,0.003624,0.001208,0.003624,0.001208,0.003624,0.001208,0.003624,0.001208
202,3792.26,0.31667,0.01121,0.02405,0.22113,0.80259,0.99733,1,0.995,0.92215,0.99733,1,0.995,0.995,0.42641,0.01179,0.00126,0.22003,0.83978,0.00361212,0.00120404,0.00361212,0.00120404,0.00361212,0.00120404,0.00361212,0.00120404
203,3809.9,0.32151,0.01074,0.02333,0.22075,0.80879,0.99833,1,0.995,0.93414,0.99833,1,0.995,0.995,0.41986,0.01045,0.00085,0.21269,0.8359,0.00360024,0.00120008,0.00360024,0.00120008,0.00360024,0.00120008,0.00360024,0.00120008
204,3827.24,0.32804,0.01106,0.01958,0.22227,0.8042,0.99868,1,0.995,0.93105,0.99868,1,0.995,0.995,0.40776,0.01079,0.00056,0.21861,0.83349,0.00358836,0.00119612,0.00358836,0.00119612,0.00358836,0.00119612,0.00358836,0.00119612
205,3845.39,0.32218,0.0113,0.01967,0.22153,0.80635,0.99861,1,0.995,0.93538,0.99861,1,0.995,0.995,0.4416,0.00962,0.00094,0.21783,0.8366,0.00357648,0.00119216,0.00357648,0.00119216,0.00357648,0.00119216,0.00357648,0.00119216
206,3864.16,0.33062,0.01389,0.02169,0.22626,0.81094,0.99842,1,0.995,0.93031,0.99842,1,0.995,0.995,0.42831,0.00939,0.00102,0.2148,0.83421,0.0035646,0.0011882,0.0035646,0.0011882,0.0035646,0.0011882,0.0035646,0.0011882
207,3882.26,0.3133,0.01085,0.01488,0.22325,0.8024,0.99858,1,0.995,0.93215,0.99858,1,0.995,0.995,0.42591,0.00954,0.00094,0.2094,0.83339,0.00355272,0.00118424,0.00355272,0.00118424,0.00355272,0.00118424,0.00355272,0.00118424
208,3899.95,0.31019,0.01117,0.02669,0.2126,0.8048,0.99877,1,0.995,0.92513,0.99877,1,0.995,0.995,0.42396,0.01088,0.00054,0.22122,0.83156,0.00354084,0.00118028,0.00354084,0.00118028,0.00354084,0.00118028,0.00354084,0.00118028
209,3917.57,0.326,0.01248,0.02484,0.22303,0.80428,0.99873,1,0.995,0.93572,0.99873,1,0.995,0.995,0.42953,0.00955,0.00093,0.21483,0.83494,0.00352896,0.00117632,0.00352896,0.00117632,0.00352896,0.00117632,0.00352896,0.00117632
210,3935.14,0.31092,0.01379,0.01572,0.21978,0.79919,0.99842,1,0.995,0.92144,0.99842,1,0.995,0.995,0.44521,0.00939,0.00123,0.21356,0.83553,0.00351708,0.00117236,0.00351708,0.00117236,0.00351708,0.00117236,0.00351708,0.00117236
211,3953.37,0.31071,0.01189,0.02694,0.22076,0.8086,0.99868,1,0.995,0.93047,0.99868,1,0.995,0.995,0.45168,0.00911,0.00138,0.2246,0.83619,0.0035052,0.0011684,0.0035052,0.0011684,0.0035052,0.0011684,0.0035052,0.0011684
212,3971.57,0.32055,0.01152,0.0192,0.22493,0.7976,0.99872,1,0.995,0.92195,0.99872,1,0.995,0.995,0.45585,0.00971,0.00164,0.21586,0.83613,0.00349332,0.00116444,0.00349332,0.00116444,0.00349332,0.00116444,0.00349332,0.00116444
213,3989.78,0.32481,0.01139,0.01952,0.22527,0.81539,0.99875,1,0.995,0.93014,0.99875,1,0.995,0.995,0.4323,0.0095,0.00175,0.21202,0.83424,0.00348144,0.00116048,0.00348144,0.00116048,0.00348144,0.00116048,0.00348144,0.00116048
214,4008.18,0.31348,0.01258,0.01255,0.21608,0.80305,0.99867,1,0.995,0.9316,0.99867,1,0.995,0.995,0.43125,0.00996,0.00328,0.22001,0.8376,0.00346956,0.00115652,0.00346956,0.00115652,0.00346956,0.00115652,0.00346956,0.00115652
215,4027.03,0.31794,0.01083,0.0174,0.22085,0.79895,0.99857,1,0.995,0.92962,0.99857,1,0.995,0.995,0.43473,0.00965,0.00177,0.22326,0.84004,0.00345768,0.00115256,0.00345768,0.00115256,0.00345768,0.00115256,0.00345768,0.00115256
216,4045.62,0.31022,0.01081,0.02122,0.22116,0.80599,0.99862,1,0.995,0.92014,0.99862,1,0.995,0.995,0.4362,0.00938,0.00118,0.22887,0.83638,0.0034458,0.0011486,0.0034458,0.0011486,0.0034458,0.0011486,0.0034458,0.0011486
217,4063.74,0.31153,0.01012,0.02244,0.21656,0.8024,0.99881,1,0.995,0.92061,0.99881,1,0.995,0.995,0.43783,0.00953,0.00207,0.21035,0.84085,0.00343392,0.00114464,0.00343392,0.00114464,0.00343392,0.00114464,0.00343392,0.00114464
218,4081.8,0.31192,0.01079,0.02425,0.21898,0.8057,0.99853,1,0.995,0.93723,0.99853,1,0.995,0.995,0.43034,0.00915,0.00166,0.22411,0.83644,0.00342204,0.00114068,0.00342204,0.00114068,0.00342204,0.00114068,0.00342204,0.00114068
219,4100.06,0.30676,0.01089,0.01913,0.2165,0.80755,0.99866,1,0.995,0.92764,0.99866,1,0.995,0.995,0.44219,0.01008,0.00113,0.22139,0.83365,0.00341016,0.00113672,0.00341016,0.00113672,0.00341016,0.00113672,0.00341016,0.00113672
220,4119.4,0.3202,0.01171,0.01216,0.22055,0.79818,0.99862,1,0.995,0.93747,0.99862,1,0.995,0.995,0.42432,0.01019,0.00094,0.2062,0.8311,0.00339828,0.00113276,0.00339828,0.00113276,0.00339828,0.00113276,0.00339828,0.00113276
221,4138.08,0.30772,0.0124,0.0196,0.22029,0.81139,0.99866,1,0.995,0.93524,0.99866,1,0.995,0.995,0.41488,0.01006,0.00089,0.21414,0.82661,0.0033864,0.0011288,0.0033864,0.0011288,0.0033864,0.0011288,0.0033864,0.0011288
222,4156.62,0.31993,0.01099,0.01743,0.218,0.80601,0.9987,1,0.995,0.93376,0.9987,1,0.995,0.995,0.42089,0.01039,0.00074,0.20398,0.83049,0.00337452,0.00112484,0.00337452,0.00112484,0.00337452,0.00112484,0.00337452,0.00112484
223,4175.29,0.30578,0.01092,0.01583,0.21563,0.80637,0.99872,1,0.995,0.93505,0.99872,1,0.995,0.995,0.43172,0.01039,0.00111,0.22533,0.83581,0.00336264,0.00112088,0.00336264,0.00112088,0.00336264,0.00112088,0.00336264,0.00112088
224,4193.94,0.31449,0.01198,0.01746,0.22028,0.81198,0.99868,1,0.995,0.93003,0.99868,1,0.995,0.995,0.43836,0.00952,0.00149,0.21188,0.83528,0.00335076,0.00111692,0.00335076,0.00111692,0.00335076,0.00111692,0.00335076,0.00111692
225,4212,0.31525,0.01186,0.01761,0.2196,0.80575,0.99865,1,0.995,0.93167,0.99865,1,0.995,0.995,0.43768,0.00861,0.00194,0.20939,0.82807,0.00333888,0.00111296,0.00333888,0.00111296,0.00333888,0.00111296,0.00333888,0.00111296
226,4229.68,0.30713,0.01022,0.0213,0.21433,0.80795,0.99849,1,0.995,0.92198,0.99849,1,0.995,0.995,0.44095,0.00868,0.00082,0.21083,0.82773,0.003327,0.001109,0.003327,0.001109,0.003327,0.001109,0.003327,0.001109
227,4247.61,0.30008,0.01036,0.01846,0.21015,0.79883,0.99823,1,0.995,0.92595,0.99823,1,0.995,0.995,0.44551,0.01029,0.0005,0.21571,0.83533,0.00331512,0.00110504,0.00331512,0.00110504,0.00331512,0.00110504,0.00331512,0.00110504
228,4265.31,0.30506,0.01144,0.01474,0.21525,0.80062,0.99816,1,0.995,0.93361,0.99816,1,0.995,0.995,0.42703,0.01144,0.00053,0.21143,0.8366,0.00330324,0.00110108,0.00330324,0.00110108,0.00330324,0.00110108,0.00330324,0.00110108
229,4283.38,0.30324,0.01036,0.02206,0.20967,0.79443,0.99834,1,0.995,0.92567,0.99834,1,0.995,0.995,0.43171,0.01163,0.00051,0.21247,0.83393,0.00329136,0.00109712,0.00329136,0.00109712,0.00329136,0.00109712,0.00329136,0.00109712
230,4301.98,0.3087,0.01204,0.02416,0.216,0.81326,0.99866,1,0.995,0.92865,0.99866,1,0.995,0.995,0.42919,0.01251,0.00043,0.21404,0.83205,0.00327948,0.00109316,0.00327948,0.00109316,0.00327948,0.00109316,0.00327948,0.00109316
231,4320.34,0.31396,0.01282,0.021,0.21743,0.80443,0.99869,1,0.995,0.92688,0.99869,1,0.995,0.995,0.43698,0.01048,0.00054,0.21521,0.83188,0.0032676,0.0010892,0.0032676,0.0010892,0.0032676,0.0010892,0.0032676,0.0010892
232,4338.21,0.31156,0.01042,0.02051,0.21434,0.80637,0.99865,1,0.995,0.9256,0.99865,1,0.995,0.995,0.43077,0.00978,0.00073,0.2072,0.83332,0.00325572,0.00108524,0.00325572,0.00108524,0.00325572,0.00108524,0.00325572,0.00108524
233,4355.96,0.31866,0.01152,0.02102,0.217,0.814,0.99857,1,0.995,0.93299,0.99857,1,0.995,0.995,0.42051,0.01018,0.00043,0.20066,0.83123,0.00324384,0.00108128,0.00324384,0.00108128,0.00324384,0.00108128,0.00324384,0.00108128
234,4373.71,0.30669,0.01153,0.01981,0.21052,0.80036,0.99852,1,0.995,0.93796,0.99852,1,0.995,0.995,0.40641,0.0109,0.00039,0.20554,0.83298,0.00323196,0.00107732,0.00323196,0.00107732,0.00323196,0.00107732,0.00323196,0.00107732
235,4391.31,0.30542,0.01248,0.01747,0.21368,0.80802,0.9985,1,0.995,0.93117,0.9985,1,0.995,0.995,0.41376,0.01128,0.00055,0.20338,0.83057,0.00322008,0.00107336,0.00322008,0.00107336,0.00322008,0.00107336,0.00322008,0.00107336
236,4409.58,0.31058,0.01146,0.02372,0.21488,0.80172,0.99838,1,0.995,0.94012,0.99838,1,0.995,0.995,0.41257,0.01107,0.00102,0.2031,0.82835,0.0032082,0.0010694,0.0032082,0.0010694,0.0032082,0.0010694,0.0032082,0.0010694
237,4428.07,0.30054,0.00976,0.0224,0.21195,0.79953,0.99824,1,0.995,0.93791,0.99824,1,0.995,0.995,0.41893,0.01106,0.00128,0.20996,0.83163,0.00319632,0.00106544,0.00319632,0.00106544,0.00319632,0.00106544,0.00319632,0.00106544
238,4450.12,0.29809,0.01069,0.01927,0.20912,0.80587,0.99838,1,0.995,0.9325,0.99838,1,0.995,0.995,0.43705,0.01011,0.00106,0.22199,0.83147,0.00318444,0.00106148,0.00318444,0.00106148,0.00318444,0.00106148,0.00318444,0.00106148
239,4468.66,0.30124,0.01052,0.01893,0.21694,0.79821,0.99868,1,0.995,0.93273,0.99868,1,0.995,0.995,0.4305,0.01081,0.00094,0.21238,0.83229,0.00317256,0.00105752,0.00317256,0.00105752,0.00317256,0.00105752,0.00317256,0.00105752
240,4486.67,0.29702,0.01192,0.02109,0.20947,0.80178,0.99868,1,0.995,0.93372,0.99868,1,0.995,0.995,0.42398,0.01172,0.00147,0.2151,0.83251,0.00316068,0.00105356,0.00316068,0.00105356,0.00316068,0.00105356,0.00316068,0.00105356
241,4507.26,0.30282,0.01051,0.01634,0.21366,0.80834,0.99866,1,0.995,0.93764,0.99866,1,0.995,0.995,0.41968,0.00959,0.00313,0.20861,0.83459,0.0031488,0.0010496,0.0031488,0.0010496,0.0031488,0.0010496,0.0031488,0.0010496
242,4524.9,0.30861,0.01148,0.01383,0.21802,0.81068,0.9986,1,0.995,0.93791,0.9986,1,0.995,0.995,0.4139,0.00998,0.00187,0.2152,0.83008,0.00313692,0.00104564,0.00313692,0.00104564,0.00313692,0.00104564,0.00313692,0.00104564
243,4546.35,0.30157,0.0112,0.02084,0.21207,0.80748,0.99852,1,0.995,0.92854,0.99852,1,0.995,0.995,0.41986,0.00933,0.00072,0.21041,0.83335,0.00312504,0.00104168,0.00312504,0.00104168,0.00312504,0.00104168,0.00312504,0.00104168
244,4564.06,0.2959,0.0096,0.01613,0.21021,0.80115,0.99854,1,0.995,0.92711,0.99854,1,0.995,0.995,0.43602,0.0096,0.00046,0.20878,0.84035,0.00311316,0.00103772,0.00311316,0.00103772,0.00311316,0.00103772,0.00311316,0.00103772
245,4586.82,0.31071,0.0105,0.01785,0.21536,0.80595,0.9986,1,0.995,0.94078,0.9986,1,0.995,0.99482,0.42182,0.0112,0.00052,0.20271,0.83801,0.00310128,0.00103376,0.00310128,0.00103376,0.00310128,0.00103376,0.00310128,0.00103376
246,4605.53,0.30871,0.01021,0.02828,0.21328,0.81094,0.99849,1,0.995,0.93571,0.99849,1,0.995,0.995,0.42171,0.00965,0.00047,0.20119,0.83927,0.0030894,0.0010298,0.0030894,0.0010298,0.0030894,0.0010298,0.0030894,0.0010298
247,4627.57,0.30003,0.01168,0.0152,0.21034,0.80328,0.99856,1,0.995,0.92477,0.99856,1,0.995,0.995,0.43281,0.00857,0.00061,0.20626,0.84212,0.00307752,0.00102584,0.00307752,0.00102584,0.00307752,0.00102584,0.00307752,0.00102584
248,4645.44,0.29323,0.00933,0.01783,0.2072,0.79977,0.99856,1,0.995,0.9332,0.99856,1,0.995,0.995,0.40902,0.00876,0.00073,0.19868,0.83686,0.00306564,0.00102188,0.00306564,0.00102188,0.00306564,0.00102188,0.00306564,0.00102188
249,4663.43,0.29215,0.01086,0.02637,0.20789,0.80711,0.99859,1,0.995,0.93386,0.99859,1,0.995,0.995,0.41964,0.00878,0.00075,0.21607,0.83956,0.00305376,0.00101792,0.00305376,0.00101792,0.00305376,0.00101792,0.00305376,0.00101792
250,4682.39,0.29032,0.01047,0.02118,0.20347,0.80767,0.99826,1,0.995,0.92936,0.99826,1,0.995,0.995,0.42071,0.00968,0.00046,0.21285,0.83153,0.00304188,0.00101396,0.00304188,0.00101396,0.00304188,0.00101396,0.00304188,0.00101396
251,4700.1,0.29912,0.01135,0.02054,0.2112,0.80603,0.99749,1,0.995,0.93245,0.99749,1,0.995,0.995,0.41409,0.01043,0.00035,0.21324,0.82834,0.00303,0.00101,0.00303,0.00101,0.00303,0.00101,0.00303,0.00101
252,4717.72,0.29083,0.01248,0.02012,0.20427,0.80082,0.99743,1,0.995,0.92863,0.99743,1,0.995,0.995,0.41279,0.01035,0.00042,0.20581,0.83043,0.00301812,0.00100604,0.00301812,0.00100604,0.00301812,0.00100604,0.00301812,0.00100604
253,4735.44,0.29225,0.00944,0.01552,0.20456,0.80025,0.99811,1,0.995,0.93872,0.99811,1,0.995,0.995,0.41867,0.00976,0.0004,0.21597,0.8303,0.00300624,0.00100208,0.00300624,0.00100208,0.00300624,0.00100208,0.00300624,0.00100208
254,4754.29,0.29776,0.00938,0.01598,0.20646,0.80291,0.99848,1,0.995,0.93129,0.99848,1,0.995,0.995,0.41869,0.01012,0.00045,0.21353,0.82889,0.00299436,0.00099812,0.00299436,0.00099812,0.00299436,0.00099812,0.00299436,0.00099812
255,4771.84,0.29596,0.00965,0.01811,0.20648,0.79398,0.99861,1,0.995,0.94149,0.99861,1,0.995,0.995,0.40971,0.00929,0.00052,0.19939,0.82771,0.00298248,0.00099416,0.00298248,0.00099416,0.00298248,0.00099416,0.00298248,0.00099416
256,4789.46,0.30386,0.01023,0.02208,0.21021,0.79989,0.99861,1,0.995,0.92893,0.99861,1,0.995,0.995,0.42848,0.0104,0.00044,0.21854,0.82957,0.0029706,0.0009902,0.0029706,0.0009902,0.0029706,0.0009902,0.0029706,0.0009902
257,4807.14,0.27875,0.01054,0.01823,0.19597,0.79597,0.99867,1,0.995,0.93192,0.99867,1,0.995,0.995,0.42937,0.0102,0.00045,0.21083,0.83269,0.00295872,0.00098624,0.00295872,0.00098624,0.00295872,0.00098624,0.00295872,0.00098624
258,4824.53,0.29576,0.01146,0.0161,0.20607,0.79406,0.9987,1,0.995,0.93265,0.9987,1,0.995,0.995,0.42956,0.01038,0.0006,0.20902,0.8384,0.00294684,0.00098228,0.00294684,0.00098228,0.00294684,0.00098228,0.00294684,0.00098228
259,4842.33,0.28587,0.01066,0.01612,0.2071,0.80345,0.99868,1,0.995,0.93161,0.99868,1,0.995,0.995,0.42961,0.01011,0.0011,0.21238,0.83,0.00293496,0.00097832,0.00293496,0.00097832,0.00293496,0.00097832,0.00293496,0.00097832
260,4859.89,0.28712,0.01015,0.02679,0.20616,0.805,0.99867,1,0.995,0.92284,0.99867,1,0.995,0.995,0.43652,0.00949,0.00261,0.21363,0.82833,0.00292308,0.00097436,0.00292308,0.00097436,0.00292308,0.00097436,0.00292308,0.00097436
261,4878.78,0.29009,0.00908,0.01561,0.20442,0.79976,0.99863,1,0.995,0.9288,0.99863,1,0.995,0.995,0.41505,0.00994,0.0017,0.20803,0.82479,0.0029112,0.0009704,0.0029112,0.0009704,0.0029112,0.0009704,0.0029112,0.0009704
262,4897.61,0.28982,0.00969,0.01578,0.20832,0.8022,0.99863,1,0.995,0.92832,0.99863,1,0.995,0.995,0.4233,0.01026,0.00078,0.20558,0.82369,0.00289932,0.00096644,0.00289932,0.00096644,0.00289932,0.00096644,0.00289932,0.00096644
263,4916.73,0.27907,0.00884,0.01936,0.19765,0.79289,0.99864,1,0.995,0.92825,0.99864,1,0.995,0.995,0.43299,0.01116,0.00055,0.2117,0.82488,0.00288744,0.00096248,0.00288744,0.00096248,0.00288744,0.00096248,0.00288744,0.00096248
264,4934.55,0.28915,0.01682,0.02028,0.20573,0.79523,0.99864,1,0.995,0.91965,0.99864,1,0.995,0.995,0.43964,0.01076,0.0004,0.20892,0.83009,0.00287556,0.00095852,0.00287556,0.00095852,0.00287556,0.00095852,0.00287556,0.00095852
265,4952.04,0.2923,0.01299,0.02837,0.20692,0.80353,0.99862,1,0.995,0.93421,0.99862,1,0.995,0.995,0.43488,0.00885,0.00038,0.20885,0.83084,0.00286368,0.00095456,0.00286368,0.00095456,0.00286368,0.00095456,0.00286368,0.00095456
266,4969.62,0.28811,0.01185,0.01133,0.20344,0.80082,0.99863,1,0.995,0.93735,0.99863,1,0.995,0.995,0.4281,0.00923,0.00053,0.21088,0.8306,0.0028518,0.0009506,0.0028518,0.0009506,0.0028518,0.0009506,0.0028518,0.0009506
267,4986.94,0.29151,0.00882,0.02016,0.20007,0.80402,0.99867,1,0.995,0.92813,0.99867,1,0.995,0.995,0.43628,0.00916,0.00044,0.22465,0.82992,0.00283992,0.00094664,0.00283992,0.00094664,0.00283992,0.00094664,0.00283992,0.00094664
268,5004.91,0.28774,0.00976,0.01883,0.2041,0.80035,0.99866,1,0.995,0.93141,0.99866,1,0.995,0.995,0.42859,0.00891,0.00045,0.20736,0.82615,0.00282804,0.00094268,0.00282804,0.00094268,0.00282804,0.00094268,0.00282804,0.00094268
269,5022.6,0.27167,0.01386,0.01239,0.19361,0.79889,0.99864,1,0.995,0.93319,0.99864,1,0.995,0.995,0.43167,0.00972,0.00078,0.2031,0.82532,0.00281616,0.00093872,0.00281616,0.00093872,0.00281616,0.00093872,0.00281616,0.00093872
270,5040.74,0.29274,0.00998,0.01708,0.20615,0.80767,0.99865,1,0.995,0.93178,0.99865,1,0.995,0.995,0.43104,0.00947,0.00117,0.21036,0.8214,0.00280428,0.00093476,0.00280428,0.00093476,0.00280428,0.00093476,0.00280428,0.00093476
271,5060.04,0.28201,0.0092,0.01353,0.199,0.80447,0.99865,1,0.995,0.92124,0.99865,1,0.995,0.995,0.43381,0.00812,0.00113,0.20195,0.82246,0.0027924,0.0009308,0.0027924,0.0009308,0.0027924,0.0009308,0.0027924,0.0009308
272,5078.67,0.28157,0.00787,0.01597,0.19945,0.80422,0.99867,1,0.995,0.92005,0.99867,1,0.995,0.995,0.44136,0.00911,0.00101,0.21031,0.82714,0.00278052,0.00092684,0.00278052,0.00092684,0.00278052,0.00092684,0.00278052,0.00092684
273,5096.6,0.29046,0.00934,0.01651,0.20142,0.79535,0.99867,1,0.995,0.92611,0.99867,1,0.995,0.995,0.43055,0.00984,0.00064,0.21191,0.82764,0.00276864,0.00092288,0.00276864,0.00092288,0.00276864,0.00092288,0.00276864,0.00092288
274,5114.16,0.27555,0.01421,0.02349,0.19419,0.79889,0.99868,1,0.995,0.94038,0.99868,1,0.995,0.995,0.42541,0.00867,0.00041,0.20573,0.82041,0.00275676,0.00091892,0.00275676,0.00091892,0.00275676,0.00091892,0.00275676,0.00091892
275,5131.91,0.27787,0.00933,0.02053,0.19807,0.79684,0.99867,1,0.995,0.93448,0.99867,1,0.995,0.995,0.4324,0.009,0.00098,0.21144,0.81986,0.00274488,0.00091496,0.00274488,0.00091496,0.00274488,0.00091496,0.00274488,0.00091496
276,5149.16,0.27217,0.01124,0.01235,0.19762,0.80097,0.99866,1,0.995,0.92997,0.99866,1,0.995,0.995,0.4304,0.00862,0.00201,0.21961,0.81682,0.002733,0.000911,0.002733,0.000911,0.002733,0.000911,0.002733,0.000911
277,5166.95,0.27497,0.01098,0.02357,0.19254,0.79299,0.99865,1,0.995,0.93853,0.99865,1,0.995,0.995,0.42449,0.00802,0.00116,0.20815,0.81794,0.00272112,0.00090704,0.00272112,0.00090704,0.00272112,0.00090704,0.00272112,0.00090704
278,5184.67,0.28417,0.00827,0.02056,0.19968,0.79686,0.99868,1,0.995,0.93209,0.99868,1,0.995,0.995,0.43724,0.00753,0.0012,0.20426,0.82536,0.00270924,0.00090308,0.00270924,0.00090308,0.00270924,0.00090308,0.00270924,0.00090308
279,5203.47,0.27523,0.01217,0.02053,0.19713,0.80503,0.9987,1,0.995,0.93055,0.9987,1,0.995,0.995,0.44697,0.00776,0.00126,0.21439,0.82444,0.00269736,0.00089912,0.00269736,0.00089912,0.00269736,0.00089912,0.00269736,0.00089912
280,5222.41,0.29033,0.01033,0.01907,0.205,0.80548,0.99865,1,0.995,0.93648,0.99865,1,0.995,0.995,0.4367,0.00797,0.00077,0.20766,0.82851,0.00268548,0.00089516,0.00268548,0.00089516,0.00268548,0.00089516,0.00268548,0.00089516
281,5240.92,0.28702,0.00835,0.01253,0.20105,0.79583,0.9987,1,0.995,0.93473,0.9987,1,0.995,0.995,0.43024,0.00873,0.00044,0.20791,0.83044,0.0026736,0.0008912,0.0026736,0.0008912,0.0026736,0.0008912,0.0026736,0.0008912
282,5259.07,0.27978,0.00853,0.02162,0.19866,0.79799,0.9987,1,0.995,0.93369,0.9987,1,0.995,0.995,0.43849,0.00849,0.00068,0.20149,0.83022,0.00266172,0.00088724,0.00266172,0.00088724,0.00266172,0.00088724,0.00266172,0.00088724
283,5277.52,0.27558,0.0075,0.01327,0.19636,0.80275,0.99873,1,0.995,0.93581,0.99873,1,0.995,0.995,0.42,0.00821,0.00188,0.19433,0.83171,0.00264984,0.00088328,0.00264984,0.00088328,0.00264984,0.00088328,0.00264984,0.00088328
284,5295.54,0.28112,0.00906,0.02552,0.19977,0.80755,0.9987,1,0.995,0.92505,0.9987,1,0.995,0.995,0.41669,0.00842,0.00088,0.19228,0.8301,0.00263796,0.00087932,0.00263796,0.00087932,0.00263796,0.00087932,0.00263796,0.00087932
285,5312.93,0.2696,0.00877,0.01732,0.19124,0.79842,0.99867,1,0.995,0.92496,0.99867,1,0.995,0.995,0.42191,0.00823,0.00054,0.19473,0.82612,0.00262608,0.00087536,0.00262608,0.00087536,0.00262608,0.00087536,0.00262608,0.00087536
286,5331.79,0.27113,0.00947,0.01467,0.19367,0.79899,0.99866,1,0.995,0.93528,0.99866,1,0.995,0.995,0.42929,0.00899,0.00033,0.21104,0.82587,0.0026142,0.0008714,0.0026142,0.0008714,0.0026142,0.0008714,0.0026142,0.0008714
287,5350.42,0.26987,0.01132,0.01303,0.19192,0.79826,0.99865,1,0.995,0.9242,0.99865,1,0.995,0.995,0.42981,0.00924,0.00045,0.20476,0.82806,0.00260232,0.00086744,0.00260232,0.00086744,0.00260232,0.00086744,0.00260232,0.00086744
288,5369.22,0.27603,0.00855,0.02113,0.19534,0.80302,0.99869,1,0.995,0.92726,0.99869,1,0.995,0.995,0.43251,0.00877,0.00089,0.20288,0.82875,0.00259044,0.00086348,0.00259044,0.00086348,0.00259044,0.00086348,0.00259044,0.00086348
289,5387.53,0.27981,0.01119,0.02342,0.19417,0.80834,0.99868,1,0.995,0.93458,0.99868,1,0.995,0.995,0.42627,0.00928,0.00093,0.20236,0.83446,0.00257856,0.00085952,0.00257856,0.00085952,0.00257856,0.00085952,0.00257856,0.00085952
290,5405.51,0.27601,0.01052,0.01468,0.19134,0.79387,0.99868,1,0.995,0.93352,0.99868,1,0.995,0.995,0.42092,0.00947,0.00093,0.1984,0.83414,0.00256668,0.00085556,0.00256668,0.00085556,0.00256668,0.00085556,0.00256668,0.00085556
291,5423.12,0.26922,0.00988,0.02019,0.18972,0.78977,0.99869,1,0.995,0.93168,0.99869,1,0.995,0.995,0.42827,0.00925,0.00094,0.20684,0.83479,0.0025548,0.0008516,0.0025548,0.0008516,0.0025548,0.0008516,0.0025548,0.0008516
292,5440.7,0.26767,0.00839,0.0105,0.19357,0.79273,0.99871,1,0.995,0.92953,0.99871,1,0.995,0.995,0.43077,0.00918,0.00061,0.21071,0.83246,0.00254292,0.00084764,0.00254292,0.00084764,0.00254292,0.00084764,0.00254292,0.00084764
293,5458.53,0.27029,0.00749,0.01845,0.19003,0.80099,0.99873,1,0.995,0.93155,0.99873,1,0.995,0.995,0.42922,0.00863,0.00053,0.19746,0.82776,0.00253104,0.00084368,0.00253104,0.00084368,0.00253104,0.00084368,0.00253104,0.00084368
294,5476.88,0.2708,0.00937,0.01502,0.19496,0.79823,0.99872,1,0.995,0.93136,0.99872,1,0.995,0.995,0.42183,0.00904,0.00048,0.19367,0.82896,0.00251916,0.00083972,0.00251916,0.00083972,0.00251916,0.00083972,0.00251916,0.00083972
295,5495.32,0.26691,0.01066,0.01944,0.18725,0.79578,0.9987,1,0.995,0.9334,0.9987,1,0.995,0.995,0.42371,0.00945,0.00048,0.19849,0.83356,0.00250728,0.00083576,0.00250728,0.00083576,0.00250728,0.00083576,0.00250728,0.00083576
296,5513.75,0.26286,0.00946,0.02079,0.18867,0.79841,0.99863,1,0.995,0.92609,0.99863,1,0.995,0.995,0.42821,0.00937,0.00045,0.20544,0.83527,0.0024954,0.0008318,0.0024954,0.0008318,0.0024954,0.0008318,0.0024954,0.0008318
297,5531.6,0.26455,0.00899,0.01849,0.18719,0.79401,0.99868,1,0.995,0.93669,0.99868,1,0.995,0.995,0.42088,0.00958,0.00045,0.20443,0.83386,0.00248352,0.00082784,0.00248352,0.00082784,0.00248352,0.00082784,0.00248352,0.00082784
298,5549.33,0.27339,0.01011,0.01594,0.19387,0.7954,0.9987,1,0.995,0.93175,0.9987,1,0.995,0.995,0.42526,0.01071,0.00043,0.19743,0.82727,0.00247164,0.00082388,0.00247164,0.00082388,0.00247164,0.00082388,0.00247164,0.00082388
299,5567.21,0.2697,0.00806,0.01242,0.19245,0.80167,0.99855,1,0.995,0.92729,0.99855,1,0.995,0.995,0.42586,0.0094,0.00042,0.1958,0.81929,0.00245976,0.00081992,0.00245976,0.00081992,0.00245976,0.00081992,0.00245976,0.00081992
300,5584.92,0.2664,0.00818,0.01367,0.18697,0.8009,0.99849,1,0.995,0.93401,0.99849,1,0.995,0.995,0.41824,0.00896,0.00039,0.20283,0.81787,0.00244788,0.00081596,0.00244788,0.00081596,0.00244788,0.00081596,0.00244788,0.00081596
301,5603.56,0.26293,0.0105,0.01472,0.18711,0.79303,0.99864,1,0.995,0.92851,0.99864,1,0.995,0.995,0.42554,0.00868,0.0005,0.19874,0.81597,0.002436,0.000812,0.002436,0.000812,0.002436,0.000812,0.002436,0.000812
302,5622.09,0.26261,0.00836,0.01919,0.18598,0.79876,0.99868,1,0.995,0.93737,0.99868,1,0.995,0.995,0.41507,0.00828,0.00058,0.20007,0.81199,0.00242412,0.00080804,0.00242412,0.00080804,0.00242412,0.00080804,0.00242412,0.00080804
303,5640.39,0.27142,0.00833,0.0158,0.19346,0.80424,0.99866,1,0.995,0.93308,0.99866,1,0.995,0.995,0.40628,0.00788,0.00059,0.19115,0.812,0.00241224,0.00080408,0.00241224,0.00080408,0.00241224,0.00080408,0.00241224,0.00080408
304,5658.04,0.25974,0.00737,0.01644,0.18594,0.79668,0.99868,1,0.995,0.94027,0.99868,1,0.995,0.995,0.41641,0.00778,0.00068,0.19637,0.81286,0.00240036,0.00080012,0.00240036,0.00080012,0.00240036,0.00080012,0.00240036,0.00080012
305,5676.87,0.2743,0.00984,0.0162,0.19349,0.79721,0.99869,1,0.995,0.92814,0.99869,1,0.995,0.995,0.42653,0.00774,0.00075,0.20431,0.81503,0.00238848,0.00079616,0.00238848,0.00079616,0.00238848,0.00079616,0.00238848,0.00079616
306,5694.45,0.25571,0.0073,0.01594,0.18479,0.78885,0.99869,1,0.995,0.93502,0.99869,1,0.995,0.995,0.42181,0.00725,0.00072,0.19963,0.81905,0.0023766,0.0007922,0.0023766,0.0007922,0.0023766,0.0007922,0.0023766,0.0007922
307,5712.07,0.27006,0.00802,0.02086,0.18836,0.79986,0.99872,1,0.995,0.93426,0.99872,1,0.995,0.995,0.40693,0.00745,0.00053,0.19419,0.82045,0.00236472,0.00078824,0.00236472,0.00078824,0.00236472,0.00078824,0.00236472,0.00078824
308,5730.09,0.26312,0.0079,0.01289,0.19038,0.79354,0.99869,1,0.995,0.93351,0.99869,1,0.995,0.995,0.4117,0.0071,0.00055,0.19803,0.81999,0.00235284,0.00078428,0.00235284,0.00078428,0.00235284,0.00078428,0.00235284,0.00078428
309,5747.75,0.2583,0.00822,0.01197,0.18584,0.79331,0.99865,1,0.995,0.93282,0.99865,1,0.995,0.995,0.41369,0.00729,0.00055,0.20498,0.82355,0.00234096,0.00078032,0.00234096,0.00078032,0.00234096,0.00078032,0.00234096,0.00078032
310,5765.3,0.26496,0.01127,0.02001,0.18904,0.80592,0.99867,1,0.995,0.93617,0.99867,1,0.995,0.995,0.42313,0.00786,0.00063,0.20677,0.83181,0.00232908,0.00077636,0.00232908,0.00077636,0.00232908,0.00077636,0.00232908,0.00077636
311,5782.96,0.27409,0.0088,0.01537,0.19116,0.80875,0.99867,1,0.995,0.92999,0.99867,1,0.995,0.995,0.43716,0.00759,0.00082,0.20612,0.83416,0.0023172,0.0007724,0.0023172,0.0007724,0.0023172,0.0007724,0.0023172,0.0007724
312,5800.44,0.26237,0.00816,0.01909,0.18766,0.79306,0.99868,1,0.995,0.92446,0.99868,1,0.995,0.995,0.42767,0.00814,0.00085,0.19947,0.83264,0.00230532,0.00076844,0.00230532,0.00076844,0.00230532,0.00076844,0.00230532,0.00076844
313,5817.98,0.25381,0.00802,0.01976,0.1872,0.79531,0.99867,1,0.995,0.92684,0.99867,1,0.995,0.995,0.42559,0.00782,0.00058,0.19717,0.83325,0.00229344,0.00076448,0.00229344,0.00076448,0.00229344,0.00076448,0.00229344,0.00076448
314,5835.65,0.2658,0.00888,0.01797,0.18822,0.80225,0.99868,1,0.995,0.93017,0.99868,1,0.995,0.995,0.42025,0.00799,0.00043,0.20327,0.8315,0.00228156,0.00076052,0.00228156,0.00076052,0.00228156,0.00076052,0.00228156,0.00076052
315,5853.24,0.25703,0.00892,0.01517,0.18382,0.80004,0.99868,1,0.995,0.92771,0.99868,1,0.995,0.995,0.41755,0.0075,0.00044,0.19301,0.82761,0.00226968,0.00075656,0.00226968,0.00075656,0.00226968,0.00075656,0.00226968,0.00075656
316,5871.02,0.27161,0.01161,0.01666,0.19213,0.80372,0.99865,1,0.995,0.92355,0.99865,1,0.995,0.995,0.42363,0.00748,0.00031,0.19532,0.82413,0.0022578,0.0007526,0.0022578,0.0007526,0.0022578,0.0007526,0.0022578,0.0007526
317,5888.56,0.25903,0.00912,0.01155,0.18747,0.79368,0.99863,1,0.995,0.93664,0.99863,1,0.995,0.995,0.4247,0.00761,0.00029,0.20372,0.82575,0.00224592,0.00074864,0.00224592,0.00074864,0.00224592,0.00074864,0.00224592,0.00074864
318,5906.19,0.26135,0.0118,0.01697,0.18758,0.79836,0.99864,1,0.995,0.93173,0.99864,1,0.995,0.995,0.43174,0.0079,0.00026,0.20618,0.82636,0.00223404,0.00074468,0.00223404,0.00074468,0.00223404,0.00074468,0.00223404,0.00074468
319,5923.75,0.25307,0.00988,0.01882,0.18156,0.79569,0.99861,1,0.995,0.9319,0.99861,1,0.995,0.995,0.43751,0.00772,0.00027,0.20815,0.82805,0.00222216,0.00074072,0.00222216,0.00074072,0.00222216,0.00074072,0.00222216,0.00074072
320,5941.28,0.25459,0.00845,0.01379,0.18112,0.7925,0.99864,1,0.995,0.92536,0.99864,1,0.995,0.995,0.42304,0.00758,0.00039,0.19999,0.83294,0.00221028,0.00073676,0.00221028,0.00073676,0.00221028,0.00073676,0.00221028,0.00073676
321,5959.76,0.24831,0.00802,0.01326,0.17706,0.78885,0.99861,1,0.995,0.93096,0.99861,1,0.995,0.995,0.42357,0.00756,0.00046,0.20953,0.83237,0.0021984,0.0007328,0.0021984,0.0007328,0.0021984,0.0007328,0.0021984,0.0007328
322,5977.9,0.26244,0.01044,0.02021,0.18677,0.80103,0.99867,1,0.995,0.9329,0.99867,1,0.995,0.995,0.41404,0.00801,0.00044,0.19872,0.83041,0.00218652,0.00072884,0.00218652,0.00072884,0.00218652,0.00072884,0.00218652,0.00072884
323,5995.48,0.26481,0.00904,0.01832,0.18681,0.80405,0.99864,1,0.995,0.93287,0.99864,1,0.995,0.995,0.41245,0.0079,0.00035,0.20374,0.82732,0.00217464,0.00072488,0.00217464,0.00072488,0.00217464,0.00072488,0.00217464,0.00072488
324,6013.39,0.25977,0.00821,0.01381,0.18126,0.79349,0.99861,1,0.995,0.93043,0.99861,1,0.995,0.995,0.41393,0.00753,0.00032,0.1965,0.82534,0.00216276,0.00072092,0.00216276,0.00072092,0.00216276,0.00072092,0.00216276,0.00072092
325,6031.62,0.26284,0.00954,0.01416,0.18791,0.79595,0.99851,1,0.995,0.92934,0.99851,1,0.995,0.995,0.40912,0.00706,0.00036,0.18683,0.8259,0.00215088,0.00071696,0.00215088,0.00071696,0.00215088,0.00071696,0.00215088,0.00071696
326,6049.09,0.25389,0.00748,0.01711,0.18125,0.79873,0.99858,1,0.995,0.93213,0.99858,1,0.995,0.995,0.40118,0.00698,0.0004,0.18595,0.82305,0.002139,0.000713,0.002139,0.000713,0.002139,0.000713,0.002139,0.000713
327,6066.57,0.25441,0.00816,0.01588,0.1827,0.7944,0.99866,1,0.995,0.9305,0.99866,1,0.995,0.995,0.40888,0.00666,0.0005,0.18656,0.82017,0.00212712,0.00070904,0.00212712,0.00070904,0.00212712,0.00070904,0.00212712,0.00070904
328,6084.07,0.25426,0.00859,0.01707,0.18315,0.79094,0.99862,1,0.995,0.92863,0.99862,1,0.995,0.995,0.42464,0.00773,0.00054,0.18577,0.81959,0.00211524,0.00070508,0.00211524,0.00070508,0.00211524,0.00070508,0.00211524,0.00070508
329,6101.63,0.25423,0.00865,0.01257,0.18133,0.79712,0.99857,1,0.995,0.93436,0.99857,1,0.995,0.995,0.43525,0.00784,0.0005,0.19317,0.82031,0.00210336,0.00070112,0.00210336,0.00070112,0.00210336,0.00070112,0.00210336,0.00070112
330,6119.12,0.2472,0.01137,0.01967,0.17355,0.79621,0.99862,1,0.995,0.93076,0.99862,1,0.995,0.995,0.4353,0.0082,0.00038,0.19144,0.81794,0.00209148,0.00069716,0.00209148,0.00069716,0.00209148,0.00069716,0.00209148,0.00069716
331,6136.85,0.23661,0.00742,0.01977,0.17287,0.78996,0.99866,1,0.995,0.93338,0.99866,1,0.995,0.995,0.42403,0.00794,0.00033,0.19916,0.81498,0.0020796,0.0006932,0.0020796,0.0006932,0.0020796,0.0006932,0.0020796,0.0006932
332,6154.6,0.24703,0.00829,0.019,0.17637,0.79854,0.9987,1,0.995,0.9266,0.9987,1,0.995,0.995,0.42722,0.00837,0.00055,0.19901,0.81979,0.00206772,0.00068924,0.00206772,0.00068924,0.00206772,0.00068924,0.00206772,0.00068924
333,6173.45,0.24937,0.00839,0.01535,0.17934,0.80314,0.99871,1,0.995,0.92794,0.99871,1,0.995,0.995,0.43432,0.0091,0.00105,0.19648,0.826,0.00205584,0.00068528,0.00205584,0.00068528,0.00205584,0.00068528,0.00205584,0.00068528
334,6192.39,0.25397,0.00699,0.02257,0.18095,0.80041,0.99868,1,0.995,0.93949,0.99868,1,0.995,0.995,0.42103,0.00946,0.00113,0.1941,0.82333,0.00204396,0.00068132,0.00204396,0.00068132,0.00204396,0.00068132,0.00204396,0.00068132
335,6209.95,0.25581,0.00856,0.0134,0.18246,0.80049,0.99871,1,0.995,0.92936,0.99871,1,0.995,0.995,0.42184,0.00908,0.00117,0.20384,0.82375,0.00203208,0.00067736,0.00203208,0.00067736,0.00203208,0.00067736,0.00203208,0.00067736
336,6227.44,0.23875,0.00737,0.01796,0.17377,0.79501,0.99865,1,0.995,0.93367,0.99865,1,0.995,0.995,0.41453,0.0086,0.00079,0.18777,0.82241,0.0020202,0.0006734,0.0020202,0.0006734,0.0020202,0.0006734,0.0020202,0.0006734
337,6245.98,0.25677,0.00794,0.01252,0.18183,0.80121,0.99858,1,0.995,0.92893,0.99858,1,0.995,0.995,0.42026,0.00857,0.00042,0.19284,0.82221,0.00200832,0.00066944,0.00200832,0.00066944,0.00200832,0.00066944,0.00200832,0.00066944
338,6263.58,0.24923,0.00852,0.01388,0.18204,0.7955,0.99859,1,0.995,0.9374,0.99859,1,0.995,0.995,0.42316,0.00835,0.00026,0.19769,0.8208,0.00199644,0.00066548,0.00199644,0.00066548,0.00199644,0.00066548,0.00199644,0.00066548
339,6280.95,0.24433,0.00781,0.01473,0.1748,0.79475,0.99856,1,0.995,0.93376,0.99856,1,0.995,0.995,0.42889,0.00747,0.00026,0.19791,0.82069,0.00198456,0.00066152,0.00198456,0.00066152,0.00198456,0.00066152,0.00198456,0.00066152
340,6298.57,0.24787,0.00798,0.01676,0.17724,0.79875,0.99854,1,0.995,0.93233,0.99854,1,0.995,0.995,0.42325,0.00709,0.00027,0.19623,0.81897,0.00197268,0.00065756,0.00197268,0.00065756,0.00197268,0.00065756,0.00197268,0.00065756
341,6316.15,0.24692,0.00878,0.0132,0.17581,0.79356,0.99859,1,0.995,0.92801,0.99859,1,0.995,0.995,0.41991,0.00781,0.00035,0.18409,0.81812,0.0019608,0.0006536,0.0019608,0.0006536,0.0019608,0.0006536,0.0019608,0.0006536
342,6333.67,0.25619,0.00918,0.01252,0.17774,0.79594,0.99864,1,0.995,0.93359,0.99864,1,0.995,0.995,0.42289,0.00787,0.00038,0.18355,0.81779,0.00194892,0.00064964,0.00194892,0.00064964,0.00194892,0.00064964,0.00194892,0.00064964
343,6351.3,0.24581,0.00809,0.01038,0.17533,0.79661,0.99872,1,0.995,0.93861,0.99872,1,0.995,0.995,0.41987,0.00753,0.00032,0.19023,0.81801,0.00193704,0.00064568,0.00193704,0.00064568,0.00193704,0.00064568,0.00193704,0.00064568
344,6370.63,0.25946,0.00732,0.01271,0.17948,0.79707,0.99872,1,0.995,0.9367,0.99872,1,0.995,0.995,0.42429,0.00717,0.00023,0.19237,0.82054,0.00192516,0.00064172,0.00192516,0.00064172,0.00192516,0.00064172,0.00192516,0.00064172
345,6388.69,0.24869,0.00926,0.01822,0.17632,0.79398,0.9987,1,0.995,0.93185,0.9987,1,0.995,0.995,0.42261,0.00693,0.00019,0.19124,0.82462,0.00191328,0.00063776,0.00191328,0.00063776,0.00191328,0.00063776,0.00191328,0.00063776
346,6407.52,0.24607,0.01261,0.01396,0.1796,0.79324,0.99857,1,0.995,0.93427,0.99857,1,0.995,0.995,0.42161,0.00724,0.00019,0.19194,0.82329,0.0019014,0.0006338,0.0019014,0.0006338,0.0019014,0.0006338,0.0019014,0.0006338
347,6425.14,0.24932,0.00758,0.01641,0.17748,0.79867,0.99864,1,0.995,0.9301,0.99864,1,0.995,0.995,0.42462,0.00643,0.00018,0.19224,0.82403,0.00188952,0.00062984,0.00188952,0.00062984,0.00188952,0.00062984,0.00188952,0.00062984
348,6442.32,0.25182,0.00844,0.01605,0.1804,0.79344,0.99869,1,0.995,0.9344,0.99869,1,0.995,0.995,0.42652,0.00596,0.00019,0.19,0.82431,0.00187764,0.00062588,0.00187764,0.00062588,0.00187764,0.00062588,0.00187764,0.00062588
349,6459.86,0.2406,0.00805,0.00957,0.17178,0.78928,0.99873,1,0.995,0.93876,0.99873,1,0.995,0.995,0.42295,0.00591,0.00027,0.19192,0.82569,0.00186576,0.00062192,0.00186576,0.00062192,0.00186576,0.00062192,0.00186576,0.00062192
350,6477.31,0.24521,0.00764,0.01616,0.17518,0.79617,0.9987,1,0.995,0.93285,0.9987,1,0.995,0.995,0.42554,0.00587,0.00035,0.19411,0.82401,0.00185388,0.00061796,0.00185388,0.00061796,0.00185388,0.00061796,0.00185388,0.00061796
351,6494.88,0.24689,0.00757,0.01642,0.17372,0.80117,0.99865,1,0.995,0.92711,0.99865,1,0.995,0.995,0.43156,0.00594,0.00039,0.20064,0.8231,0.001842,0.000614,0.001842,0.000614,0.001842,0.000614,0.001842,0.000614
352,6512.45,0.24285,0.00864,0.01477,0.17156,0.80229,0.99863,1,0.995,0.93284,0.99863,1,0.995,0.995,0.42105,0.00623,0.00038,0.18999,0.82125,0.00183012,0.00061004,0.00183012,0.00061004,0.00183012,0.00061004,0.00183012,0.00061004
353,6530.06,0.24263,0.00703,0.01107,0.17337,0.79016,0.99867,1,0.995,0.93283,0.99867,1,0.995,0.995,0.4204,0.00639,0.00031,0.19455,0.81777,0.00181824,0.00060608,0.00181824,0.00060608,0.00181824,0.00060608,0.00181824,0.00060608
354,6547.61,0.25212,0.00878,0.01978,0.17972,0.79899,0.99867,1,0.995,0.93115,0.99867,1,0.995,0.995,0.41902,0.00638,0.00025,0.19398,0.81474,0.00180636,0.00060212,0.00180636,0.00060212,0.00180636,0.00060212,0.00180636,0.00060212
355,6565.16,0.24258,0.00732,0.01511,0.1755,0.7912,0.99869,1,0.995,0.93256,0.99869,1,0.995,0.995,0.40968,0.00612,0.00023,0.1933,0.81138,0.00179448,0.00059816,0.00179448,0.00059816,0.00179448,0.00059816,0.00179448,0.00059816
356,6582.72,0.23308,0.00741,0.02094,0.17098,0.79879,0.99868,1,0.995,0.93955,0.99868,1,0.995,0.995,0.40625,0.00595,0.00026,0.19052,0.81244,0.0017826,0.0005942,0.0017826,0.0005942,0.0017826,0.0005942,0.0017826,0.0005942
357,6599.92,0.23999,0.00774,0.01073,0.17128,0.79379,0.99868,1,0.995,0.94149,0.99868,1,0.995,0.995,0.41087,0.0061,0.00047,0.19081,0.8153,0.00177072,0.00059024,0.00177072,0.00059024,0.00177072,0.00059024,0.00177072,0.00059024
358,6617.39,0.23586,0.00856,0.01564,0.16765,0.79189,0.9987,1,0.995,0.93414,0.9987,1,0.995,0.995,0.40876,0.00587,0.00083,0.19452,0.81622,0.00175884,0.00058628,0.00175884,0.00058628,0.00175884,0.00058628,0.00175884,0.00058628
359,6636.28,0.25203,0.01054,0.01799,0.17616,0.7993,0.99867,1,0.995,0.92868,0.99867,1,0.995,0.995,0.42068,0.00603,0.0007,0.20299,0.81659,0.00174696,0.00058232,0.00174696,0.00058232,0.00174696,0.00058232,0.00174696,0.00058232
360,6653.99,0.23102,0.00696,0.01297,0.16799,0.79404,0.99867,1,0.995,0.9257,0.99867,1,0.995,0.995,0.42634,0.00652,0.0004,0.20005,0.81773,0.00173508,0.00057836,0.00173508,0.00057836,0.00173508,0.00057836,0.00173508,0.00057836
361,6671.64,0.22914,0.00793,0.01184,0.16849,0.79144,0.99866,1,0.995,0.93098,0.99866,1,0.995,0.995,0.41807,0.0066,0.00036,0.19628,0.82017,0.0017232,0.0005744,0.0017232,0.0005744,0.0017232,0.0005744,0.0017232,0.0005744
362,6689.66,0.24141,0.00836,0.01052,0.17372,0.79411,0.99867,1,0.995,0.92977,0.99867,1,0.995,0.995,0.4204,0.00652,0.00036,0.19246,0.82016,0.00171132,0.00057044,0.00171132,0.00057044,0.00171132,0.00057044,0.00171132,0.00057044
363,6707.28,0.23504,0.00772,0.01281,0.17207,0.7973,0.99866,1,0.995,0.92809,0.99866,1,0.995,0.995,0.41613,0.00642,0.00053,0.19208,0.82126,0.00169944,0.00056648,0.00169944,0.00056648,0.00169944,0.00056648,0.00169944,0.00056648
364,6724.88,0.23783,0.00784,0.01674,0.17141,0.79898,0.99864,1,0.995,0.92732,0.99864,1,0.995,0.995,0.42086,0.00642,0.00062,0.18772,0.82227,0.00168756,0.00056252,0.00168756,0.00056252,0.00168756,0.00056252,0.00168756,0.00056252
365,6742.41,0.24979,0.00982,0.01859,0.17311,0.79138,0.9987,1,0.995,0.92661,0.9987,1,0.995,0.995,0.42161,0.00619,0.00058,0.1941,0.82248,0.00167568,0.00055856,0.00167568,0.00055856,0.00167568,0.00055856,0.00167568,0.00055856
366,6759.7,0.23332,0.0068,0.01348,0.16918,0.78506,0.99868,1,0.995,0.92873,0.99868,1,0.995,0.995,0.42063,0.00596,0.00041,0.19544,0.82902,0.0016638,0.0005546,0.0016638,0.0005546,0.0016638,0.0005546,0.0016638,0.0005546
367,6777.15,0.23593,0.00856,0.01068,0.16757,0.79026,0.9987,1,0.995,0.93743,0.9987,1,0.995,0.995,0.41794,0.0062,0.00032,0.19995,0.82873,0.00165192,0.00055064,0.00165192,0.00055064,0.00165192,0.00055064,0.00165192,0.00055064
368,6794.72,0.23867,0.01011,0.01488,0.16784,0.79299,0.9987,1,0.995,0.93516,0.9987,1,0.995,0.995,0.41546,0.00659,0.00032,0.19686,0.82899,0.00164004,0.00054668,0.00164004,0.00054668,0.00164004,0.00054668,0.00164004,0.00054668
369,6812.25,0.22766,0.00829,0.01603,0.16388,0.79053,0.9987,1,0.995,0.94046,0.9987,1,0.995,0.995,0.42144,0.00699,0.00034,0.19854,0.82898,0.00162816,0.00054272,0.00162816,0.00054272,0.00162816,0.00054272,0.00162816,0.00054272
370,6829.78,0.22822,0.00766,0.01149,0.1664,0.79382,0.99872,1,0.995,0.92622,0.99872,1,0.995,0.995,0.42783,0.00665,0.00033,0.19626,0.82861,0.00161628,0.00053876,0.00161628,0.00053876,0.00161628,0.00053876,0.00161628,0.00053876
371,6847.38,0.24472,0.00867,0.0118,0.17512,0.79906,0.9987,1,0.995,0.9382,0.9987,1,0.995,0.995,0.42438,0.00639,0.00034,0.18969,0.82578,0.0016044,0.0005348,0.0016044,0.0005348,0.0016044,0.0005348,0.0016044,0.0005348
372,6864.97,0.23133,0.00757,0.01191,0.16622,0.79114,0.99871,1,0.995,0.93261,0.99871,1,0.995,0.995,0.42549,0.00678,0.00029,0.19327,0.82487,0.00159252,0.00053084,0.00159252,0.00053084,0.00159252,0.00053084,0.00159252,0.00053084
373,6882.53,0.22768,0.00909,0.01544,0.16184,0.79425,1,1,0.995,0.93956,1,1,0.995,0.995,0.42395,0.00726,0.00028,0.19312,0.82857,0.00158064,0.00052688,0.00158064,0.00052688,0.00158064,0.00052688,0.00158064,0.00052688
374,6900.24,0.22968,0.00666,0.01232,0.16406,0.78764,0.9987,1,0.995,0.93281,0.9987,1,0.995,0.995,0.42385,0.00735,0.00037,0.19009,0.83033,0.00156876,0.00052292,0.00156876,0.00052292,0.00156876,0.00052292,0.00156876,0.00052292
375,6917.53,0.23298,0.00664,0.01315,0.16622,0.79062,0.99871,1,0.995,0.93559,0.99871,1,0.995,0.995,0.41744,0.0072,0.00037,0.18585,0.83042,0.00155688,0.00051896,0.00155688,0.00051896,0.00155688,0.00051896,0.00155688,0.00051896
376,6935.22,0.23124,0.00974,0.01302,0.16546,0.79217,1,1,0.995,0.93761,1,1,0.995,0.995,0.41875,0.00735,0.00034,0.18294,0.83161,0.001545,0.000515,0.001545,0.000515,0.001545,0.000515,0.001545,0.000515
377,6952.74,0.23584,0.00681,0.01175,0.16765,0.79333,1,1,0.995,0.93249,1,1,0.995,0.995,0.41429,0.00797,0.00034,0.18616,0.83079,0.00153312,0.00051104,0.00153312,0.00051104,0.00153312,0.00051104,0.00153312,0.00051104
378,6970.19,0.22584,0.0078,0.01388,0.16548,0.79532,0.99869,1,0.995,0.93543,0.99869,1,0.995,0.995,0.41384,0.00768,0.0003,0.18476,0.82705,0.00152124,0.00050708,0.00152124,0.00050708,0.00152124,0.00050708,0.00152124,0.00050708
379,6987.76,0.2375,0.00678,0.01414,0.16705,0.79994,0.99869,1,0.995,0.9383,0.99869,1,0.995,0.995,0.41122,0.00673,0.0004,0.17769,0.82496,0.00150936,0.00050312,0.00150936,0.00050312,0.00150936,0.00050312,0.00150936,0.00050312
380,7006.08,0.24161,0.0086,0.01738,0.17218,0.79597,1,1,0.995,0.94008,1,1,0.995,0.995,0.41901,0.00645,0.00052,0.17758,0.82837,0.00149748,0.00049916,0.00149748,0.00049916,0.00149748,0.00049916,0.00149748,0.00049916
381,7023.72,0.23501,0.00847,0.0107,0.17001,0.7961,1,1,0.995,0.94036,1,1,0.995,0.995,0.42208,0.00657,0.0004,0.18045,0.83043,0.0014856,0.0004952,0.0014856,0.0004952,0.0014856,0.0004952,0.0014856,0.0004952
382,7041.39,0.23646,0.00724,0.01381,0.16703,0.79418,1,1,0.995,0.9406,1,1,0.995,0.995,0.4239,0.00678,0.00022,0.1879,0.82793,0.00147372,0.00049124,0.00147372,0.00049124,0.00147372,0.00049124,0.00147372,0.00049124
383,7059.09,0.2245,0.00784,0.01321,0.16322,0.78996,0.9987,1,0.995,0.94071,0.9987,1,0.995,0.995,0.42412,0.00732,0.00024,0.19172,0.82669,0.00146184,0.00048728,0.00146184,0.00048728,0.00146184,0.00048728,0.00146184,0.00048728
384,7076.44,0.21804,0.00646,0.01689,0.16344,0.78366,0.99871,1,0.995,0.93742,0.99871,1,0.995,0.995,0.4178,0.00748,0.0003,0.18392,0.82648,0.00144996,0.00048332,0.00144996,0.00048332,0.00144996,0.00048332,0.00144996,0.00048332
385,7094.03,0.23082,0.00651,0.01574,0.16639,0.79587,0.99871,1,0.995,0.93826,0.99871,1,0.995,0.995,0.41307,0.00745,0.00038,0.18857,0.82338,0.00143808,0.00047936,0.00143808,0.00047936,0.00143808,0.00047936,0.00143808,0.00047936
386,7111.77,0.23789,0.00653,0.0182,0.16896,0.79037,0.9987,1,0.995,0.9326,0.9987,1,0.995,0.995,0.41442,0.00756,0.00031,0.19061,0.82213,0.0014262,0.0004754,0.0014262,0.0004754,0.0014262,0.0004754,0.0014262,0.0004754
387,7130.2,0.22454,0.01156,0.01703,0.16342,0.78275,0.99867,1,0.995,0.93272,0.99867,1,0.995,0.995,0.41605,0.00715,0.00028,0.18587,0.8225,0.00141432,0.00047144,0.00141432,0.00047144,0.00141432,0.00047144,0.00141432,0.00047144
388,7149.94,0.22837,0.00648,0.01532,0.16519,0.78717,0.99867,1,0.995,0.93286,0.99867,1,0.995,0.995,0.41281,0.00661,0.00032,0.18989,0.82495,0.00140244,0.00046748,0.00140244,0.00046748,0.00140244,0.00046748,0.00140244,0.00046748
389,7168.41,0.22671,0.00754,0.01587,0.1646,0.79338,0.99869,1,0.995,0.93866,0.99869,1,0.995,0.995,0.41152,0.00641,0.00036,0.19178,0.82477,0.00139056,0.00046352,0.00139056,0.00046352,0.00139056,0.00046352,0.00139056,0.00046352
390,7186.19,0.22523,0.00685,0.01342,0.16354,0.78847,0.99868,1,0.995,0.93961,0.99868,1,0.995,0.995,0.41335,0.00632,0.00052,0.18863,0.82545,0.00137868,0.00045956,0.00137868,0.00045956,0.00137868,0.00045956,0.00137868,0.00045956
391,7203.77,0.22221,0.00774,0.01098,0.15938,0.79166,0.9987,1,0.995,0.93978,0.9987,1,0.995,0.995,0.41319,0.00616,0.00065,0.18835,0.82668,0.0013668,0.0004556,0.0013668,0.0004556,0.0013668,0.0004556,0.0013668,0.0004556
392,7221.37,0.22322,0.00696,0.01391,0.16214,0.78946,0.9987,1,0.995,0.94042,0.9987,1,0.995,0.995,0.4074,0.00613,0.00079,0.18994,0.82672,0.00135492,0.00045164,0.00135492,0.00045164,0.00135492,0.00045164,0.00135492,0.00045164
393,7238.71,0.22712,0.00603,0.01652,0.16013,0.78965,0.99869,1,0.995,0.94319,0.99869,1,0.995,0.995,0.41374,0.0063,0.00074,0.19197,0.82785,0.00134304,0.00044768,0.00134304,0.00044768,0.00134304,0.00044768,0.00134304,0.00044768
394,7256.34,0.22464,0.00741,0.01236,0.16128,0.79044,1,1,0.995,0.93645,1,1,0.995,0.995,0.41405,0.00664,0.00053,0.19024,0.82489,0.00133116,0.00044372,0.00133116,0.00044372,0.00133116,0.00044372,0.00133116,0.00044372
395,7274.1,0.22598,0.00697,0.01424,0.16169,0.79253,1,1,0.995,0.92929,1,1,0.995,0.995,0.42091,0.00646,0.00042,0.19122,0.82569,0.00131928,0.00043976,0.00131928,0.00043976,0.00131928,0.00043976,0.00131928,0.00043976
396,7292.41,0.22803,0.00714,0.01466,0.16148,0.79397,1,1,0.995,0.92752,1,1,0.995,0.995,0.42584,0.0063,0.00037,0.19044,0.82731,0.0013074,0.0004358,0.0013074,0.0004358,0.0013074,0.0004358,0.0013074,0.0004358
397,7310.96,0.21864,0.00665,0.01603,0.15993,0.78947,1,1,0.995,0.94261,1,1,0.995,0.995,0.41507,0.00649,0.00031,0.18948,0.82719,0.00129552,0.00043184,0.00129552,0.00043184,0.00129552,0.00043184,0.00129552,0.00043184
398,7329.68,0.2251,0.00631,0.0091,0.16458,0.79787,1,1,0.995,0.93741,1,1,0.995,0.995,0.41847,0.00657,0.00031,0.1886,0.8268,0.00128364,0.00042788,0.00128364,0.00042788,0.00128364,0.00042788,0.00128364,0.00042788
399,7347.45,0.21743,0.00709,0.00904,0.15769,0.79254,1,1,0.995,0.93649,1,1,0.995,0.995,0.42562,0.00674,0.0003,0.19064,0.82631,0.00127176,0.00042392,0.00127176,0.00042392,0.00127176,0.00042392,0.00127176,0.00042392
400,7365.1,0.22619,0.00607,0.01296,0.16198,0.79832,1,1,0.995,0.94073,1,1,0.995,0.995,0.42115,0.00661,0.00032,0.1832,0.82614,0.00125988,0.00041996,0.00125988,0.00041996,0.00125988,0.00041996,0.00125988,0.00041996
401,7382.93,0.22229,0.00551,0.01946,0.16041,0.79604,0.99872,1,0.995,0.93885,0.99872,1,0.995,0.995,0.42005,0.00644,0.00033,0.17837,0.82574,0.001248,0.000416,0.001248,0.000416,0.001248,0.000416,0.001248,0.000416
402,7400.38,0.22594,0.0064,0.01458,0.16288,0.80114,0.9987,1,0.995,0.93564,0.9987,1,0.995,0.995,0.4225,0.00627,0.00036,0.18303,0.82593,0.00123612,0.00041204,0.00123612,0.00041204,0.00123612,0.00041204,0.00123612,0.00041204
403,7418.04,0.22298,0.00857,0.00898,0.16037,0.78364,0.9987,1,0.995,0.93483,0.9987,1,0.995,0.995,0.43076,0.00622,0.00045,0.1943,0.82541,0.00122424,0.00040808,0.00122424,0.00040808,0.00122424,0.00040808,0.00122424,0.00040808
404,7436.39,0.22336,0.00635,0.01505,0.16093,0.78646,0.99869,1,0.995,0.93493,0.99869,1,0.995,0.995,0.43135,0.00618,0.00045,0.18606,0.8251,0.00121236,0.00040412,0.00121236,0.00040412,0.00121236,0.00040412,0.00121236,0.00040412
405,7454.92,0.22454,0.00688,0.01,0.1625,0.79097,0.99869,1,0.995,0.94029,0.99869,1,0.995,0.995,0.42225,0.00635,0.00046,0.18817,0.82726,0.00120048,0.00040016,0.00120048,0.00040016,0.00120048,0.00040016,0.00120048,0.00040016
406,7473.05,0.22327,0.00639,0.01007,0.16,0.78842,0.99865,1,0.995,0.94322,0.99865,1,0.995,0.995,0.41928,0.00634,0.00038,0.18641,0.82725,0.0011886,0.0003962,0.0011886,0.0003962,0.0011886,0.0003962,0.0011886,0.0003962
407,7490.92,0.22301,0.0068,0.01371,0.15812,0.79262,0.99866,1,0.995,0.94438,0.99866,1,0.995,0.995,0.42038,0.0064,0.00037,0.18993,0.82773,0.00117672,0.00039224,0.00117672,0.00039224,0.00117672,0.00039224,0.00117672,0.00039224
408,7508.77,0.21694,0.00534,0.00952,0.1595,0.78647,0.9987,1,0.995,0.93983,0.9987,1,0.995,0.995,0.41502,0.00622,0.00037,0.18471,0.83012,0.00116484,0.00038828,0.00116484,0.00038828,0.00116484,0.00038828,0.00116484,0.00038828
409,7526.44,0.22155,0.00694,0.0126,0.1592,0.79435,0.99871,1,0.995,0.9383,0.99871,1,0.995,0.995,0.41516,0.00592,0.00034,0.18093,0.83008,0.00115296,0.00038432,0.00115296,0.00038432,0.00115296,0.00038432,0.00115296,0.00038432
410,7544.07,0.21441,0.00711,0.01273,0.15744,0.79111,0.99868,1,0.995,0.94071,0.99868,1,0.995,0.995,0.41751,0.00586,0.00029,0.1842,0.83098,0.00114108,0.00038036,0.00114108,0.00038036,0.00114108,0.00038036,0.00114108,0.00038036
411,7561.43,0.21819,0.00552,0.01459,0.15767,0.79226,0.99868,1,0.995,0.94259,0.99868,1,0.995,0.995,0.41506,0.00605,0.00029,0.18297,0.8322,0.0011292,0.0003764,0.0011292,0.0003764,0.0011292,0.0003764,0.0011292,0.0003764
412,7579.93,0.21937,0.00626,0.01199,0.15774,0.78944,0.99867,1,0.995,0.94154,0.99867,1,0.995,0.995,0.40874,0.00584,0.00043,0.17293,0.8319,0.00111732,0.00037244,0.00111732,0.00037244,0.00111732,0.00037244,0.00111732,0.00037244
413,7598.47,0.22593,0.00759,0.01632,0.16151,0.78879,0.99871,1,0.995,0.94305,0.99871,1,0.995,0.995,0.40549,0.00561,0.00054,0.17808,0.83201,0.00110544,0.00036848,0.00110544,0.00036848,0.00110544,0.00036848,0.00110544,0.00036848
414,7616.65,0.21313,0.00656,0.01408,0.15633,0.79413,0.9987,1,0.995,0.94118,0.9987,1,0.995,0.995,0.40856,0.00568,0.00063,0.18079,0.83195,0.00109356,0.00036452,0.00109356,0.00036452,0.00109356,0.00036452,0.00109356,0.00036452
415,7637.16,0.21282,0.00705,0.01993,0.15551,0.79021,0.99871,1,0.995,0.93991,0.99871,1,0.995,0.995,0.40754,0.0056,0.00064,0.17897,0.8333,0.00108168,0.00036056,0.00108168,0.00036056,0.00108168,0.00036056,0.00108168,0.00036056
416,7655.34,0.20933,0.00594,0.01146,0.15266,0.78554,0.99871,1,0.995,0.94292,0.99871,1,0.995,0.995,0.40678,0.0057,0.00063,0.17506,0.83412,0.0010698,0.0003566,0.0010698,0.0003566,0.0010698,0.0003566,0.0010698,0.0003566
417,7673.82,0.21116,0.00602,0.0144,0.15477,0.78173,0.99872,1,0.995,0.9452,0.99872,1,0.995,0.995,0.40632,0.00599,0.00067,0.1745,0.83529,0.00105792,0.00035264,0.00105792,0.00035264,0.00105792,0.00035264,0.00105792,0.00035264
418,7691.52,0.20675,0.00605,0.0142,0.15041,0.79194,0.99872,1,0.995,0.9397,0.99872,1,0.995,0.995,0.40583,0.00602,0.00058,0.17728,0.83524,0.00104604,0.00034868,0.00104604,0.00034868,0.00104604,0.00034868,0.00104604,0.00034868
419,7709.93,0.22001,0.00662,0.01214,0.15967,0.78716,1,1,0.995,0.93607,1,1,0.995,0.995,0.40497,0.00603,0.00047,0.18144,0.83418,0.00103416,0.00034472,0.00103416,0.00034472,0.00103416,0.00034472,0.00103416,0.00034472
420,7728.16,0.21502,0.00713,0.01278,0.15452,0.79418,0.99872,1,0.995,0.93682,0.99872,1,0.995,0.995,0.40462,0.00638,0.00043,0.17681,0.83331,0.00102228,0.00034076,0.00102228,0.00034076,0.00102228,0.00034076,0.00102228,0.00034076
421,7746.68,0.20238,0.00809,0.01223,0.15072,0.78926,1,1,0.995,0.94109,1,1,0.995,0.995,0.40348,0.00654,0.00047,0.18187,0.83251,0.0010104,0.0003368,0.0010104,0.0003368,0.0010104,0.0003368,0.0010104,0.0003368
422,7765.02,0.20343,0.00566,0.01528,0.14998,0.78634,1,1,0.995,0.94061,1,1,0.995,0.995,0.401,0.00642,0.00044,0.17716,0.82961,0.00099852,0.00033284,0.00099852,0.00033284,0.00099852,0.00033284,0.00099852,0.00033284
423,7787.65,0.21102,0.00566,0.01227,0.15132,0.78919,1,1,0.995,0.94245,1,1,0.995,0.995,0.40496,0.0062,0.00038,0.18461,0.83176,0.00098664,0.00032888,0.00098664,0.00032888,0.00098664,0.00032888,0.00098664,0.00032888
424,7805.31,0.21495,0.00583,0.01194,0.15651,0.78402,1,1,0.995,0.9402,1,1,0.995,0.995,0.40602,0.00602,0.00031,0.18512,0.83442,0.00097476,0.00032492,0.00097476,0.00032492,0.00097476,0.00032492,0.00097476,0.00032492
425,7825.46,0.21145,0.0071,0.02116,0.15489,0.79046,1,1,0.995,0.93779,1,1,0.995,0.995,0.40412,0.00618,0.00026,0.18341,0.83308,0.00096288,0.00032096,0.00096288,0.00032096,0.00096288,0.00032096,0.00096288,0.00032096
426,7843.13,0.21959,0.00595,0.01578,0.15613,0.78819,1,1,0.995,0.93974,1,1,0.995,0.995,0.40655,0.00637,0.00026,0.1789,0.83209,0.000951,0.000317,0.000951,0.000317,0.000951,0.000317,0.000951,0.000317
427,7860.93,0.20732,0.00601,0.01096,0.14857,0.78919,1,1,0.995,0.93795,1,1,0.995,0.995,0.40992,0.00633,0.00041,0.177,0.83114,0.00093912,0.00031304,0.00093912,0.00031304,0.00093912,0.00031304,0.00093912,0.00031304
428,7879.99,0.20761,0.00553,0.00784,0.15209,0.79011,1,1,0.995,0.93902,1,1,0.995,0.995,0.41161,0.00614,0.00054,0.18119,0.83075,0.00092724,0.00030908,0.00092724,0.00030908,0.00092724,0.00030908,0.00092724,0.00030908
429,7898.53,0.20091,0.00548,0.01408,0.14785,0.79165,1,1,0.995,0.93874,1,1,0.995,0.995,0.41569,0.00619,0.0005,0.18218,0.83269,0.00091536,0.00030512,0.00091536,0.00030512,0.00091536,0.00030512,0.00091536,0.00030512
430,7917.03,0.21916,0.00639,0.01299,0.15531,0.79436,1,1,0.995,0.9347,1,1,0.995,0.995,0.41718,0.00631,0.00042,0.18119,0.83383,0.00090348,0.00030116,0.00090348,0.00030116,0.00090348,0.00030116,0.00090348,0.00030116
431,7937.37,0.20259,0.006,0.01023,0.14945,0.78937,1,1,0.995,0.94264,1,1,0.995,0.995,0.41683,0.00624,0.00033,0.18046,0.83453,0.0008916,0.0002972,0.0008916,0.0002972,0.0008916,0.0002972,0.0008916,0.0002972
432,7958.07,0.2027,0.00774,0.01789,0.14863,0.78676,1,1,0.995,0.93698,1,1,0.995,0.995,0.41229,0.0061,0.0003,0.1773,0.83288,0.00087972,0.00029324,0.00087972,0.00029324,0.00087972,0.00029324,0.00087972,0.00029324
433,7976.69,0.2045,0.00601,0.01176,0.14799,0.78965,1,1,0.995,0.93959,1,1,0.995,0.995,0.40496,0.00611,0.00028,0.17392,0.83156,0.00086784,0.00028928,0.00086784,0.00028928,0.00086784,0.00028928,0.00086784,0.00028928
434,7994.41,0.21416,0.00709,0.01687,0.15412,0.78938,1,1,0.995,0.93888,1,1,0.995,0.995,0.4058,0.00629,0.00027,0.17723,0.83086,0.00085596,0.00028532,0.00085596,0.00028532,0.00085596,0.00028532,0.00085596,0.00028532
435,8013.59,0.20397,0.00566,0.01125,0.14976,0.77979,1,1,0.995,0.9391,1,1,0.995,0.995,0.40888,0.00643,0.00029,0.1763,0.83051,0.00084408,0.00028136,0.00084408,0.00028136,0.00084408,0.00028136,0.00084408,0.00028136
436,8032.87,0.20392,0.0052,0.01168,0.14842,0.7862,1,1,0.995,0.94292,1,1,0.995,0.995,0.40838,0.00648,0.00031,0.17575,0.8316,0.0008322,0.0002774,0.0008322,0.0002774,0.0008322,0.0002774,0.0008322,0.0002774
437,8055.82,0.21134,0.00558,0.01419,0.15364,0.7894,1,1,0.995,0.94053,1,1,0.995,0.995,0.41171,0.00673,0.00033,0.17444,0.8319,0.00082032,0.00027344,0.00082032,0.00027344,0.00082032,0.00027344,0.00082032,0.00027344
438,8074.43,0.2068,0.00601,0.01182,0.14863,0.78939,0.99872,1,0.995,0.93552,0.99872,1,0.995,0.995,0.41333,0.00672,0.00032,0.17088,0.83194,0.00080844,0.00026948,0.00080844,0.00026948,0.00080844,0.00026948,0.00080844,0.00026948
439,8094.72,0.20581,0.00622,0.0101,0.14855,0.78424,1,1,0.995,0.94343,1,1,0.995,0.995,0.41277,0.0068,0.00031,0.17485,0.83297,0.00079656,0.00026552,0.00079656,0.00026552,0.00079656,0.00026552,0.00079656,0.00026552
440,8112.41,0.21056,0.00648,0.01022,0.15204,0.78995,1,1,0.995,0.93909,1,1,0.995,0.995,0.41347,0.00698,0.00025,0.17476,0.83339,0.00078468,0.00026156,0.00078468,0.00026156,0.00078468,0.00026156,0.00078468,0.00026156
441,8133.07,0.20742,0.00758,0.0124,0.15052,0.79006,1,1,0.995,0.93773,1,1,0.995,0.995,0.41239,0.00676,0.00021,0.17242,0.83223,0.0007728,0.0002576,0.0007728,0.0002576,0.0007728,0.0002576,0.0007728,0.0002576
442,8151.95,0.2002,0.0081,0.01109,0.14517,0.78677,1,1,0.995,0.93805,1,1,0.995,0.995,0.41063,0.00669,0.00018,0.16903,0.82959,0.00076092,0.00025364,0.00076092,0.00025364,0.00076092,0.00025364,0.00076092,0.00025364
443,8172.82,0.21061,0.00645,0.01896,0.15015,0.79283,1,1,0.995,0.93744,1,1,0.995,0.995,0.41311,0.00683,0.00016,0.17059,0.82754,0.00074904,0.00024968,0.00074904,0.00024968,0.00074904,0.00024968,0.00074904,0.00024968
444,8191.37,0.20695,0.00631,0.01052,0.14937,0.78793,1,1,0.995,0.9358,1,1,0.995,0.995,0.40998,0.00724,0.00016,0.16547,0.8273,0.00073716,0.00024572,0.00073716,0.00024572,0.00073716,0.00024572,0.00073716,0.00024572
445,8211.26,0.21095,0.00672,0.01599,0.15102,0.786,1,1,0.995,0.93897,1,1,0.995,0.995,0.40886,0.00746,0.00016,0.176,0.82658,0.00072528,0.00024176,0.00072528,0.00024176,0.00072528,0.00024176,0.00072528,0.00024176
446,8229.75,0.21321,0.00597,0.01464,0.15322,0.79604,1,1,0.995,0.93894,1,1,0.995,0.995,0.40902,0.00723,0.00017,0.17447,0.82737,0.0007134,0.0002378,0.0007134,0.0002378,0.0007134,0.0002378,0.0007134,0.0002378
447,8248.73,0.20706,0.00561,0.01236,0.14701,0.79416,1,1,0.995,0.93761,1,1,0.995,0.995,0.40979,0.00706,0.00018,0.18031,0.8277,0.00070152,0.00023384,0.00070152,0.00023384,0.00070152,0.00023384,0.00070152,0.00023384
448,8268.22,0.20146,0.00611,0.01038,0.14611,0.79091,1,1,0.995,0.93853,1,1,0.995,0.995,0.41182,0.00704,0.00021,0.18008,0.82763,0.00068964,0.00022988,0.00068964,0.00022988,0.00068964,0.00022988,0.00068964,0.00022988
449,8289.1,0.20248,0.00687,0.01324,0.145,0.78654,1,1,0.995,0.938,1,1,0.995,0.995,0.41353,0.00704,0.00022,0.17369,0.82769,0.00067776,0.00022592,0.00067776,0.00022592,0.00067776,0.00022592,0.00067776,0.00022592
450,8308.21,0.20388,0.00535,0.01518,0.14788,0.79066,1,1,0.995,0.94096,1,1,0.995,0.995,0.41442,0.00702,0.00021,0.17483,0.82822,0.00066588,0.00022196,0.00066588,0.00022196,0.00066588,0.00022196,0.00066588,0.00022196
451,8327.75,0.20789,0.00623,0.01263,0.14623,0.78704,1,1,0.995,0.93788,1,1,0.995,0.995,0.41489,0.00721,0.0002,0.17751,0.82865,0.000654,0.000218,0.000654,0.000218,0.000654,0.000218,0.000654,0.000218
452,8346.18,0.19844,0.00543,0.01376,0.14364,0.78536,1,1,0.995,0.93857,1,1,0.995,0.995,0.412,0.0075,0.0002,0.17403,0.82879,0.00064212,0.00021404,0.00064212,0.00021404,0.00064212,0.00021404,0.00064212,0.00021404
453,8366.17,0.20461,0.00512,0.01016,0.14653,0.79091,1,1,0.995,0.94062,1,1,0.995,0.995,0.40927,0.00738,0.00022,0.1708,0.82953,0.00063024,0.00021008,0.00063024,0.00021008,0.00063024,0.00021008,0.00063024,0.00021008
454,8386.62,0.19506,0.00511,0.00984,0.14232,0.78561,1,1,0.995,0.94165,1,1,0.995,0.995,0.41196,0.00705,0.00025,0.17069,0.82893,0.00061836,0.00020612,0.00061836,0.00020612,0.00061836,0.00020612,0.00061836,0.00020612
455,8405.25,0.19891,0.00759,0.01061,0.14482,0.78424,1,1,0.995,0.93774,1,1,0.995,0.995,0.41611,0.00673,0.00025,0.17256,0.82824,0.00060648,0.00020216,0.00060648,0.00020216,0.00060648,0.00020216,0.00060648,0.00020216
456,8426.58,0.2047,0.00673,0.01236,0.14456,0.78793,1,1,0.995,0.93743,1,1,0.995,0.995,0.41436,0.00653,0.00025,0.17392,0.82808,0.0005946,0.0001982,0.0005946,0.0001982,0.0005946,0.0001982,0.0005946,0.0001982
457,8445.03,0.20565,0.00505,0.00898,0.14719,0.78493,1,1,0.995,0.93746,1,1,0.995,0.995,0.41679,0.00633,0.00026,0.17832,0.82796,0.00058272,0.00019424,0.00058272,0.00019424,0.00058272,0.00019424,0.00058272,0.00019424
458,8462.74,0.1974,0.00552,0.01175,0.14337,0.79247,1,1,0.995,0.93817,1,1,0.995,0.995,0.41198,0.00637,0.00026,0.17796,0.82763,0.00057084,0.00019028,0.00057084,0.00019028,0.00057084,0.00019028,0.00057084,0.00019028
459,8480.52,0.19813,0.00635,0.01317,0.1412,0.78318,1,1,0.995,0.94094,1,1,0.995,0.995,0.41153,0.00661,0.00027,0.17863,0.82738,0.00055896,0.00018632,0.00055896,0.00018632,0.00055896,0.00018632,0.00055896,0.00018632
460,8498.09,0.19893,0.00504,0.01301,0.14175,0.78986,1,1,0.995,0.94253,1,1,0.995,0.995,0.40963,0.00678,0.00026,0.1778,0.82783,0.00054708,0.00018236,0.00054708,0.00018236,0.00054708,0.00018236,0.00054708,0.00018236
461,8515.68,0.20395,0.00609,0.01817,0.14414,0.79717,1,1,0.995,0.93818,1,1,0.995,0.995,0.4137,0.00694,0.00024,0.17364,0.82633,0.0005352,0.0001784,0.0005352,0.0001784,0.0005352,0.0001784,0.0005352,0.0001784
462,8534.59,0.19204,0.00635,0.01039,0.13908,0.78405,1,1,0.995,0.93422,1,1,0.995,0.995,0.41465,0.00683,0.00024,0.16912,0.82632,0.00052332,0.00017444,0.00052332,0.00017444,0.00052332,0.00017444,0.00052332,0.00017444
463,8553.44,0.19304,0.00518,0.00961,0.13856,0.78899,1,1,0.995,0.9339,1,1,0.995,0.995,0.41331,0.00677,0.00026,0.17478,0.827,0.00051144,0.00017048,0.00051144,0.00017048,0.00051144,0.00017048,0.00051144,0.00017048
464,8572.35,0.19639,0.00529,0.01417,0.14222,0.78572,1,1,0.995,0.93469,1,1,0.995,0.995,0.41594,0.00693,0.00026,0.17406,0.82686,0.00049956,0.00016652,0.00049956,0.00016652,0.00049956,0.00016652,0.00049956,0.00016652
465,8590.85,0.19964,0.00606,0.01123,0.14357,0.78866,1,1,0.995,0.93247,1,1,0.995,0.995,0.41703,0.00699,0.00027,0.17323,0.82761,0.00048768,0.00016256,0.00048768,0.00016256,0.00048768,0.00016256,0.00048768,0.00016256
466,8608.72,0.19474,0.007,0.01275,0.14395,0.78542,1,1,0.995,0.93546,1,1,0.995,0.995,0.41471,0.00685,0.00028,0.17133,0.82631,0.0004758,0.0001586,0.0004758,0.0001586,0.0004758,0.0001586,0.0004758,0.0001586
467,8626.45,0.19603,0.00586,0.00943,0.14068,0.78615,1,1,0.995,0.9322,1,1,0.995,0.995,0.41365,0.0067,0.00026,0.17803,0.82603,0.00046392,0.00015464,0.00046392,0.00015464,0.00046392,0.00015464,0.00046392,0.00015464
468,8645.32,0.20226,0.00583,0.0118,0.14509,0.78455,1,1,0.995,0.93341,1,1,0.995,0.995,0.41128,0.00664,0.00024,0.1769,0.82537,0.00045204,0.00015068,0.00045204,0.00015068,0.00045204,0.00015068,0.00045204,0.00015068
469,8664.22,0.1943,0.00581,0.01202,0.14087,0.78215,1,1,0.995,0.93422,1,1,0.995,0.995,0.41049,0.00682,0.00023,0.17785,0.82605,0.00044016,0.00014672,0.00044016,0.00014672,0.00044016,0.00014672,0.00044016,0.00014672
470,8681.78,0.20388,0.00551,0.0107,0.1445,0.77885,1,1,0.995,0.93999,1,1,0.995,0.995,0.40534,0.00698,0.00022,0.17569,0.82567,0.00042828,0.00014276,0.00042828,0.00014276,0.00042828,0.00014276,0.00042828,0.00014276
471,8699.71,0.1904,0.00515,0.01329,0.1401,0.78682,0.99872,1,0.995,0.9395,0.99872,1,0.995,0.995,0.4071,0.00706,0.00022,0.17457,0.82579,0.0004164,0.0001388,0.0004164,0.0001388,0.0004164,0.0001388,0.0004164,0.0001388
472,8717.31,0.19334,0.00575,0.01399,0.13927,0.78028,0.99871,1,0.995,0.94038,0.99871,1,0.995,0.995,0.40716,0.00701,0.00021,0.17645,0.82611,0.00040452,0.00013484,0.00040452,0.00013484,0.00040452,0.00013484,0.00040452,0.00013484
473,8734.89,0.1869,0.00549,0.0098,0.13922,0.78611,0.99871,1,0.995,0.93901,0.99871,1,0.995,0.995,0.40902,0.00681,0.00021,0.17308,0.82684,0.00039264,0.00013088,0.00039264,0.00013088,0.00039264,0.00013088,0.00039264,0.00013088
474,8752.1,0.19291,0.00537,0.00959,0.14057,0.78606,1,1,0.995,0.93799,1,1,0.995,0.995,0.40829,0.00668,0.0002,0.17344,0.82694,0.00038076,0.00012692,0.00038076,0.00012692,0.00038076,0.00012692,0.00038076,0.00012692
475,8769.68,0.19524,0.00566,0.01244,0.13776,0.78461,1,1,0.995,0.9408,1,1,0.995,0.995,0.40647,0.00659,0.00019,0.17277,0.82591,0.00036888,0.00012296,0.00036888,0.00012296,0.00036888,0.00012296,0.00036888,0.00012296
476,8787.5,0.19428,0.00591,0.01002,0.14048,0.78559,0.99869,1,0.995,0.94018,0.99869,1,0.995,0.995,0.40532,0.00654,0.00019,0.17163,0.8261,0.000357,0.000119,0.000357,0.000119,0.000357,0.000119,0.000357,0.000119
477,8805.1,0.20261,0.00567,0.00943,0.14624,0.78943,0.99871,1,0.995,0.93869,0.99871,1,0.995,0.995,0.40799,0.00651,0.0002,0.17786,0.82668,0.00034512,0.00011504,0.00034512,0.00011504,0.00034512,0.00011504,0.00034512,0.00011504
478,8822.66,0.19273,0.00556,0.0089,0.1409,0.79292,1,1,0.995,0.93853,1,1,0.995,0.995,0.40549,0.00654,0.00022,0.18443,0.82738,0.00033324,0.00011108,0.00033324,0.00011108,0.00033324,0.00011108,0.00033324,0.00011108
479,8840.4,0.18721,0.00493,0.00901,0.14004,0.78702,1,1,0.995,0.93853,1,1,0.995,0.995,0.40985,0.00635,0.00023,0.18004,0.82781,0.00032136,0.00010712,0.00032136,0.00010712,0.00032136,0.00010712,0.00032136,0.00010712
480,8859.21,0.19751,0.00634,0.01172,0.14086,0.78268,1,1,0.995,0.93554,1,1,0.995,0.995,0.41039,0.00629,0.00023,0.18258,0.82921,0.00030948,0.00010316,0.00030948,0.00010316,0.00030948,0.00010316,0.00030948,0.00010316
481,8878.13,0.19698,0.00543,0.01163,0.14074,0.78666,1,1,0.995,0.93561,1,1,0.995,0.995,0.41204,0.00641,0.00023,0.18658,0.83004,0.0002976,9.92e-05,0.0002976,9.92e-05,0.0002976,9.92e-05,0.0002976,9.92e-05
482,8895.91,0.19355,0.00545,0.01077,0.14121,0.79442,1,1,0.995,0.93569,1,1,0.995,0.995,0.40809,0.00651,0.00024,0.17746,0.82975,0.00028572,9.524e-05,0.00028572,9.524e-05,0.00028572,9.524e-05,0.00028572,9.524e-05
483,8914.37,0.18844,0.00495,0.01055,0.13846,0.78294,1,1,0.995,0.93628,1,1,0.995,0.995,0.40648,0.00656,0.00024,0.17911,0.82973,0.00027384,9.128e-05,0.00027384,9.128e-05,0.00027384,9.128e-05,0.00027384,9.128e-05
484,8931.98,0.18545,0.00513,0.01199,0.13568,0.78385,1,1,0.995,0.9372,1,1,0.995,0.995,0.40738,0.00653,0.00024,0.17936,0.82828,0.00026196,8.732e-05,0.00026196,8.732e-05,0.00026196,8.732e-05,0.00026196,8.732e-05
485,8949.59,0.19862,0.00609,0.01706,0.14206,0.78445,1,1,0.995,0.93549,1,1,0.995,0.995,0.40926,0.00656,0.00022,0.17663,0.8285,0.00025008,8.336e-05,0.00025008,8.336e-05,0.00025008,8.336e-05,0.00025008,8.336e-05
486,8967.28,0.19242,0.00494,0.00916,0.13893,0.78463,1,1,0.995,0.93541,1,1,0.995,0.995,0.41004,0.00645,0.00021,0.17662,0.82789,0.0002382,7.94e-05,0.0002382,7.94e-05,0.0002382,7.94e-05,0.0002382,7.94e-05
487,8984.92,0.19475,0.00513,0.01331,0.13798,0.79146,1,1,0.995,0.93647,1,1,0.995,0.995,0.41138,0.0064,0.0002,0.17902,0.82772,0.00022632,7.544e-05,0.00022632,7.544e-05,0.00022632,7.544e-05,0.00022632,7.544e-05
488,9002.54,0.19622,0.00708,0.01071,0.1415,0.78889,1,1,0.995,0.9398,1,1,0.995,0.995,0.41066,0.00649,0.00019,0.17934,0.82771,0.00021444,7.148e-05,0.00021444,7.148e-05,0.00021444,7.148e-05,0.00021444,7.148e-05
489,9020.16,0.18866,0.00546,0.0116,0.13676,0.78964,1,1,0.995,0.93613,1,1,0.995,0.995,0.40913,0.00655,0.00018,0.17598,0.82832,0.00020256,6.752e-05,0.00020256,6.752e-05,0.00020256,6.752e-05,0.00020256,6.752e-05
490,9038.13,0.18758,0.00483,0.00701,0.13654,0.78983,1,1,0.995,0.93615,1,1,0.995,0.995,0.41178,0.0066,0.00018,0.17453,0.82921,0.00019068,6.356e-05,0.00019068,6.356e-05,0.00019068,6.356e-05,0.00019068,6.356e-05
491,9056.73,0.16069,0.00432,0.00094,0.12215,0.76476,0.99871,1,0.995,0.93491,0.99871,1,0.995,0.995,0.41023,0.0071,0.00012,0.18552,0.8319,0.0001788,5.96e-05,0.0001788,5.96e-05,0.0001788,5.96e-05,0.0001788,5.96e-05
492,9074.09,0.16257,0.00438,0.00177,0.12122,0.77178,0.99871,1,0.995,0.93485,0.99871,1,0.995,0.995,0.41076,0.00727,0.0001,0.17602,0.83354,0.00016692,5.564e-05,0.00016692,5.564e-05,0.00016692,5.564e-05,0.00016692,5.564e-05
493,9091.76,0.15348,0.00369,0.00168,0.11297,0.77148,0.99869,1,0.995,0.93801,0.99869,1,0.995,0.995,0.40951,0.00722,0.0001,0.17148,0.83354,0.00015504,5.168e-05,0.00015504,5.168e-05,0.00015504,5.168e-05,0.00015504,5.168e-05
494,9109.27,0.15957,0.00396,0.00243,0.11988,0.76216,0.99871,1,0.995,0.93617,0.99871,1,0.995,0.995,0.41034,0.00718,0.0001,0.17558,0.83362,0.00014316,4.772e-05,0.00014316,4.772e-05,0.00014316,4.772e-05,0.00014316,4.772e-05
495,9126.74,0.15852,0.00369,0.00123,0.11701,0.78115,0.99871,1,0.995,0.9366,0.99871,1,0.995,0.995,0.41003,0.00708,0.0001,0.17282,0.83333,0.00013128,4.376e-05,0.00013128,4.376e-05,0.00013128,4.376e-05,0.00013128,4.376e-05
496,9144.39,0.15027,0.00368,0.00378,0.11498,0.76542,0.99871,1,0.995,0.93707,0.99871,1,0.995,0.995,0.40823,0.00713,0.0001,0.17787,0.83319,0.0001194,3.98e-05,0.0001194,3.98e-05,0.0001194,3.98e-05,0.0001194,3.98e-05
497,9162.12,0.15305,0.00358,0.00262,0.11537,0.77129,0.9987,1,0.995,0.93914,0.9987,1,0.995,0.995,0.40819,0.00709,0.0001,0.17248,0.83279,0.00010752,3.584e-05,0.00010752,3.584e-05,0.00010752,3.584e-05,0.00010752,3.584e-05
498,9180.15,0.14387,0.00342,0.00031,0.11293,0.76013,0.99872,1,0.995,0.94196,0.99872,1,0.995,0.995,0.4082,0.007,0.0001,0.17304,0.83253,9.564e-05,3.188e-05,9.564e-05,3.188e-05,9.564e-05,3.188e-05,9.564e-05,3.188e-05
499,9199.07,0.15248,0.00375,0.00059,0.11497,0.76663,0.99873,1,0.995,0.94235,0.99873,1,0.995,0.995,0.4066,0.00701,0.0001,0.17339,0.83285,8.376e-05,2.792e-05,8.376e-05,2.792e-05,8.376e-05,2.792e-05,8.376e-05,2.792e-05
500,9216.95,0.1545,0.00345,0.00427,0.11453,0.76353,0.99873,1,0.995,0.93677,0.99873,1,0.995,0.995,0.40633,0.007,0.0001,0.17388,0.83269,7.188e-05,2.396e-05,7.188e-05,2.396e-05,7.188e-05,2.396e-05,7.188e-05,2.396e-05
