epoch,time,train/box_loss,train/pose_loss,train/kobj_loss,train/cls_loss,train/dfl_loss,metrics/precision(B),metrics/recall(B),metrics/mAP50(B),metrics/mAP50-95(B),metrics/precision(P),metrics/recall(P),metrics/mAP50(P),metrics/mAP50-95(P),val/box_loss,val/pose_loss,val/kobj_loss,val/cls_loss,val/dfl_loss,lr/pg0,lr/pg1,lr/pg2,lr/pg3,lr/pg4,lr/pg5,lr/pg6,lr/pg7
1,91.0717,0.93346,0.66943,0.42857,1.00266,1.02182,0.99242,0.97101,0.99379,0.81188,0.98559,0.99109,0.99471,0.98508,0.70731,0.12907,0.09744,0.45995,0.88468,0.00995283,0.00331761,0.00995283,0.00331761,0.00995283,0.00331761,0.00995283,0.00331761
2,151.438,0.85761,0.19623,0.18343,0.62145,0.9373,0.94062,0.9183,0.96364,0.79127,0.94062,0.9183,0.97299,0.96074,0.68394,0.1385,0.07328,0.58469,0.88655,0.0199331,0.00664436,0.0199331,0.00664436,0.0199331,0.00664436,0.0199331,0.00664436
3,206.337,1.00016,0.20089,0.15268,0.7563,0.98606,0.91727,0.91304,0.95765,0.72398,0.87444,0.97101,0.96599,0.94639,0.81456,0.13084,0.05597,1.03343,0.9173,0.0298935,0.00996451,0.0298935,0.00996451,0.0298935,0.00996451,0.0298935,0.00996451
4,259.802,0.98737,0.16753,0.13882,0.69659,1.00233,0.936,0.95652,0.98217,0.77477,0.936,0.95652,0.98217,0.96957,0.79625,0.14316,0.04155,0.76056,0.95161,0.0299109,0.0099703,0.0299109,0.0099703,0.0299109,0.0099703,0.0299109,0.0099703
5,313.751,0.95411,0.16764,0.1316,0.67039,1.00663,0.99042,0.86957,0.94235,0.71015,0.99042,0.86957,0.95426,0.93447,0.94943,0.16817,0.05923,0.7171,1.05224,0.0298812,0.0099604,0.0298812,0.0099604,0.0298812,0.0099604,0.0298812,0.0099604
6,367.467,0.92346,0.15324,0.13587,0.63169,0.9953,0.92442,0.97101,0.96919,0.7794,0.92442,0.97101,0.97142,0.96016,0.81482,0.12168,0.02683,0.60854,0.93842,0.0298515,0.0099505,0.0298515,0.0099505,0.0298515,0.0099505,0.0298515,0.0099505
7,420.433,0.88786,0.13455,0.12568,0.6012,0.98238,0.98486,0.97101,0.98361,0.82702,0.99594,0.97101,0.98932,0.98386,0.73348,0.11718,0.03727,0.52716,0.92504,0.0298218,0.0099406,0.0298218,0.0099406,0.0298218,0.0099406,0.0298218,0.0099406
8,474.682,0.87191,0.13883,0.12181,0.57649,0.97477,0.9961,0.98551,0.99284,0.82583,0.9961,0.98551,0.99284,0.99058,0.68971,0.07808,0.09188,0.47955,0.90185,0.0297921,0.0099307,0.0297921,0.0099307,0.0297921,0.0099307,0.0297921,0.0099307
9,529.087,0.8452,0.12267,0.11552,0.55977,0.96359,0.95769,0.98415,0.99068,0.82698,0.95769,0.98415,0.99217,0.98736,0.69679,0.098,0.02569,0.50314,0.89445,0.0297624,0.0099208,0.0297624,0.0099208,0.0297624,0.0099208,0.0297624,0.0099208
10,583.024,0.82273,0.11138,0.10846,0.55242,0.96003,0.99626,0.95652,0.99056,0.84116,0.99626,0.95652,0.99056,0.98539,0.64959,0.08244,0.01537,0.4751,0.8843,0.0297327,0.0099109,0.0297327,0.0099109,0.0297327,0.0099109,0.0297327,0.0099109
11,636.698,0.79275,0.11716,0.11039,0.52972,0.94503,0.97889,0.98551,0.98853,0.83608,0.97889,0.98551,0.99415,0.9935,0.63866,0.0776,0.01247,0.44313,0.88704,0.029703,0.009901,0.029703,0.009901,0.029703,0.009901,0.029703,0.009901
12,690.719,0.80096,0.1096,0.09211,0.51208,0.94495,0.99717,0.98551,0.99373,0.85277,0.99717,0.98551,0.99373,0.99211,0.63147,0.06433,0.01767,0.4258,0.87827,0.0296733,0.0098911,0.0296733,0.0098911,0.0296733,0.0098911,0.0296733,0.0098911
13,745.244,0.77327,0.09321,0.10267,0.50051,0.95551,0.97019,0.95652,0.9874,0.8442,0.98513,0.97101,0.99417,0.98363,0.66105,0.10614,0.00889,0.44332,0.8902,0.0296436,0.0098812,0.0296436,0.0098812,0.0296436,0.0098812,0.0296436,0.0098812
14,799.01,0.75708,0.10297,0.09866,0.4966,0.94306,0.99724,0.98551,0.99352,0.84927,0.99724,0.98551,0.99352,0.9858,0.63055,0.13708,0.01755,0.39529,0.883,0.0296139,0.0098713,0.0296139,0.0098713,0.0296139,0.0098713,0.0296139,0.0098713
15,852.212,0.73911,0.09322,0.10176,0.48245,0.92884,0.99188,0.98551,0.99373,0.86181,0.99188,0.98551,0.99373,0.988,0.63547,0.0891,0.01426,0.41763,0.87953,0.0295842,0.0098614,0.0295842,0.0098614,0.0295842,0.0098614,0.0295842,0.0098614
16,906.071,0.73969,0.08539,0.08989,0.48396,0.933,0.98569,0.99804,0.99471,0.85912,0.98569,0.99804,0.99471,0.99381,0.61817,0.06437,0.01803,0.38715,0.87309,0.0295545,0.0098515,0.0295545,0.0098515,0.0295545,0.0098515,0.0295545,0.0098515
17,960.311,0.7344,0.08759,0.09503,0.4682,0.93026,0.9853,0.97101,0.98566,0.86038,0.99811,0.98551,0.99341,0.98657,0.5935,0.08949,0.00922,0.37937,0.87209,0.0295248,0.0098416,0.0295248,0.0098416,0.0295248,0.0098416,0.0295248,0.0098416
18,1013.78,0.73689,0.08635,0.10311,0.47289,0.93685,1,0.98296,0.99472,0.86999,1,0.98296,0.99472,0.99368,0.58999,0.05279,0.0092,0.37175,0.8621,0.0294951,0.0098317,0.0294951,0.0098317,0.0294951,0.0098317,0.0294951,0.0098317
19,1067.89,0.72338,0.08347,0.09135,0.45974,0.93092,0.99776,0.98551,0.99445,0.86457,0.99776,0.98551,0.99445,0.99243,0.60664,0.04937,0.01341,0.37395,0.85885,0.0294654,0.0098218,0.0294654,0.0098218,0.0294654,0.0098218,0.0294654,0.0098218
20,1121.31,0.72157,0.08519,0.09115,0.45504,0.92138,0.97182,0.99961,0.99327,0.86603,0.97182,0.99961,0.99327,0.99192,0.60007,0.04889,0.0073,0.37458,0.86331,0.0294357,0.0098119,0.0294357,0.0098119,0.0294357,0.0098119,0.0294357,0.0098119
21,1174.62,0.70698,0.07857,0.08415,0.44861,0.91751,1,0.96871,0.99431,0.87599,1,0.96871,0.99431,0.99205,0.57205,0.0796,0.01397,0.36354,0.85531,0.029406,0.009802,0.029406,0.009802,0.029406,0.009802,0.029406,0.009802
22,1228.31,0.69914,0.07654,0.08487,0.44253,0.92041,0.98381,0.98551,0.9894,0.87571,0.98381,0.98551,0.9894,0.9894,0.55483,0.03876,0.01879,0.39529,0.85883,0.0293763,0.0097921,0.0293763,0.0097921,0.0293763,0.0097921,0.0293763,0.0097921
23,1282.3,0.68971,0.07077,0.07759,0.44183,0.9205,1,0.99895,0.995,0.88144,1,0.99895,0.995,0.99457,0.58539,0.03579,0.00955,0.36314,0.87922,0.0293466,0.0097822,0.0293466,0.0097822,0.0293466,0.0097822,0.0293466,0.0097822
24,1336.74,0.6812,0.0701,0.08466,0.4255,0.9091,0.99849,0.98551,0.99472,0.87993,0.99849,0.98551,0.99472,0.99279,0.59633,0.04063,0.01731,0.37013,0.85984,0.0293169,0.0097723,0.0293169,0.0097723,0.0293169,0.0097723,0.0293169,0.0097723
25,1390.04,0.6704,0.06693,0.07912,0.42068,0.90076,0.9855,0.98532,0.99428,0.8987,0.9855,0.98532,0.99428,0.99353,0.53993,0.03913,0.00412,0.34653,0.84582,0.0292872,0.0097624,0.0292872,0.0097624,0.0292872,0.0097624,0.0292872,0.0097624
26,1444.16,0.66375,0.06241,0.07871,0.41828,0.90661,0.9976,1,0.995,0.87715,0.9976,1,0.995,0.99424,0.58436,0.04421,0.01105,0.33928,0.85083,0.0292575,0.0097525,0.0292575,0.0097525,0.0292575,0.0097525,0.0292575,0.0097525
27,1497.55,0.66986,0.07166,0.08187,0.41784,0.90392,0.98549,0.9842,0.99393,0.88308,0.98549,0.9842,0.99393,0.99393,0.59046,0.04255,0.04624,0.36033,0.86022,0.0292278,0.0097426,0.0292278,0.0097426,0.0292278,0.0097426,0.0292278,0.0097426
28,1551.23,0.67037,0.06573,0.07938,0.42191,0.90403,0.98136,0.98551,0.99317,0.87661,0.98136,0.98551,0.99317,0.98693,0.54762,0.07238,0.005,0.36256,0.85546,0.0291981,0.0097327,0.0291981,0.0097327,0.0291981,0.0097327,0.0291981,0.0097327
29,1604.45,0.65591,0.06556,0.07679,0.41309,0.89747,0.99778,0.98551,0.99396,0.88819,0.99778,0.98551,0.99396,0.9933,0.52982,0.04878,0.01145,0.36397,0.8556,0.0291684,0.0097228,0.0291684,0.0097228,0.0291684,0.0097228,0.0291684,0.0097228
30,1658.44,0.65623,0.06148,0.08409,0.40732,0.90486,0.9855,0.98472,0.99226,0.89035,0.9855,0.98472,0.99226,0.98843,0.55373,0.05503,0.01305,0.35959,0.85643,0.0291387,0.0097129,0.0291387,0.0097129,0.0291387,0.0097129,0.0291387,0.0097129
31,1712.11,0.64802,0.06,0.07203,0.40868,0.89858,0.99815,1,0.995,0.89327,0.99815,1,0.995,0.99419,0.53222,0.04119,0.00758,0.32054,0.84958,0.029109,0.009703,0.029109,0.009703,0.029109,0.009703,0.029109,0.009703
32,1766.47,0.6376,0.06116,0.07423,0.39619,0.89561,0.99806,0.98551,0.99486,0.88785,0.99806,0.98551,0.99486,0.99415,0.53723,0.03669,0.01174,0.32387,0.85563,0.0290793,0.0096931,0.0290793,0.0096931,0.0290793,0.0096931,0.0290793,0.0096931
33,1820.26,0.64011,0.06176,0.07615,0.40374,0.90063,1,0.98411,0.99472,0.88638,1,0.98411,0.99472,0.99472,0.52725,0.03421,0.01172,0.33552,0.84963,0.0290496,0.0096832,0.0290496,0.0096832,0.0290496,0.0096832,0.0290496,0.0096832
34,1873.53,0.63581,0.06121,0.07549,0.39637,0.89306,0.9977,0.98551,0.99472,0.88413,0.9977,0.98551,0.99472,0.99222,0.55421,0.04718,0.00882,0.34687,0.85282,0.0290199,0.0096733,0.0290199,0.0096733,0.0290199,0.0096733,0.0290199,0.0096733
35,1927.5,0.63615,0.05381,0.07774,0.39717,0.89616,0.98243,0.98551,0.99406,0.88511,0.98243,0.98551,0.99406,0.99321,0.53959,0.04608,0.00522,0.34469,0.84465,0.0289902,0.0096634,0.0289902,0.0096634,0.0289902,0.0096634,0.0289902,0.0096634
36,1981.28,0.62963,0.05511,0.07668,0.39213,0.8933,1,0.98502,0.99432,0.89756,1,0.98502,0.99445,0.99445,0.50759,0.03553,0.00652,0.32563,0.84058,0.0289605,0.0096535,0.0289605,0.0096535,0.0289605,0.0096535,0.0289605,0.0096535
37,2034.9,0.62668,0.05411,0.0737,0.38717,0.89013,0.98459,0.98551,0.99385,0.90242,0.98459,0.98551,0.99396,0.99156,0.55531,0.04788,0.01796,0.3402,0.85177,0.0289308,0.0096436,0.0289308,0.0096436,0.0289308,0.0096436,0.0289308,0.0096436
38,2088.53,0.62891,0.05327,0.06607,0.38932,0.89468,0.9979,0.98551,0.99472,0.88802,0.9979,0.98551,0.99472,0.99408,0.53733,0.0329,0.00404,0.3108,0.84136,0.0289011,0.0096337,0.0289011,0.0096337,0.0289011,0.0096337,0.0289011,0.0096337
39,2142.04,0.61759,0.05882,0.06511,0.38785,0.88777,0.99826,0.98551,0.99472,0.89748,0.99826,0.98551,0.99472,0.99298,0.51722,0.03714,0.01998,0.31955,0.84626,0.0288714,0.0096238,0.0288714,0.0096238,0.0288714,0.0096238,0.0288714,0.0096238
40,2195.72,0.61094,0.05018,0.06529,0.38106,0.88442,0.99818,0.98551,0.99432,0.88953,0.99818,0.98551,0.99432,0.99349,0.56121,0.0446,0.00375,0.33375,0.85759,0.0288417,0.0096139,0.0288417,0.0096139,0.0288417,0.0096139,0.0288417,0.0096139
41,2250.05,0.62468,0.05299,0.06134,0.3828,0.88651,1,0.99926,0.995,0.89203,1,0.99926,0.995,0.99433,0.53689,0.03719,0.00745,0.32017,0.8534,0.028812,0.009604,0.028812,0.009604,0.028812,0.009604,0.028812,0.009604
42,2304.33,0.60371,0.05854,0.06367,0.37442,0.88353,0.99479,0.98551,0.99432,0.90063,0.99479,0.98551,0.99432,0.99368,0.53924,0.0357,0.02257,0.3447,0.84967,0.0287823,0.0095941,0.0287823,0.0095941,0.0287823,0.0095941,0.0287823,0.0095941
43,2358.39,0.6199,0.05198,0.07329,0.38085,0.88747,1,0.99906,0.995,0.88861,1,0.99906,0.995,0.99426,0.54322,0.04109,0.01562,0.3139,0.85492,0.0287526,0.0095842,0.0287526,0.0095842,0.0287526,0.0095842,0.0287526,0.0095842
44,2412.36,0.61679,0.05121,0.06853,0.38553,0.8896,0.99806,1,0.995,0.89955,0.99806,1,0.995,0.99083,0.51002,0.03886,0.04343,0.30431,0.83987,0.0287229,0.0095743,0.0287229,0.0095743,0.0287229,0.0095743,0.0287229,0.0095743
45,2465.89,0.61773,0.04931,0.06597,0.3859,0.88962,1,0.99868,0.995,0.9045,1,0.99868,0.995,0.99422,0.53497,0.03416,0.0305,0.3207,0.85188,0.0286932,0.0095644,0.0286932,0.0095644,0.0286932,0.0095644,0.0286932,0.0095644
46,2520.18,0.59841,0.05008,0.0562,0.37029,0.88403,1,0.99769,0.995,0.90647,1,0.99769,0.995,0.995,0.52312,0.02725,0.00513,0.30496,0.85483,0.0286635,0.0095545,0.0286635,0.0095545,0.0286635,0.0095545,0.0286635,0.0095545
47,2573.88,0.59688,0.05373,0.06841,0.36946,0.88325,0.9857,0.9988,0.99486,0.89162,0.9857,0.9988,0.99486,0.99354,0.53306,0.03863,0.00399,0.30435,0.84431,0.0286338,0.0095446,0.0286338,0.0095446,0.0286338,0.0095446,0.0286338,0.0095446
48,2627.62,0.59599,0.04561,0.05839,0.37156,0.88127,0.99637,1,0.995,0.89618,0.99637,1,0.995,0.99436,0.53186,0.03439,0.00809,0.29192,0.85054,0.0286041,0.0095347,0.0286041,0.0095347,0.0286041,0.0095347,0.0286041,0.0095347
49,2681.32,0.60077,0.04946,0.05775,0.37461,0.88021,1,0.96923,0.99378,0.88406,1,0.96923,0.99378,0.99194,0.55747,0.04136,0.02981,0.34571,0.86491,0.0285744,0.0095248,0.0285744,0.0095248,0.0285744,0.0095248,0.0285744,0.0095248
50,2735.27,0.58753,0.04845,0.05848,0.36364,0.8819,0.96995,1,0.99457,0.89818,0.96995,1,0.99457,0.99388,0.50858,0.03898,0.00813,0.31001,0.84492,0.0285447,0.0095149,0.0285447,0.0095149,0.0285447,0.0095149,0.0285447,0.0095149
51,2789.44,0.59471,0.04658,0.05753,0.36991,0.87529,0.99857,0.97101,0.99379,0.88931,0.99857,0.97101,0.99379,0.99374,0.52232,0.03556,0.03534,0.32227,0.84999,0.028515,0.009505,0.028515,0.009505,0.028515,0.009505,0.028515,0.009505
52,2842.92,0.58657,0.04173,0.06117,0.36073,0.88632,1,0.98322,0.99472,0.89666,1,0.98322,0.99472,0.9941,0.51916,0.0327,0.01155,0.30748,0.84635,0.0284853,0.0094951,0.0284853,0.0094951,0.0284853,0.0094951,0.0284853,0.0094951
53,2896.75,0.58652,0.04825,0.06009,0.36492,0.87576,0.99588,0.98551,0.99472,0.89728,0.99588,0.98551,0.99472,0.99472,0.52323,0.02827,0.00326,0.29353,0.84791,0.0284556,0.0094852,0.0284556,0.0094852,0.0284556,0.0094852,0.0284556,0.0094852
54,2950.07,0.58056,0.04596,0.05555,0.35491,0.87101,0.99862,0.98551,0.99486,0.88971,0.99862,0.98551,0.99486,0.99486,0.52148,0.02417,0.01253,0.28726,0.85109,0.0284259,0.0094753,0.0284259,0.0094753,0.0284259,0.0094753,0.0284259,0.0094753
55,3005.46,0.58561,0.04218,0.05559,0.36452,0.87778,0.98463,1,0.99471,0.89054,0.98463,1,0.99471,0.99471,0.52618,0.02242,0.00661,0.32311,0.84896,0.0283962,0.0094654,0.0283962,0.0094654,0.0283962,0.0094654,0.0283962,0.0094654
56,3059.11,0.57815,0.0411,0.05664,0.35471,0.87779,0.99767,0.98551,0.99458,0.88946,0.99767,0.98551,0.99458,0.99353,0.53707,0.03874,0.008,0.3075,0.85171,0.0283665,0.0094555,0.0283665,0.0094555,0.0283665,0.0094555,0.0283665,0.0094555
57,3113.28,0.57128,0.04583,0.05027,0.34791,0.87533,0.99675,0.98551,0.99472,0.89714,0.99675,0.98551,0.99472,0.99416,0.54528,0.02495,0.00892,0.32256,0.85727,0.0283368,0.0094456,0.0283368,0.0094456,0.0283368,0.0094456,0.0283368,0.0094456
58,3166.68,0.58082,0.04301,0.05416,0.35805,0.87698,1,0.99962,0.995,0.90431,1,0.99962,0.995,0.9945,0.52375,0.02657,0.01307,0.29915,0.84656,0.0283071,0.0094357,0.0283071,0.0094357,0.0283071,0.0094357,0.0283071,0.0094357
59,3220.08,0.58576,0.03858,0.05638,0.35816,0.87759,0.9852,1,0.99486,0.9037,0.9852,1,0.99486,0.99486,0.52121,0.03348,0.00481,0.31621,0.84786,0.0282774,0.0094258,0.0282774,0.0094258,0.0282774,0.0094258,0.0282774,0.0094258
60,3273.82,0.57112,0.04615,0.0593,0.35491,0.87144,0.98414,1,0.99486,0.9082,0.98414,1,0.99486,0.99303,0.49595,0.04284,0.02939,0.30208,0.84169,0.0282477,0.0094159,0.0282477,0.0094159,0.0282477,0.0094159,0.0282477,0.0094159
61,3327.73,0.55989,0.04216,0.05072,0.34537,0.86496,1,0.99888,0.995,0.90146,1,0.99888,0.995,0.99492,0.52457,0.03905,0.00956,0.30977,0.86135,0.028218,0.009406,0.028218,0.009406,0.028218,0.009406,0.028218,0.009406
62,3381.58,0.58357,0.04392,0.05833,0.35499,0.87875,0.99968,1,0.995,0.90698,0.99968,1,0.995,0.99388,0.51451,0.0325,0.02432,0.29061,0.84831,0.0281883,0.0093961,0.0281883,0.0093961,0.0281883,0.0093961,0.0281883,0.0093961
63,3434.72,0.55853,0.0432,0.0562,0.34535,0.86549,1,0.98516,0.99472,0.91014,1,0.98516,0.99472,0.99472,0.51165,0.03085,0.00505,0.31109,0.85432,0.0281586,0.0093862,0.0281586,0.0093862,0.0281586,0.0093862,0.0281586,0.0093862
64,3488.99,0.58088,0.04326,0.05757,0.35718,0.87696,0.99933,0.98551,0.99486,0.9051,0.99933,0.98551,0.99486,0.993,0.4921,0.03647,0.01653,0.30134,0.84441,0.0281289,0.0093763,0.0281289,0.0093763,0.0281289,0.0093763,0.0281289,0.0093763
65,3542.45,0.55505,0.03989,0.05026,0.34221,0.86734,0.99931,1,0.995,0.89989,0.99931,1,0.995,0.995,0.5169,0.02202,0.02444,0.28804,0.84872,0.0280992,0.0093664,0.0280992,0.0093664,0.0280992,0.0093664,0.0280992,0.0093664
66,3596.47,0.54916,0.04023,0.04504,0.3413,0.86669,0.98359,1,0.99486,0.90806,0.98359,1,0.99486,0.99486,0.52557,0.03639,0.01074,0.30641,0.85346,0.0280695,0.0093565,0.0280695,0.0093565,0.0280695,0.0093565,0.0280695,0.0093565
67,3649.81,0.55433,0.03977,0.05069,0.33734,0.86809,0.98457,1,0.99486,0.9194,0.98457,1,0.99486,0.99486,0.50256,0.02493,0.02364,0.2899,0.84246,0.0280398,0.0093466,0.0280398,0.0093466,0.0280398,0.0093466,0.0280398,0.0093466
68,3703.72,0.55486,0.03949,0.0517,0.33554,0.86784,0.99874,0.98551,0.99472,0.89451,0.99874,0.98551,0.99472,0.99412,0.5115,0.02792,0.00615,0.3276,0.84867,0.0280101,0.0093367,0.0280101,0.0093367,0.0280101,0.0093367,0.0280101,0.0093367
69,3757.62,0.55001,0.0431,0.05122,0.33769,0.86597,0.97165,1,0.99457,0.91489,0.97165,1,0.99457,0.99327,0.50168,0.04874,0.00545,0.29364,0.83694,0.0279804,0.0093268,0.0279804,0.0093268,0.0279804,0.0093268,0.0279804,0.0093268
70,3811.42,0.54423,0.04072,0.05245,0.33544,0.87135,0.96328,0.98551,0.9913,0.9047,0.96328,0.98551,0.9913,0.98914,0.49524,0.03993,0.00561,0.32348,0.83371,0.0279507,0.0093169,0.0279507,0.0093169,0.0279507,0.0093169,0.0279507,0.0093169
71,3865.44,0.5436,0.03741,0.04755,0.33193,0.85983,0.98364,1,0.99486,0.902,0.98364,1,0.99486,0.99486,0.51722,0.02199,0.02028,0.30027,0.84813,0.027921,0.009307,0.027921,0.009307,0.027921,0.009307,0.027921,0.009307
72,3919.27,0.54116,0.03904,0.04274,0.33109,0.86097,0.99252,1,0.995,0.89908,0.99252,1,0.995,0.995,0.51506,0.01959,0.00501,0.28538,0.84815,0.0278913,0.0092971,0.0278913,0.0092971,0.0278913,0.0092971,0.0278913,0.0092971
73,3972.5,0.54763,0.03619,0.05755,0.33489,0.86788,0.9857,0.99915,0.99486,0.9063,0.9857,0.99915,0.99486,0.99434,0.51657,0.03177,0.00779,0.30411,0.84866,0.0278616,0.0092872,0.0278616,0.0092872,0.0278616,0.0092872,0.0278616,0.0092872
74,4025.64,0.52807,0.03513,0.04562,0.32695,0.85524,1,0.98488,0.99486,0.89618,1,0.98488,0.99486,0.99486,0.50452,0.0236,0.0049,0.28517,0.84752,0.0278319,0.0092773,0.0278319,0.0092773,0.0278319,0.0092773,0.0278319,0.0092773
75,4079.69,0.54797,0.03834,0.04328,0.33977,0.86506,1,0.98487,0.99472,0.90258,1,0.98487,0.99472,0.99416,0.50336,0.01953,0.00746,0.29435,0.84479,0.0278022,0.0092674,0.0278022,0.0092674,0.0278022,0.0092674,0.0278022,0.0092674
76,4133.39,0.5315,0.03677,0.04461,0.33081,0.85683,0.98571,0.99974,0.99486,0.90595,0.98571,0.99974,0.99486,0.99486,0.50461,0.02171,0.00943,0.29105,0.83479,0.0277725,0.0092575,0.0277725,0.0092575,0.0277725,0.0092575,0.0277725,0.0092575
77,4187.24,0.5272,0.03747,0.04856,0.32742,0.85875,0.98198,1,0.99471,0.90266,0.98198,1,0.99471,0.99471,0.52082,0.02395,0.03595,0.28503,0.8409,0.0277428,0.0092476,0.0277428,0.0092476,0.0277428,0.0092476,0.0277428,0.0092476
78,4240.99,0.53312,0.03575,0.04313,0.32627,0.86288,0.9986,0.98551,0.99486,0.90753,0.9986,0.98551,0.99486,0.99429,0.50416,0.02577,0.00553,0.27916,0.84311,0.0277131,0.0092377,0.0277131,0.0092377,0.0277131,0.0092377,0.0277131,0.0092377
79,4293.98,0.53633,0.03316,0.04612,0.32861,0.86148,1,0.99979,0.995,0.90453,1,0.99979,0.995,0.99393,0.53816,0.02538,0.00144,0.28616,0.85934,0.0276834,0.0092278,0.0276834,0.0092278,0.0276834,0.0092278,0.0276834,0.0092278
80,4347.94,0.5415,0.03602,0.05655,0.33831,0.86545,1,0.99908,0.995,0.89504,1,0.99908,0.995,0.995,0.53648,0.02049,0.00334,0.30145,0.85014,0.0276537,0.0092179,0.0276537,0.0092179,0.0276537,0.0092179,0.0276537,0.0092179
81,4402.7,0.53221,0.03402,0.04757,0.33326,0.86106,1,0.99941,0.995,0.90884,1,0.99941,0.995,0.995,0.50311,0.02347,0.00254,0.27965,0.83491,0.027624,0.009208,0.027624,0.009208,0.027624,0.009208,0.027624,0.009208
82,4457.23,0.53029,0.03943,0.04879,0.32397,0.8596,1,0.99906,0.995,0.90432,1,0.99906,0.995,0.995,0.53765,0.02463,0.00201,0.2927,0.84058,0.0275943,0.0091981,0.0275943,0.0091981,0.0275943,0.0091981,0.0275943,0.0091981
83,4510.36,0.53451,0.03347,0.04271,0.3301,0.86911,0.98506,1,0.99471,0.89751,0.98506,1,0.99471,0.99471,0.53991,0.02297,0.00298,0.29127,0.84689,0.0275646,0.0091882,0.0275646,0.0091882,0.0275646,0.0091882,0.0275646,0.0091882
84,4563.91,0.51998,0.03251,0.04618,0.32493,0.85355,0.99829,0.98551,0.99445,0.90347,0.99829,0.98551,0.99445,0.99445,0.52377,0.02047,0.00261,0.28877,0.85076,0.0275349,0.0091783,0.0275349,0.0091783,0.0275349,0.0091783,0.0275349,0.0091783
85,4617.14,0.5253,0.03493,0.0469,0.32411,0.85911,0.99882,1,0.995,0.90669,0.99882,1,0.995,0.995,0.49408,0.02388,0.00205,0.27439,0.84317,0.0275052,0.0091684,0.0275052,0.0091684,0.0275052,0.0091684,0.0275052,0.0091684
86,4670.68,0.52273,0.03438,0.03968,0.32278,0.86599,1,0.99867,0.995,0.91146,1,0.99867,0.995,0.995,0.50455,0.01866,0.00241,0.27553,0.83873,0.0274755,0.0091585,0.0274755,0.0091585,0.0274755,0.0091585,0.0274755,0.0091585
87,4724.65,0.51565,0.03306,0.05172,0.31651,0.85787,1,0.99925,0.995,0.90624,1,0.99925,0.995,0.995,0.51146,0.02124,0.00247,0.27977,0.85237,0.0274458,0.0091486,0.0274458,0.0091486,0.0274458,0.0091486,0.0274458,0.0091486
88,4777.99,0.52459,0.03324,0.04626,0.32428,0.859,0.99945,0.98551,0.98994,0.89796,0.99945,0.98551,0.98994,0.98994,0.52308,0.02278,0.02727,0.29854,0.85007,0.0274161,0.0091387,0.0274161,0.0091387,0.0274161,0.0091387,0.0274161,0.0091387
89,4831.69,0.51579,0.03186,0.0423,0.31808,0.85807,0.99863,0.97101,0.99457,0.90906,0.99863,0.97101,0.99457,0.99457,0.50531,0.0217,0.00772,0.27836,0.84734,0.0273864,0.0091288,0.0273864,0.0091288,0.0273864,0.0091288,0.0273864,0.0091288
90,4885.05,0.52482,0.03331,0.04305,0.31721,0.86248,0.99939,1,0.995,0.90776,0.99939,1,0.995,0.99449,0.53579,0.02437,0.02546,0.26505,0.84622,0.0273567,0.0091189,0.0273567,0.0091189,0.0273567,0.0091189,0.0273567,0.0091189
91,4939,0.52186,0.03283,0.04722,0.32515,0.85809,0.98356,1,0.99486,0.89536,0.98356,1,0.99486,0.99486,0.51195,0.02225,0.00906,0.28734,0.84897,0.027327,0.009109,0.027327,0.009109,0.027327,0.009109,0.027327,0.009109
92,4991.91,0.5157,0.03658,0.04806,0.31796,0.85701,1,0.99842,0.995,0.90532,1,0.99842,0.995,0.99452,0.52075,0.03049,0.00451,0.27282,0.85418,0.0272973,0.0090991,0.0272973,0.0090991,0.0272973,0.0090991,0.0272973,0.0090991
93,5045.33,0.51067,0.03009,0.04513,0.31192,0.85451,1,0.98489,0.9942,0.91147,1,0.98489,0.9942,0.9942,0.50821,0.0217,0.00477,0.29981,0.84874,0.0272676,0.0090892,0.0272676,0.0090892,0.0272676,0.0090892,0.0272676,0.0090892
94,5098.19,0.51252,0.03321,0.04251,0.31855,0.85425,1,0.98524,0.99472,0.9111,1,0.98524,0.99472,0.99472,0.49762,0.02488,0.00837,0.28056,0.84614,0.0272379,0.0090793,0.0272379,0.0090793,0.0272379,0.0090793,0.0272379,0.0090793
95,5152.09,0.5033,0.03487,0.04274,0.30823,0.85961,0.99685,0.98551,0.99458,0.91876,0.99685,0.98551,0.99458,0.99458,0.4975,0.02059,0.0046,0.28593,0.83853,0.0272082,0.0090694,0.0272082,0.0090694,0.0272082,0.0090694,0.0272082,0.0090694
96,5206.29,0.51173,0.03307,0.03299,0.31178,0.85201,0.99723,0.98551,0.99458,0.91189,0.99723,0.98551,0.99458,0.99458,0.48096,0.02083,0.00482,0.28393,0.84265,0.0271785,0.0090595,0.0271785,0.0090595,0.0271785,0.0090595,0.0271785,0.0090595
97,5259.7,0.51232,0.03607,0.04406,0.31716,0.85385,1,0.98426,0.99458,0.89658,1,0.98426,0.99458,0.99458,0.506,0.02166,0.00263,0.28198,0.85163,0.0271488,0.0090496,0.0271488,0.0090496,0.0271488,0.0090496,0.0271488,0.0090496
98,5313.03,0.51395,0.03067,0.0489,0.31536,0.8573,1,0.98542,0.995,0.91337,1,0.98542,0.995,0.99368,0.49485,0.03414,0.01222,0.27465,0.84214,0.0271191,0.0090397,0.0271191,0.0090397,0.0271191,0.0090397,0.0271191,0.0090397
99,5366.24,0.51393,0.02977,0.04617,0.31657,0.85886,1,0.99898,0.995,0.91374,1,0.99898,0.995,0.995,0.49594,0.01987,0.00377,0.26393,0.84967,0.0270894,0.0090298,0.0270894,0.0090298,0.0270894,0.0090298,0.0270894,0.0090298
100,5420.15,0.51564,0.03417,0.04113,0.31077,0.859,0.99889,1,0.995,0.90606,0.99889,1,0.995,0.995,0.5047,0.01973,0.00419,0.26447,0.84277,0.0270597,0.0090199,0.0270597,0.0090199,0.0270597,0.0090199,0.0270597,0.0090199
101,5473.63,0.50279,0.03005,0.03674,0.31089,0.85249,1,0.99889,0.995,0.90973,1,0.99889,0.995,0.99452,0.48712,0.02367,0.00586,0.28201,0.84216,0.02703,0.00901,0.02703,0.00901,0.02703,0.00901,0.02703,0.00901
102,5527.06,0.49704,0.0318,0.03627,0.30655,0.85516,0.98566,1,0.99471,0.91595,0.98566,1,0.99471,0.99471,0.47177,0.02253,0.01025,0.28046,0.83646,0.0270003,0.0090001,0.0270003,0.0090001,0.0270003,0.0090001,0.0270003,0.0090001
103,5580.56,0.5018,0.03329,0.04416,0.30774,0.85348,0.99566,0.98551,0.99472,0.91062,0.99566,0.98551,0.99472,0.9942,0.49096,0.02233,0.00273,0.28978,0.84501,0.0269706,0.0089902,0.0269706,0.0089902,0.0269706,0.0089902,0.0269706,0.0089902
104,5634.14,0.49711,0.0281,0.0459,0.30518,0.85375,1,0.98395,0.99486,0.9156,1,0.98395,0.99486,0.99486,0.46476,0.01843,0.00269,0.26616,0.84742,0.0269409,0.0089803,0.0269409,0.0089803,0.0269409,0.0089803,0.0269409,0.0089803
105,5687.75,0.50063,0.03287,0.03687,0.30659,0.85541,1,0.9986,0.995,0.91877,1,0.9986,0.995,0.995,0.46495,0.01815,0.00075,0.26135,0.84162,0.0269112,0.0089704,0.0269112,0.0089704,0.0269112,0.0089704,0.0269112,0.0089704
106,5740.91,0.50384,0.03028,0.04943,0.31188,0.85838,0.98436,1,0.99486,0.91811,0.98436,1,0.99486,0.99486,0.48054,0.01981,0.00209,0.26653,0.84073,0.0268815,0.0089605,0.0268815,0.0089605,0.0268815,0.0089605,0.0268815,0.0089605
107,5794.59,0.50057,0.02921,0.03815,0.30643,0.85493,0.99223,0.98551,0.99472,0.90806,0.99223,0.98551,0.99472,0.99415,0.51345,0.03434,0.00451,0.28985,0.84326,0.0268518,0.0089506,0.0268518,0.0089506,0.0268518,0.0089506,0.0268518,0.0089506
108,5847.81,0.4971,0.03248,0.03902,0.30288,0.86082,0.98865,0.98551,0.99445,0.90983,0.98865,0.98551,0.99445,0.99445,0.4777,0.02554,0.00457,0.3019,0.83494,0.0268221,0.0089407,0.0268221,0.0089407,0.0268221,0.0089407,0.0268221,0.0089407
109,5901.35,0.49098,0.02836,0.03878,0.30026,0.85235,0.99894,1,0.995,0.91761,0.99894,1,0.995,0.995,0.45971,0.02078,0.00212,0.23891,0.829,0.0267924,0.0089308,0.0267924,0.0089308,0.0267924,0.0089308,0.0267924,0.0089308
110,5954.53,0.49547,0.03192,0.04262,0.30256,0.85311,1,0.99886,0.995,0.91223,1,0.99886,0.995,0.99497,0.48729,0.02273,0.00278,0.2568,0.84222,0.0267627,0.0089209,0.0267627,0.0089209,0.0267627,0.0089209,0.0267627,0.0089209
111,6008.03,0.49729,0.02786,0.03873,0.30184,0.85056,0.9857,0.99893,0.99471,0.91717,0.9857,0.99893,0.99471,0.99471,0.47659,0.02061,0.00736,0.27518,0.84764,0.026733,0.008911,0.026733,0.008911,0.026733,0.008911,0.026733,0.008911
112,6061.37,0.48922,0.02876,0.03483,0.30536,0.85276,0.99922,1,0.995,0.91464,0.99922,1,0.995,0.99439,0.4941,0.02528,0.01255,0.25949,0.84637,0.0267033,0.0089011,0.0267033,0.0089011,0.0267033,0.0089011,0.0267033,0.0089011
113,6114.84,0.48733,0.02648,0.03686,0.3002,0.85396,0.98516,1,0.99486,0.90716,0.98516,1,0.99486,0.99486,0.51736,0.02102,0.00162,0.2702,0.85184,0.0266736,0.0088912,0.0266736,0.0088912,0.0266736,0.0088912,0.0266736,0.0088912
114,6168.61,0.47779,0.02888,0.035,0.29342,0.8467,0.99937,1,0.995,0.91392,0.99937,1,0.995,0.99437,0.50367,0.01948,0.01298,0.26617,0.8404,0.0266439,0.0088813,0.0266439,0.0088813,0.0266439,0.0088813,0.0266439,0.0088813
115,6221.64,0.48893,0.03035,0.04338,0.2979,0.84643,0.99575,0.98551,0.99472,0.90945,0.99575,0.98551,0.99472,0.99472,0.51294,0.01947,0.00302,0.28676,0.84738,0.0266142,0.0088714,0.0266142,0.0088714,0.0266142,0.0088714,0.0266142,0.0088714
116,6275.01,0.49246,0.02775,0.04182,0.30082,0.84662,0.9857,0.99932,0.99471,0.90732,0.9857,0.99932,0.99471,0.99423,0.49599,0.02132,0.00287,0.27753,0.84419,0.0265845,0.0088615,0.0265845,0.0088615,0.0265845,0.0088615,0.0265845,0.0088615
117,6328.26,0.48425,0.03128,0.04108,0.29992,0.84513,0.98504,0.98551,0.99472,0.92057,0.98504,0.98551,0.99472,0.99472,0.49135,0.01702,0.00634,0.27521,0.83964,0.0265548,0.0088516,0.0265548,0.0088516,0.0265548,0.0088516,0.0265548,0.0088516
118,6382.14,0.47684,0.02689,0.04,0.292,0.84526,0.99865,0.98551,0.99486,0.91132,0.99865,0.98551,0.99486,0.99486,0.50676,0.0194,0.00167,0.26755,0.84617,0.0265251,0.0088417,0.0265251,0.0088417,0.0265251,0.0088417,0.0265251,0.0088417
119,6435.48,0.4834,0.02741,0.03185,0.29638,0.84872,0.99944,1,0.995,0.91604,0.99944,1,0.995,0.99459,0.49754,0.02893,0.00191,0.25985,0.84519,0.0264954,0.0088318,0.0264954,0.0088318,0.0264954,0.0088318,0.0264954,0.0088318
120,6489.24,0.48737,0.03034,0.03087,0.29957,0.84767,0.99928,0.98551,0.99472,0.91462,0.99928,0.98551,0.99472,0.99472,0.47743,0.01771,0.00358,0.27697,0.84683,0.0264657,0.0088219,0.0264657,0.0088219,0.0264657,0.0088219,0.0264657,0.0088219
121,6542.21,0.48357,0.02946,0.0299,0.29113,0.85428,1,0.99803,0.995,0.91575,1,0.99803,0.995,0.995,0.4876,0.01942,0.00593,0.24848,0.83907,0.026436,0.008812,0.026436,0.008812,0.026436,0.008812,0.026436,0.008812
122,6595.58,0.48257,0.02679,0.03128,0.29394,0.8472,0.99827,0.98551,0.99472,0.92374,0.99827,0.98551,0.99472,0.99472,0.48051,0.02229,0.02433,0.28231,0.8405,0.0264063,0.0088021,0.0264063,0.0088021,0.0264063,0.0088021,0.0264063,0.0088021
123,6649.65,0.48622,0.02754,0.03925,0.30267,0.85094,0.99853,1,0.995,0.90677,0.99853,1,0.995,0.995,0.50039,0.01948,0.0036,0.25686,0.84873,0.0263766,0.0087922,0.0263766,0.0087922,0.0263766,0.0087922,0.0263766,0.0087922
124,6702.89,0.47261,0.02814,0.03701,0.29093,0.84752,0.99782,1,0.995,0.91624,0.99782,1,0.995,0.995,0.48751,0.01795,0.00301,0.25117,0.8431,0.0263469,0.0087823,0.0263469,0.0087823,0.0263469,0.0087823,0.0263469,0.0087823
125,6756.46,0.48483,0.03114,0.03801,0.29389,0.84632,1,0.99953,0.995,0.91317,1,0.99953,0.995,0.995,0.48247,0.02142,0.00493,0.25651,0.84685,0.0263172,0.0087724,0.0263172,0.0087724,0.0263172,0.0087724,0.0263172,0.0087724
126,6809.8,0.48902,0.02898,0.039,0.30166,0.84975,1,0.99957,0.995,0.90706,1,0.99957,0.995,0.995,0.51592,0.01708,0.00307,0.2627,0.85545,0.0262875,0.0087625,0.0262875,0.0087625,0.0262875,0.0087625,0.0262875,0.0087625
127,6863.23,0.46594,0.02515,0.03259,0.28594,0.84753,1,0.9997,0.995,0.91374,1,0.9997,0.995,0.995,0.49176,0.01974,0.00302,0.25115,0.84674,0.0262578,0.0087526,0.0262578,0.0087526,0.0262578,0.0087526,0.0262578,0.0087526
128,6916.26,0.47495,0.02929,0.03641,0.29328,0.84706,1,0.99946,0.995,0.92242,1,0.99946,0.995,0.995,0.47403,0.01886,0.00234,0.25942,0.84364,0.0262281,0.0087427,0.0262281,0.0087427,0.0262281,0.0087427,0.0262281,0.0087427
129,6969.68,0.46747,0.02505,0.031,0.28936,0.84164,0.9974,1,0.995,0.91062,0.9974,1,0.995,0.995,0.49567,0.01908,0.00289,0.26196,0.85121,0.0261984,0.0087328,0.0261984,0.0087328,0.0261984,0.0087328,0.0261984,0.0087328
130,7022.72,0.47082,0.02719,0.03165,0.28955,0.84028,0.99775,0.98551,0.99458,0.91814,0.99775,0.98551,0.99458,0.99458,0.47554,0.01997,0.00426,0.26049,0.84624,0.0261687,0.0087229,0.0261687,0.0087229,0.0261687,0.0087229,0.0261687,0.0087229
131,7076.26,0.47412,0.02689,0.03145,0.28981,0.84265,0.99652,0.98551,0.99472,0.91462,0.99652,0.98551,0.99472,0.99472,0.47988,0.01879,0.00341,0.25559,0.84176,0.026139,0.008713,0.026139,0.008713,0.026139,0.008713,0.026139,0.008713
132,7129.96,0.46853,0.02614,0.03488,0.29048,0.84154,0.99936,1,0.995,0.91055,0.99936,1,0.995,0.995,0.49185,0.01783,0.01136,0.24932,0.84848,0.0261093,0.0087031,0.0261093,0.0087031,0.0261093,0.0087031,0.0261093,0.0087031
133,7183.36,0.47509,0.02567,0.04166,0.28988,0.8446,1,0.99959,0.995,0.91628,1,0.99959,0.995,0.995,0.45441,0.01696,0.00456,0.24951,0.83585,0.0260796,0.0086932,0.0260796,0.0086932,0.0260796,0.0086932,0.0260796,0.0086932
134,7236.95,0.46334,0.02674,0.03628,0.29471,0.83974,0.99926,1,0.995,0.91978,0.99926,1,0.995,0.995,0.48411,0.01724,0.00437,0.25276,0.84391,0.0260499,0.0086833,0.0260499,0.0086833,0.0260499,0.0086833,0.0260499,0.0086833
135,7290.23,0.46551,0.02692,0.03598,0.28729,0.83962,1,0.99864,0.995,0.9135,1,0.99864,0.995,0.995,0.47744,0.01723,0.00312,0.26687,0.84982,0.0260202,0.0086734,0.0260202,0.0086734,0.0260202,0.0086734,0.0260202,0.0086734
136,7343.85,0.47912,0.02736,0.03908,0.2884,0.84419,0.99973,1,0.995,0.91761,0.99973,1,0.995,0.995,0.49027,0.01816,0.00167,0.24859,0.84831,0.0259905,0.0086635,0.0259905,0.0086635,0.0259905,0.0086635,0.0259905,0.0086635
137,7397.26,0.46118,0.02357,0.03952,0.29008,0.84379,0.99928,1,0.995,0.91072,0.99928,1,0.995,0.995,0.49496,0.01518,0.00239,0.25114,0.84732,0.0259608,0.0086536,0.0259608,0.0086536,0.0259608,0.0086536,0.0259608,0.0086536
138,7450.76,0.45608,0.02507,0.0369,0.28345,0.83888,0.99966,1,0.995,0.9062,0.99966,1,0.995,0.995,0.49695,0.01585,0.00166,0.26113,0.84626,0.0259311,0.0086437,0.0259311,0.0086437,0.0259311,0.0086437,0.0259311,0.0086437
139,7504.18,0.46345,0.02782,0.03316,0.28554,0.83636,0.99985,1,0.995,0.9117,0.99985,1,0.995,0.995,0.47855,0.01834,0.00162,0.25471,0.84383,0.0259014,0.0086338,0.0259014,0.0086338,0.0259014,0.0086338,0.0259014,0.0086338
140,7560.59,0.46859,0.0274,0.03034,0.29246,0.84228,1,0.99874,0.995,0.91455,1,0.99874,0.995,0.995,0.48569,0.01789,0.00132,0.25581,0.84,0.0258717,0.0086239,0.0258717,0.0086239,0.0258717,0.0086239,0.0258717,0.0086239
141,7614.2,0.45377,0.02587,0.03515,0.28172,0.84229,0.99821,1,0.995,0.92073,0.99821,1,0.995,0.995,0.48805,0.01804,0.00209,0.24946,0.84717,0.025842,0.008614,0.025842,0.008614,0.025842,0.008614,0.025842,0.008614
142,7667.38,0.45296,0.02533,0.03093,0.28257,0.84545,1,0.99783,0.995,0.92074,1,0.99783,0.995,0.995,0.48436,0.01543,0.00786,0.2605,0.83931,0.0258123,0.0086041,0.0258123,0.0086041,0.0258123,0.0086041,0.0258123,0.0086041
143,7720.86,0.47085,0.0269,0.03162,0.29045,0.84091,0.99943,1,0.995,0.91598,0.99943,1,0.995,0.995,0.46397,0.01455,0.0173,0.24785,0.83817,0.0257826,0.0085942,0.0257826,0.0085942,0.0257826,0.0085942,0.0257826,0.0085942
144,7774.21,0.46703,0.02525,0.0329,0.29217,0.84708,0.99937,1,0.995,0.91025,0.99937,1,0.995,0.995,0.47261,0.0192,0.00653,0.25213,0.83755,0.0257529,0.0085843,0.0257529,0.0085843,0.0257529,0.0085843,0.0257529,0.0085843
145,7827.95,0.46102,0.02453,0.03471,0.2854,0.84093,1,0.9997,0.995,0.92415,1,0.9997,0.995,0.995,0.46286,0.01438,0.00241,0.23661,0.83478,0.0257232,0.0085744,0.0257232,0.0085744,0.0257232,0.0085744,0.0257232,0.0085744
146,7881.59,0.45775,0.02427,0.03675,0.28427,0.83529,1,0.99954,0.995,0.9142,1,0.99954,0.995,0.995,0.48493,0.01666,0.0032,0.24508,0.83656,0.0256935,0.0085645,0.0256935,0.0085645,0.0256935,0.0085645,0.0256935,0.0085645
147,7935.23,0.45256,0.02339,0.02889,0.28344,0.83412,0.9997,1,0.995,0.91819,0.9997,1,0.995,0.995,0.47305,0.01824,0.00127,0.24764,0.83231,0.0256638,0.0085546,0.0256638,0.0085546,0.0256638,0.0085546,0.0256638,0.0085546
148,7988.61,0.45412,0.02629,0.03389,0.2804,0.83704,0.99849,0.98551,0.99486,0.92447,0.99849,0.98551,0.99486,0.99455,0.4742,0.02037,0.00158,0.28074,0.83639,0.0256341,0.0085447,0.0256341,0.0085447,0.0256341,0.0085447,0.0256341,0.0085447
149,8042.2,0.45089,0.02491,0.02774,0.27959,0.83517,0.98546,1,0.99486,0.92485,0.98546,1,0.99486,0.99486,0.45452,0.02215,0.00815,0.25847,0.83391,0.0256044,0.0085348,0.0256044,0.0085348,0.0256044,0.0085348,0.0256044,0.0085348
150,8096.17,0.45954,0.02555,0.02905,0.28361,0.83978,0.98571,0.99987,0.99486,0.92305,0.98571,0.99987,0.99486,0.99486,0.46019,0.01774,0.00636,0.26002,0.83894,0.0255747,0.0085249,0.0255747,0.0085249,0.0255747,0.0085249,0.0255747,0.0085249
151,8149.51,0.45663,0.02493,0.03494,0.28318,0.84034,0.98474,1,0.99471,0.92059,0.98474,1,0.99471,0.99434,0.45568,0.02019,0.00196,0.24815,0.83593,0.025545,0.008515,0.025545,0.008515,0.025545,0.008515,0.025545,0.008515
152,8203.21,0.45518,0.0252,0.03154,0.2782,0.83428,1,0.99958,0.995,0.92281,1,0.99958,0.995,0.99455,0.46564,0.01775,0.00529,0.26331,0.84656,0.0255153,0.0085051,0.0255153,0.0085051,0.0255153,0.0085051,0.0255153,0.0085051
153,8256.69,0.45036,0.02373,0.03305,0.27677,0.83811,0.98568,0.99745,0.99471,0.91539,0.98568,0.99745,0.99471,0.99471,0.50644,0.02257,0.00497,0.2643,0.84476,0.0254856,0.0084952,0.0254856,0.0084952,0.0254856,0.0084952,0.0254856,0.0084952
154,8310.59,0.44122,0.02258,0.03393,0.27163,0.83026,1,0.99955,0.995,0.92358,1,0.99955,0.995,0.995,0.47094,0.01767,0.00214,0.24585,0.83185,0.0254559,0.0084853,0.0254559,0.0084853,0.0254559,0.0084853,0.0254559,0.0084853
155,8364.17,0.44782,0.02355,0.02871,0.27485,0.84312,0.9857,0.9988,0.99486,0.93021,0.9857,0.9988,0.99486,0.99486,0.47299,0.01899,0.00414,0.25849,0.82961,0.0254262,0.0084754,0.0254262,0.0084754,0.0254262,0.0084754,0.0254262,0.0084754
156,8418.1,0.44092,0.0244,0.0273,0.27637,0.8323,0.98451,1,0.99486,0.92139,0.98451,1,0.99486,0.99486,0.47519,0.01983,0.00339,0.24631,0.8365,0.0253965,0.0084655,0.0253965,0.0084655,0.0253965,0.0084655,0.0253965,0.0084655
157,8471.19,0.45671,0.02789,0.03633,0.28492,0.83741,0.99835,1,0.995,0.90514,0.99835,1,0.995,0.995,0.4976,0.02159,0.01113,0.26019,0.84133,0.0253668,0.0084556,0.0253668,0.0084556,0.0253668,0.0084556,0.0253668,0.0084556
158,8524.66,0.44556,0.02281,0.03559,0.27543,0.84122,0.99637,1,0.995,0.91936,0.99637,1,0.995,0.995,0.4919,0.01463,0.00224,0.27091,0.84337,0.0253371,0.0084457,0.0253371,0.0084457,0.0253371,0.0084457,0.0253371,0.0084457
159,8578.11,0.44396,0.02333,0.03168,0.27408,0.83498,1,0.99914,0.995,0.91461,1,0.99914,0.995,0.995,0.46867,0.01867,0.00517,0.26301,0.83754,0.0253074,0.0084358,0.0253074,0.0084358,0.0253074,0.0084358,0.0253074,0.0084358
160,8631.23,0.45127,0.02382,0.03085,0.27855,0.84328,1,0.9991,0.995,0.91691,1,0.9991,0.995,0.995,0.47895,0.02216,0.00548,0.26754,0.84202,0.0252777,0.0084259,0.0252777,0.0084259,0.0252777,0.0084259,0.0252777,0.0084259
161,8684.95,0.44324,0.02288,0.02617,0.27776,0.83677,0.98518,1,0.99486,0.93271,0.98518,1,0.99486,0.99486,0.46987,0.01453,0.00259,0.26537,0.83862,0.025248,0.008416,0.025248,0.008416,0.025248,0.008416,0.025248,0.008416
162,8738.65,0.45124,0.02516,0.03347,0.27817,0.84422,0.98569,0.99843,0.99486,0.91115,0.98569,0.99843,0.99486,0.99486,0.4882,0.0195,0.00361,0.2716,0.84057,0.0252183,0.0084061,0.0252183,0.0084061,0.0252183,0.0084061,0.0252183,0.0084061
163,8792.18,0.44509,0.02717,0.03567,0.27514,0.84089,0.98548,0.98375,0.99444,0.92436,0.98548,0.98375,0.99444,0.99444,0.45361,0.01975,0.00236,0.26845,0.83797,0.0251886,0.0083962,0.0251886,0.0083962,0.0251886,0.0083962,0.0251886,0.0083962
164,8845.53,0.43604,0.02384,0.02986,0.267,0.82891,0.98476,1,0.99486,0.92174,0.98476,1,0.99486,0.9948,0.45758,0.0212,0.00402,0.24441,0.82864,0.0251589,0.0083863,0.0251589,0.0083863,0.0251589,0.0083863,0.0251589,0.0083863
165,8898.97,0.44573,0.02446,0.03076,0.27562,0.83861,0.99909,0.98551,0.99486,0.93088,0.99909,0.98551,0.99486,0.99479,0.4516,0.02112,0.00175,0.25081,0.83484,0.0251292,0.0083764,0.0251292,0.0083764,0.0251292,0.0083764,0.0251292,0.0083764
166,8952.02,0.44195,0.02212,0.0291,0.27217,0.83286,1,0.99872,0.995,0.91523,1,0.99872,0.995,0.995,0.48037,0.02076,0.00056,0.24117,0.84082,0.0250995,0.0083665,0.0250995,0.0083665,0.0250995,0.0083665,0.0250995,0.0083665
167,9005.68,0.45057,0.02435,0.03425,0.27832,0.83808,0.99871,0.98551,0.99486,0.91907,0.99871,0.98551,0.99486,0.99396,0.47016,0.02223,0.0016,0.23778,0.83969,0.0250698,0.0083566,0.0250698,0.0083566,0.0250698,0.0083566,0.0250698,0.0083566
168,9059.18,0.43827,0.02359,0.03298,0.27386,0.83796,1,0.99899,0.995,0.9218,1,0.99899,0.995,0.99463,0.47968,0.02178,0.00217,0.24734,0.84262,0.0250401,0.0083467,0.0250401,0.0083467,0.0250401,0.0083467,0.0250401,0.0083467
169,9112.22,0.42742,0.02176,0.02902,0.26756,0.82673,0.99933,1,0.995,0.91359,0.99933,1,0.995,0.995,0.48043,0.01795,0.0026,0.2451,0.84034,0.0250104,0.0083368,0.0250104,0.0083368,0.0250104,0.0083368,0.0250104,0.0083368
170,9165.66,0.4399,0.02213,0.02916,0.26732,0.83626,1,0.99627,0.995,0.92255,1,0.99627,0.995,0.99456,0.46246,0.02066,0.00126,0.24182,0.83352,0.0249807,0.0083269,0.0249807,0.0083269,0.0249807,0.0083269,0.0249807,0.0083269
171,9219.09,0.43822,0.02062,0.03306,0.27149,0.83464,0.99511,1,0.995,0.92714,0.99511,1,0.995,0.99458,0.47402,0.01927,0.00242,0.23645,0.83239,0.024951,0.008317,0.024951,0.008317,0.024951,0.008317,0.024951,0.008317
172,9272.42,0.43867,0.02586,0.03028,0.272,0.83388,0.99772,1,0.995,0.92543,0.99772,1,0.995,0.995,0.47602,0.01446,0.0014,0.24016,0.83597,0.0249213,0.0083071,0.0249213,0.0083071,0.0249213,0.0083071,0.0249213,0.0083071
173,9325.78,0.43437,0.02079,0.03783,0.26773,0.83709,0.99972,1,0.995,0.93285,0.99972,1,0.995,0.995,0.46089,0.01722,0.00242,0.2488,0.83623,0.0248916,0.0082972,0.0248916,0.0082972,0.0248916,0.0082972,0.0248916,0.0082972
174,9380,0.43927,0.02047,0.02824,0.27255,0.84023,1,0.98491,0.99486,0.91284,1,0.98491,0.99486,0.99486,0.49367,0.01653,0.00379,0.25819,0.84073,0.0248619,0.0082873,0.0248619,0.0082873,0.0248619,0.0082873,0.0248619,0.0082873
175,9433.07,0.43908,0.02404,0.02463,0.27103,0.84173,1,0.9997,0.995,0.92242,1,0.9997,0.995,0.995,0.47797,0.01999,0.00077,0.24974,0.84247,0.0248322,0.0082774,0.0248322,0.0082774,0.0248322,0.0082774,0.0248322,0.0082774
176,9485.75,0.42114,0.02413,0.03583,0.26353,0.83823,1,0.99982,0.995,0.90886,1,0.99982,0.995,0.995,0.47829,0.01779,0.00099,0.24596,0.83388,0.0248025,0.0082675,0.0248025,0.0082675,0.0248025,0.0082675,0.0248025,0.0082675
177,9538.65,0.42434,0.02335,0.03104,0.2646,0.82814,1,0.99971,0.995,0.92327,1,0.99971,0.995,0.995,0.46594,0.01683,0.00621,0.24636,0.84192,0.0247728,0.0082576,0.0247728,0.0082576,0.0247728,0.0082576,0.0247728,0.0082576
178,9590.82,0.43009,0.02425,0.02884,0.2669,0.83855,0.99978,1,0.995,0.91945,0.99978,1,0.995,0.995,0.46429,0.01807,0.00121,0.24174,0.84014,0.0247431,0.0082477,0.0247431,0.0082477,0.0247431,0.0082477,0.0247431,0.0082477
179,9643.75,0.42864,0.02258,0.0302,0.26856,0.83373,0.99949,1,0.995,0.9266,0.99949,1,0.995,0.995,0.45314,0.02041,0.02012,0.23895,0.83868,0.0247134,0.0082378,0.0247134,0.0082378,0.0247134,0.0082378,0.0247134,0.0082378
180,9696.55,0.43304,0.02386,0.02677,0.26472,0.83179,1,0.9995,0.995,0.91039,1,0.9995,0.995,0.995,0.46043,0.01516,0.00478,0.24021,0.83859,0.0246837,0.0082279,0.0246837,0.0082279,0.0246837,0.0082279,0.0246837,0.0082279
181,9750.39,0.42466,0.02197,0.02777,0.26727,0.83605,0.99805,0.98551,0.99486,0.9162,0.99805,0.98551,0.99486,0.99486,0.4642,0.01539,0.00072,0.24492,0.83686,0.024654,0.008218,0.024654,0.008218,0.024654,0.008218,0.024654,0.008218
182,9803.1,0.43857,0.02379,0.0297,0.27406,0.8359,0.9957,1,0.995,0.91734,0.9957,1,0.995,0.995,0.47128,0.01452,0.02737,0.2506,0.83913,0.0246243,0.0082081,0.0246243,0.0082081,0.0246243,0.0082081,0.0246243,0.0082081
183,9855.75,0.42973,0.02228,0.0375,0.26756,0.83061,0.99794,0.98551,0.99472,0.92187,0.99794,0.98551,0.99472,0.99472,0.46523,0.01461,0.01825,0.24918,0.8412,0.0245946,0.0081982,0.0245946,0.0081982,0.0245946,0.0081982,0.0245946,0.0081982
184,9909.33,0.43473,0.02101,0.02938,0.27064,0.83226,1,0.99796,0.995,0.92101,1,0.99796,0.995,0.995,0.47582,0.01454,0.00258,0.24806,0.84092,0.0245649,0.0081883,0.0245649,0.0081883,0.0245649,0.0081883,0.0245649,0.0081883
185,9963.71,0.43444,0.02426,0.03311,0.26722,0.83459,0.99859,1,0.995,0.92194,0.99859,1,0.995,0.995,0.47168,0.0162,0.0008,0.23808,0.83822,0.0245352,0.0081784,0.0245352,0.0081784,0.0245352,0.0081784,0.0245352,0.0081784
186,10017.8,0.42608,0.02656,0.0338,0.26208,0.83679,0.99917,1,0.995,0.92333,0.99917,1,0.995,0.995,0.47617,0.01464,0.00097,0.23289,0.84013,0.0245055,0.0081685,0.0245055,0.0081685,0.0245055,0.0081685,0.0245055,0.0081685
187,10072.9,0.4218,0.02131,0.03383,0.26035,0.83568,0.9975,1,0.995,0.91757,0.9975,1,0.995,0.995,0.48009,0.01442,0.00206,0.23375,0.84553,0.0244758,0.0081586,0.0244758,0.0081586,0.0244758,0.0081586,0.0244758,0.0081586
188,10127.9,0.42287,0.02163,0.02836,0.26589,0.83216,0.98447,1,0.99486,0.92345,0.98447,1,0.99486,0.99486,0.49052,0.01438,0.00436,0.24062,0.84531,0.0244461,0.0081487,0.0244461,0.0081487,0.0244461,0.0081487,0.0244461,0.0081487
189,10181.8,0.42843,0.0213,0.02967,0.26573,0.83985,0.99882,1,0.995,0.91681,0.99882,1,0.995,0.995,0.48694,0.01439,0.00101,0.23959,0.83913,0.0244164,0.0081388,0.0244164,0.0081388,0.0244164,0.0081388,0.0244164,0.0081388
190,10236.9,0.42414,0.02273,0.0306,0.26303,0.82945,0.99912,1,0.995,0.91841,0.99912,1,0.995,0.995,0.46958,0.02004,0.00236,0.23253,0.83752,0.0243867,0.0081289,0.0243867,0.0081289,0.0243867,0.0081289,0.0243867,0.0081289
191,10292.6,0.42513,0.02219,0.02961,0.2624,0.83274,0.9991,1,0.995,0.91817,0.9991,1,0.995,0.995,0.49049,0.01243,0.00391,0.23388,0.84168,0.024357,0.008119,0.024357,0.008119,0.024357,0.008119,0.024357,0.008119
192,10345.7,0.41832,0.0206,0.03132,0.26195,0.83085,0.99851,1,0.995,0.92389,0.99851,1,0.995,0.995,0.46849,0.01513,0.00653,0.23432,0.84454,0.0243273,0.0081091,0.0243273,0.0081091,0.0243273,0.0081091,0.0243273,0.0081091
193,10399.2,0.423,0.02033,0.0336,0.26366,0.83523,0.99947,1,0.995,0.91452,0.99947,1,0.995,0.995,0.47745,0.01375,0.00125,0.23185,0.84548,0.0242976,0.0080992,0.0242976,0.0080992,0.0242976,0.0080992,0.0242976,0.0080992
194,10452.1,0.42099,0.02238,0.03022,0.26148,0.83073,1,0.98378,0.99458,0.92121,1,0.98378,0.99458,0.99458,0.48823,0.01567,0.00218,0.25301,0.84332,0.0242679,0.0080893,0.0242679,0.0080893,0.0242679,0.0080893,0.0242679,0.0080893
195,10504.7,0.42185,0.02181,0.029,0.26413,0.82754,0.99896,0.98551,0.99472,0.91565,0.99896,0.98551,0.99472,0.99472,0.47854,0.01691,0.00224,0.25317,0.84081,0.0242382,0.0080794,0.0242382,0.0080794,0.0242382,0.0080794,0.0242382,0.0080794
196,10556.9,0.42888,0.02359,0.02948,0.2664,0.83743,0.98149,1,0.99486,0.90954,0.98149,1,0.99486,0.99486,0.46593,0.01382,0.00216,0.24499,0.84004,0.0242085,0.0080695,0.0242085,0.0080695,0.0242085,0.0080695,0.0242085,0.0080695
197,10609.5,0.43124,0.02225,0.0277,0.26709,0.83452,0.9842,1,0.99486,0.9252,0.9842,1,0.99486,0.99486,0.47236,0.01551,0.00224,0.23911,0.83884,0.0241788,0.0080596,0.0241788,0.0080596,0.0241788,0.0080596,0.0241788,0.0080596
198,10661.5,0.41797,0.02095,0.03452,0.26137,0.82717,0.9857,0.99907,0.99486,0.92007,0.9857,0.99907,0.99486,0.99486,0.46645,0.01679,0.00125,0.24357,0.8387,0.0241491,0.0080497,0.0241491,0.0080497,0.0241491,0.0080497,0.0241491,0.0080497
199,10714,0.41863,0.02254,0.03076,0.25989,0.83175,0.99454,1,0.995,0.92422,0.99454,1,0.995,0.995,0.46228,0.01593,0.00135,0.23906,0.83679,0.0241194,0.0080398,0.0241194,0.0080398,0.0241194,0.0080398,0.0241194,0.0080398
200,10766.2,0.42144,0.02186,0.03031,0.26265,0.83029,0.99747,1,0.995,0.92154,0.99747,1,0.995,0.995,0.47314,0.02084,0.00351,0.24668,0.84119,0.0240897,0.0080299,0.0240897,0.0080299,0.0240897,0.0080299,0.0240897,0.0080299
201,10818.6,0.4106,0.02222,0.02679,0.255,0.82739,0.99905,1,0.995,0.91477,0.99905,1,0.995,0.995,0.46718,0.01781,0.00097,0.24453,0.83156,0.02406,0.00802,0.02406,0.00802,0.02406,0.00802,0.02406,0.00802
202,10871.4,0.41977,0.02382,0.02872,0.26276,0.83664,0.99994,1,0.995,0.92142,0.99994,1,0.995,0.995,0.45438,0.01579,0.00073,0.24219,0.82875,0.0240303,0.0080101,0.0240303,0.0080101,0.0240303,0.0080101,0.0240303,0.0080101
203,10924,0.416,0.02254,0.02564,0.26206,0.82888,1,0.99798,0.995,0.91529,1,0.99798,0.995,0.995,0.46323,0.01801,0.00059,0.24399,0.82762,0.0240006,0.0080002,0.0240006,0.0080002,0.0240006,0.0080002,0.0240006,0.0080002
204,10978.2,0.41329,0.02079,0.02586,0.25867,0.83109,0.99882,1,0.995,0.91753,0.99882,1,0.995,0.995,0.46058,0.01558,0.00176,0.23609,0.83384,0.0239709,0.0079903,0.0239709,0.0079903,0.0239709,0.0079903,0.0239709,0.0079903
205,11032,0.41079,0.01828,0.02895,0.25329,0.82588,0.99941,1,0.995,0.91952,0.99941,1,0.995,0.995,0.47988,0.01737,0.00402,0.23433,0.83383,0.0239412,0.0079804,0.0239412,0.0079804,0.0239412,0.0079804,0.0239412,0.0079804
206,11084.9,0.40851,0.02063,0.02488,0.25485,0.83004,0.99946,1,0.995,0.91066,0.99946,1,0.995,0.995,0.47468,0.01535,0.00101,0.23998,0.83762,0.0239115,0.0079705,0.0239115,0.0079705,0.0239115,0.0079705,0.0239115,0.0079705
207,11137.8,0.42424,0.02062,0.03038,0.26263,0.83136,0.99979,1,0.995,0.91945,0.99979,1,0.995,0.995,0.47056,0.01683,0.0006,0.2367,0.83226,0.0238818,0.0079606,0.0238818,0.0079606,0.0238818,0.0079606,0.0238818,0.0079606
208,11191,0.41752,0.0207,0.02792,0.26015,0.82814,0.99955,1,0.995,0.92776,0.99955,1,0.995,0.995,0.46724,0.01465,0.00066,0.22669,0.83492,0.0238521,0.0079507,0.0238521,0.0079507,0.0238521,0.0079507,0.0238521,0.0079507
209,11252.5,0.4149,0.02201,0.02823,0.26042,0.826,0.99952,1,0.995,0.9187,0.99952,1,0.995,0.995,0.4733,0.01596,0.00084,0.23571,0.83996,0.0238224,0.0079408,0.0238224,0.0079408,0.0238224,0.0079408,0.0238224,0.0079408
210,11306,0.40582,0.02171,0.02918,0.25691,0.82893,0.99948,1,0.995,0.91635,0.99948,1,0.995,0.995,0.46861,0.01678,0.00178,0.2225,0.83718,0.0237927,0.0079309,0.0237927,0.0079309,0.0237927,0.0079309,0.0237927,0.0079309
211,11367.4,0.41653,0.02123,0.0259,0.25771,0.83108,0.99994,1,0.995,0.92126,0.99994,1,0.995,0.995,0.4672,0.01408,0.0011,0.22731,0.83867,0.023763,0.007921,0.023763,0.007921,0.023763,0.007921,0.023763,0.007921
212,11424.2,0.40737,0.02452,0.02733,0.25553,0.82668,0.99969,1,0.995,0.91765,0.99969,1,0.995,0.99456,0.48521,0.01517,0.00123,0.24501,0.84446,0.0237333,0.0079111,0.0237333,0.0079111,0.0237333,0.0079111,0.0237333,0.0079111
213,11477.7,0.41094,0.02003,0.02936,0.25825,0.82922,0.99927,1,0.995,0.91436,0.99927,1,0.995,0.995,0.47133,0.01723,0.00043,0.22703,0.84114,0.0237036,0.0079012,0.0237036,0.0079012,0.0237036,0.0079012,0.0237036,0.0079012
214,11530.7,0.41049,0.02015,0.02607,0.25546,0.83057,0.99873,1,0.995,0.91895,0.99873,1,0.995,0.995,0.46918,0.01638,0.00098,0.22751,0.83924,0.0236739,0.0078913,0.0236739,0.0078913,0.0236739,0.0078913,0.0236739,0.0078913
215,11583.3,0.40408,0.01942,0.02156,0.25128,0.82988,0.99869,1,0.995,0.91809,0.99869,1,0.995,0.995,0.48332,0.01475,0.00112,0.24269,0.8445,0.0236442,0.0078814,0.0236442,0.0078814,0.0236442,0.0078814,0.0236442,0.0078814
216,11635.8,0.401,0.02033,0.02069,0.25319,0.83664,0.99931,1,0.995,0.92645,0.99931,1,0.995,0.995,0.46573,0.01892,0.00133,0.2199,0.8394,0.0236145,0.0078715,0.0236145,0.0078715,0.0236145,0.0078715,0.0236145,0.0078715
217,11688.6,0.41122,0.02044,0.02593,0.25734,0.82678,0.9984,0.98551,0.99486,0.92276,0.9984,0.98551,0.99486,0.99486,0.457,0.01827,0.00098,0.23462,0.83921,0.0235848,0.0078616,0.0235848,0.0078616,0.0235848,0.0078616,0.0235848,0.0078616
218,11741.5,0.40217,0.02125,0.02934,0.24928,0.83012,0.99995,1,0.995,0.923,0.99995,1,0.995,0.995,0.46276,0.01601,0.00098,0.22891,0.83752,0.0235551,0.0078517,0.0235551,0.0078517,0.0235551,0.0078517,0.0235551,0.0078517
219,11794.6,0.40611,0.02045,0.02728,0.25449,0.83395,1,0.99926,0.995,0.91706,1,0.99926,0.995,0.995,0.4593,0.01922,0.00307,0.24016,0.83235,0.0235254,0.0078418,0.0235254,0.0078418,0.0235254,0.0078418,0.0235254,0.0078418
220,11847.9,0.39712,0.01819,0.02686,0.24867,0.83325,1,0.99918,0.995,0.92582,1,0.99918,0.995,0.995,0.47451,0.01715,0.00264,0.24031,0.8342,0.0234957,0.0078319,0.0234957,0.0078319,0.0234957,0.0078319,0.0234957,0.0078319
221,11901.1,0.4075,0.02234,0.03156,0.25246,0.82695,0.99994,1,0.995,0.92249,0.99994,1,0.995,0.995,0.45929,0.01574,0.00164,0.23153,0.8311,0.023466,0.007822,0.023466,0.007822,0.023466,0.007822,0.023466,0.007822
222,11955.1,0.40808,0.01937,0.02479,0.25274,0.82714,0.98523,1,0.99486,0.91194,0.98523,1,0.99486,0.99486,0.47097,0.01322,0.00125,0.23401,0.83634,0.0234363,0.0078121,0.0234363,0.0078121,0.0234363,0.0078121,0.0234363,0.0078121
223,12007.8,0.40608,0.02046,0.02305,0.25613,0.82922,0.99563,1,0.995,0.916,0.99563,1,0.995,0.99459,0.4862,0.01772,0.00118,0.23481,0.83919,0.0234066,0.0078022,0.0234066,0.0078022,0.0234066,0.0078022,0.0234066,0.0078022
224,12061.1,0.40938,0.02261,0.0284,0.25509,0.82615,0.98533,1,0.995,0.92209,0.98533,1,0.995,0.9946,0.48088,0.02325,0.00274,0.23281,0.83786,0.0233769,0.0077923,0.0233769,0.0077923,0.0233769,0.0077923,0.0233769,0.0077923
225,12113.7,0.39253,0.01817,0.02261,0.24885,0.83048,0.99856,1,0.995,0.91381,0.99856,1,0.995,0.995,0.47275,0.01843,0.00142,0.22848,0.83866,0.0233472,0.0077824,0.0233472,0.0077824,0.0233472,0.0077824,0.0233472,0.0077824
226,12169.8,0.39881,0.01777,0.02887,0.25314,0.82834,0.99849,1,0.995,0.91798,0.99849,1,0.995,0.995,0.47136,0.01567,0.00167,0.23531,0.83699,0.0233175,0.0077725,0.0233175,0.0077725,0.0233175,0.0077725,0.0233175,0.0077725
227,12225.9,0.39947,0.01838,0.02579,0.24977,0.82783,0.99873,1,0.995,0.9126,0.99873,1,0.995,0.995,0.47184,0.01408,0.00114,0.23358,0.83855,0.0232878,0.0077626,0.0232878,0.0077626,0.0232878,0.0077626,0.0232878,0.0077626
228,12282.5,0.39797,0.0207,0.02496,0.24834,0.83042,0.99881,1,0.995,0.90961,0.99881,1,0.995,0.995,0.46329,0.0138,0.00152,0.22693,0.83866,0.0232581,0.0077527,0.0232581,0.0077527,0.0232581,0.0077527,0.0232581,0.0077527
229,12339.4,0.39865,0.02081,0.02327,0.25044,0.83023,0.99911,1,0.995,0.91318,0.99911,1,0.995,0.995,0.46246,0.0123,0.0013,0.23666,0.83701,0.0232284,0.0077428,0.0232284,0.0077428,0.0232284,0.0077428,0.0232284,0.0077428
230,12395.9,0.3925,0.01717,0.02949,0.24805,0.82195,0.99934,1,0.995,0.91478,0.99934,1,0.995,0.995,0.45897,0.01311,0.00153,0.22449,0.83346,0.0231987,0.0077329,0.0231987,0.0077329,0.0231987,0.0077329,0.0231987,0.0077329
231,12450.3,0.4047,0.01952,0.03124,0.25425,0.82918,0.99853,1,0.995,0.92171,0.99853,1,0.995,0.995,0.46392,0.0137,0.00108,0.2273,0.83655,0.023169,0.007723,0.023169,0.007723,0.023169,0.007723,0.023169,0.007723
232,12503,0.40682,0.01922,0.02998,0.25325,0.82612,0.9981,1,0.995,0.91724,0.9981,1,0.995,0.995,0.46798,0.01544,0.00249,0.23465,0.83242,0.0231393,0.0077131,0.0231393,0.0077131,0.0231393,0.0077131,0.0231393,0.0077131
233,12557.2,0.39729,0.02251,0.02548,0.24891,0.83283,1,0.99789,0.995,0.92347,1,0.99789,0.995,0.995,0.44887,0.01659,0.00152,0.22527,0.829,0.0231096,0.0077032,0.0231096,0.0077032,0.0231096,0.0077032,0.0231096,0.0077032
234,12613.5,0.39486,0.02166,0.03089,0.24907,0.82891,1,0.99859,0.995,0.91692,1,0.99859,0.995,0.995,0.44989,0.01588,0.00206,0.23538,0.82783,0.0230799,0.0076933,0.0230799,0.0076933,0.0230799,0.0076933,0.0230799,0.0076933
235,12669.1,0.38704,0.01913,0.02588,0.24978,0.82932,1,0.99931,0.995,0.91439,1,0.99931,0.995,0.995,0.45652,0.01546,0.00172,0.23455,0.83112,0.0230502,0.0076834,0.0230502,0.0076834,0.0230502,0.0076834,0.0230502,0.0076834
236,12723.2,0.39042,0.02155,0.02412,0.24549,0.81911,1,0.99938,0.995,0.92052,1,0.99938,0.995,0.995,0.46588,0.01637,0.001,0.23231,0.83327,0.0230205,0.0076735,0.0230205,0.0076735,0.0230205,0.0076735,0.0230205,0.0076735
237,12777.1,0.40275,0.01998,0.03106,0.25223,0.8308,1,0.99783,0.995,0.91455,1,0.99783,0.995,0.995,0.47278,0.01661,0.00233,0.2331,0.83544,0.0229908,0.0076636,0.0229908,0.0076636,0.0229908,0.0076636,0.0229908,0.0076636
238,12830.3,0.39999,0.01846,0.02413,0.24705,0.83113,0.99978,1,0.995,0.91505,0.99978,1,0.995,0.995,0.48723,0.01797,0.00288,0.23969,0.83848,0.0229611,0.0076537,0.0229611,0.0076537,0.0229611,0.0076537,0.0229611,0.0076537
239,12883.2,0.3913,0.01776,0.02654,0.24157,0.82776,0.99936,1,0.995,0.90946,0.99936,1,0.995,0.995,0.4789,0.01779,0.00134,0.22916,0.83622,0.0229314,0.0076438,0.0229314,0.0076438,0.0229314,0.0076438,0.0229314,0.0076438
240,12936,0.3947,0.01874,0.02621,0.24677,0.83034,1,0.99862,0.995,0.91486,1,0.99862,0.995,0.995,0.47744,0.01773,0.00104,0.23298,0.83518,0.0229017,0.0076339,0.0229017,0.0076339,0.0229017,0.0076339,0.0229017,0.0076339
241,12989.4,0.38798,0.01782,0.02748,0.24502,0.82203,1,0.99941,0.995,0.91155,1,0.99941,0.995,0.995,0.47432,0.01586,0.00109,0.23332,0.83324,0.022872,0.007624,0.022872,0.007624,0.022872,0.007624,0.022872,0.007624
242,13042.9,0.3963,0.01879,0.0265,0.24686,0.82817,1,0.99926,0.995,0.91195,1,0.99926,0.995,0.995,0.46637,0.01489,0.00101,0.23478,0.83572,0.0228423,0.0076141,0.0228423,0.0076141,0.0228423,0.0076141,0.0228423,0.0076141
243,13095.6,0.39382,0.01719,0.02206,0.24503,0.82716,0.99948,1,0.995,0.90994,0.99948,1,0.995,0.995,0.47044,0.01424,0.00155,0.23585,0.84081,0.0228126,0.0076042,0.0228126,0.0076042,0.0228126,0.0076042,0.0228126,0.0076042
244,13148.2,0.39273,0.01968,0.02433,0.24489,0.82607,1,0.99825,0.995,0.9147,1,0.99825,0.995,0.995,0.47644,0.01773,0.0014,0.23842,0.83703,0.0227829,0.0075943,0.0227829,0.0075943,0.0227829,0.0075943,0.0227829,0.0075943
245,13201.1,0.38309,0.01619,0.02329,0.24292,0.82392,1,0.99879,0.995,0.91355,1,0.99879,0.995,0.995,0.4752,0.01739,0.00187,0.23585,0.83489,0.0227532,0.0075844,0.0227532,0.0075844,0.0227532,0.0075844,0.0227532,0.0075844
246,13253.7,0.39103,0.02102,0.02751,0.2477,0.82979,1,0.99875,0.995,0.91913,1,0.99875,0.995,0.995,0.47898,0.01553,0.00189,0.24183,0.83588,0.0227235,0.0075745,0.0227235,0.0075745,0.0227235,0.0075745,0.0227235,0.0075745
247,13306.6,0.3868,0.01715,0.02447,0.24379,0.8214,1,0.9993,0.995,0.91996,1,0.9993,0.995,0.995,0.46714,0.0156,0.00223,0.22122,0.83661,0.0226938,0.0075646,0.0226938,0.0075646,0.0226938,0.0075646,0.0226938,0.0075646
248,13359.6,0.38161,0.01944,0.0234,0.24308,0.81851,0.99956,1,0.995,0.92164,0.99956,1,0.995,0.995,0.45581,0.01614,0.00198,0.2184,0.83292,0.0226641,0.0075547,0.0226641,0.0075547,0.0226641,0.0075547,0.0226641,0.0075547
249,13412.4,0.38208,0.01981,0.02978,0.24327,0.825,0.99903,1,0.995,0.91828,0.99903,1,0.995,0.995,0.46078,0.01445,0.00182,0.21879,0.83348,0.0226344,0.0075448,0.0226344,0.0075448,0.0226344,0.0075448,0.0226344,0.0075448
250,13465.4,0.39403,0.01892,0.027,0.24614,0.82871,0.98433,1,0.99486,0.91503,0.98433,1,0.99486,0.99486,0.4663,0.01539,0.0021,0.2199,0.83539,0.0226047,0.0075349,0.0226047,0.0075349,0.0226047,0.0075349,0.0226047,0.0075349
251,13519.1,0.38652,0.0184,0.02766,0.24159,0.82154,0.98482,1,0.99486,0.91684,0.98482,1,0.99486,0.99486,0.46308,0.01289,0.0032,0.21144,0.8342,0.022575,0.007525,0.022575,0.007525,0.022575,0.007525,0.022575,0.007525
252,13572.5,0.39184,0.02351,0.02705,0.24831,0.82999,0.99787,0.98551,0.99486,0.91499,0.99787,0.98551,0.99486,0.99486,0.4812,0.01205,0.01168,0.22942,0.83864,0.0225453,0.0075151,0.0225453,0.0075151,0.0225453,0.0075151,0.0225453,0.0075151
253,13626,0.39735,0.01813,0.02791,0.2498,0.82576,0.99956,1,0.995,0.91341,0.99956,1,0.995,0.995,0.47587,0.01112,0.00778,0.23225,0.84032,0.0225156,0.0075052,0.0225156,0.0075052,0.0225156,0.0075052,0.0225156,0.0075052
254,13679,0.38845,0.01765,0.02842,0.2455,0.82641,0.99924,1,0.995,0.91946,0.99924,1,0.995,0.995,0.47446,0.01109,0.00319,0.2225,0.83788,0.0224859,0.0074953,0.0224859,0.0074953,0.0224859,0.0074953,0.0224859,0.0074953
255,13732.6,0.39159,0.017,0.02711,0.24673,0.82778,0.9993,1,0.995,0.91494,0.9993,1,0.995,0.995,0.46964,0.01237,0.00303,0.2203,0.83815,0.0224562,0.0074854,0.0224562,0.0074854,0.0224562,0.0074854,0.0224562,0.0074854
256,13786.1,0.38814,0.01834,0.02807,0.24255,0.82743,0.99985,1,0.995,0.91895,0.99985,1,0.995,0.995,0.48027,0.0128,0.01596,0.2244,0.84071,0.0224265,0.0074755,0.0224265,0.0074755,0.0224265,0.0074755,0.0224265,0.0074755
257,13839.2,0.37993,0.01769,0.03063,0.23933,0.82102,0.99994,1,0.995,0.91792,0.99994,1,0.995,0.995,0.45793,0.01261,0.00842,0.22161,0.83516,0.0223968,0.0074656,0.0223968,0.0074656,0.0223968,0.0074656,0.0223968,0.0074656
258,13893.2,0.37958,0.01802,0.03092,0.23702,0.81964,1,0.99982,0.995,0.91563,1,0.99982,0.995,0.995,0.46055,0.01212,0.00249,0.22423,0.83795,0.0223671,0.0074557,0.0223671,0.0074557,0.0223671,0.0074557,0.0223671,0.0074557
259,13946.7,0.38058,0.02019,0.0267,0.24306,0.81918,0.9994,1,0.995,0.91649,0.9994,1,0.995,0.995,0.47184,0.01183,0.00123,0.22296,0.84156,0.0223374,0.0074458,0.0223374,0.0074458,0.0223374,0.0074458,0.0223374,0.0074458
260,13999.9,0.3838,0.02065,0.02481,0.24392,0.82193,0.99933,1,0.995,0.91608,0.99933,1,0.995,0.995,0.46932,0.01249,0.00139,0.2278,0.84005,0.0223077,0.0074359,0.0223077,0.0074359,0.0223077,0.0074359,0.0223077,0.0074359
261,14054.1,0.38079,0.01725,0.0238,0.24161,0.82143,1,0.99998,0.995,0.91496,1,0.99998,0.995,0.995,0.48417,0.01475,0.00189,0.23185,0.84209,0.022278,0.007426,0.022278,0.007426,0.022278,0.007426,0.022278,0.007426
262,14107.3,0.37169,0.01709,0.02038,0.23412,0.82619,0.99934,1,0.995,0.90842,0.99934,1,0.995,0.995,0.48317,0.01294,0.00145,0.23424,0.84399,0.0222483,0.0074161,0.0222483,0.0074161,0.0222483,0.0074161,0.0222483,0.0074161
263,14160.8,0.38023,0.01817,0.03072,0.23839,0.82924,0.9992,1,0.995,0.9169,0.9992,1,0.995,0.995,0.48811,0.01226,0.0011,0.22668,0.84835,0.0222186,0.0074062,0.0222186,0.0074062,0.0222186,0.0074062,0.0222186,0.0074062
264,14214.5,0.37764,0.02004,0.02214,0.23613,0.821,0.99949,1,0.995,0.92083,0.99949,1,0.995,0.995,0.47947,0.0124,0.00102,0.22679,0.84484,0.0221889,0.0073963,0.0221889,0.0073963,0.0221889,0.0073963,0.0221889,0.0073963
265,14267.3,0.37295,0.0168,0.02389,0.23431,0.81995,1,0.99938,0.995,0.92539,1,0.99938,0.995,0.995,0.46804,0.01485,0.00165,0.2348,0.84103,0.0221592,0.0073864,0.0221592,0.0073864,0.0221592,0.0073864,0.0221592,0.0073864
266,14320.9,0.37573,0.01996,0.02059,0.23829,0.82137,0.99998,1,0.995,0.91482,0.99998,1,0.995,0.995,0.46702,0.0138,0.00097,0.22484,0.84052,0.0221295,0.0073765,0.0221295,0.0073765,0.0221295,0.0073765,0.0221295,0.0073765
267,14374.2,0.37315,0.01772,0.02398,0.23257,0.81973,0.99977,1,0.995,0.91679,0.99977,1,0.995,0.995,0.46708,0.01198,0.00058,0.22228,0.83999,0.0220998,0.0073666,0.0220998,0.0073666,0.0220998,0.0073666,0.0220998,0.0073666
268,14428.6,0.36953,0.01775,0.02502,0.23774,0.82038,0.99973,1,0.995,0.92296,0.99973,1,0.995,0.995,0.47449,0.01223,0.00126,0.21701,0.83901,0.0220701,0.0073567,0.0220701,0.0073567,0.0220701,0.0073567,0.0220701,0.0073567
269,14484.5,0.3715,0.02073,0.02309,0.23383,0.82323,0.99971,1,0.995,0.91331,0.99971,1,0.995,0.995,0.46328,0.01317,0.00202,0.22146,0.8371,0.0220404,0.0073468,0.0220404,0.0073468,0.0220404,0.0073468,0.0220404,0.0073468
270,14540,0.37488,0.0172,0.02357,0.23779,0.82351,0.99927,1,0.995,0.91534,0.99927,1,0.995,0.995,0.45259,0.01468,0.00131,0.22511,0.8345,0.0220107,0.0073369,0.0220107,0.0073369,0.0220107,0.0073369,0.0220107,0.0073369
271,14594.9,0.38039,0.01867,0.02045,0.23767,0.82518,0.99931,1,0.995,0.91934,0.99931,1,0.995,0.995,0.46927,0.01393,0.00033,0.21118,0.83385,0.021981,0.007327,0.021981,0.007327,0.021981,0.007327,0.021981,0.007327
272,14648.9,0.37934,0.0173,0.02765,0.23894,0.81866,1,0.9994,0.995,0.91628,1,0.9994,0.995,0.995,0.47138,0.01542,0.00034,0.22473,0.83583,0.0219513,0.0073171,0.0219513,0.0073171,0.0219513,0.0073171,0.0219513,0.0073171
273,14702.8,0.36956,0.01725,0.0271,0.23407,0.82207,1,0.99865,0.995,0.91438,1,0.99865,0.995,0.995,0.47547,0.01355,0.001,0.21836,0.83884,0.0219216,0.0073072,0.0219216,0.0073072,0.0219216,0.0073072,0.0219216,0.0073072
274,14756.3,0.37792,0.0182,0.02465,0.23867,0.82708,1,0.99923,0.995,0.91191,1,0.99923,0.995,0.995,0.48742,0.01347,0.00181,0.2261,0.83924,0.0218919,0.0072973,0.0218919,0.0072973,0.0218919,0.0072973,0.0218919,0.0072973
275,14810.8,0.37406,0.01877,0.02391,0.23638,0.81724,0.99942,1,0.995,0.91365,0.99942,1,0.995,0.995,0.47773,0.01276,0.0015,0.21917,0.83711,0.0218622,0.0072874,0.0218622,0.0072874,0.0218622,0.0072874,0.0218622,0.0072874
276,14863.7,0.36978,0.01772,0.0232,0.23516,0.82105,0.99949,1,0.995,0.90889,0.99949,1,0.995,0.995,0.48378,0.01307,0.00237,0.2145,0.83942,0.0218325,0.0072775,0.0218325,0.0072775,0.0218325,0.0072775,0.0218325,0.0072775
277,14918.2,0.37666,0.01905,0.03033,0.23751,0.82062,0.99918,1,0.995,0.91433,0.99918,1,0.995,0.995,0.48017,0.01235,0.00123,0.21479,0.83958,0.0218028,0.0072676,0.0218028,0.0072676,0.0218028,0.0072676,0.0218028,0.0072676
278,14971.2,0.36727,0.01802,0.02646,0.23261,0.8179,0.99908,1,0.995,0.91705,0.99908,1,0.995,0.995,0.47944,0.01102,0.00172,0.21171,0.83778,0.0217731,0.0072577,0.0217731,0.0072577,0.0217731,0.0072577,0.0217731,0.0072577
279,15024.4,0.37398,0.01995,0.02879,0.24049,0.82032,0.99902,1,0.995,0.91861,0.99902,1,0.995,0.995,0.47277,0.01135,0.00205,0.2139,0.83866,0.0217434,0.0072478,0.0217434,0.0072478,0.0217434,0.0072478,0.0217434,0.0072478
280,15078.5,0.3735,0.01834,0.02402,0.23363,0.81653,0.99898,1,0.995,0.91439,0.99898,1,0.995,0.995,0.47572,0.01125,0.00095,0.2107,0.83684,0.0217137,0.0072379,0.0217137,0.0072379,0.0217137,0.0072379,0.0217137,0.0072379
281,15132.7,0.37308,0.01998,0.02076,0.23468,0.81928,0.99916,1,0.995,0.90884,0.99916,1,0.995,0.995,0.47806,0.01148,0.00257,0.21195,0.83842,0.021684,0.007228,0.021684,0.007228,0.021684,0.007228,0.021684,0.007228
282,15185.9,0.37809,0.01835,0.02491,0.23655,0.82212,0.99927,1,0.995,0.91111,0.99927,1,0.995,0.995,0.48604,0.01271,0.00515,0.21654,0.83863,0.0216543,0.0072181,0.0216543,0.0072181,0.0216543,0.0072181,0.0216543,0.0072181
283,15238.9,0.36469,0.01747,0.02422,0.23563,0.82022,0.99943,1,0.995,0.91488,0.99943,1,0.995,0.995,0.48352,0.01326,0.00258,0.21844,0.84072,0.0216246,0.0072082,0.0216246,0.0072082,0.0216246,0.0072082,0.0216246,0.0072082
284,15292.2,0.37356,0.01762,0.02417,0.23613,0.82671,0.99961,1,0.995,0.91214,0.99961,1,0.995,0.995,0.48473,0.01307,0.00293,0.21921,0.84074,0.0215949,0.0071983,0.0215949,0.0071983,0.0215949,0.0071983,0.0215949,0.0071983
285,15348.1,0.36392,0.01678,0.02263,0.23194,0.81783,1,0.99903,0.995,0.90974,1,0.99903,0.995,0.995,0.48016,0.01468,0.00397,0.23015,0.83936,0.0215652,0.0071884,0.0215652,0.0071884,0.0215652,0.0071884,0.0215652,0.0071884
286,15403.3,0.36281,0.01853,0.02609,0.23014,0.81578,1,0.99938,0.995,0.91285,1,0.99938,0.995,0.995,0.47645,0.01401,0.0023,0.22967,0.83976,0.0215355,0.0071785,0.0215355,0.0071785,0.0215355,0.0071785,0.0215355,0.0071785
287,15459.4,0.36791,0.02064,0.02431,0.23149,0.81845,1,0.99964,0.995,0.91679,1,0.99964,0.995,0.995,0.48314,0.01518,0.0014,0.2281,0.84061,0.0215058,0.0071686,0.0215058,0.0071686,0.0215058,0.0071686,0.0215058,0.0071686
288,15515.9,0.36358,0.0193,0.02099,0.23278,0.81765,0.99956,1,0.995,0.91285,0.99956,1,0.995,0.995,0.48586,0.01566,0.00124,0.22786,0.84215,0.0214761,0.0071587,0.0214761,0.0071587,0.0214761,0.0071587,0.0214761,0.0071587
289,15570,0.36992,0.01654,0.02151,0.23313,0.8208,0.99885,1,0.995,0.91502,0.99885,1,0.995,0.995,0.48485,0.01409,0.00134,0.22256,0.84273,0.0214464,0.0071488,0.0214464,0.0071488,0.0214464,0.0071488,0.0214464,0.0071488
290,15624.1,0.36719,0.01598,0.02557,0.23542,0.81526,0.99902,1,0.995,0.90701,0.99902,1,0.995,0.995,0.49461,0.0139,0.00069,0.2293,0.84448,0.0214167,0.0071389,0.0214167,0.0071389,0.0214167,0.0071389,0.0214167,0.0071389
291,15676.7,0.36312,0.01665,0.02746,0.23198,0.8186,0.99923,1,0.995,0.90873,0.99923,1,0.995,0.995,0.49414,0.01416,0.00069,0.21929,0.84086,0.021387,0.007129,0.021387,0.007129,0.021387,0.007129,0.021387,0.007129
292,15728.6,0.37603,0.01675,0.02451,0.23961,0.82389,0.99923,1,0.995,0.9109,0.99923,1,0.995,0.995,0.48261,0.01392,0.00073,0.21928,0.83819,0.0213573,0.0071191,0.0213573,0.0071191,0.0213573,0.0071191,0.0213573,0.0071191
293,15781.2,0.36749,0.01833,0.024,0.23627,0.82223,0.99935,1,0.995,0.91637,0.99935,1,0.995,0.995,0.48031,0.01437,0.0006,0.2215,0.83809,0.0213276,0.0071092,0.0213276,0.0071092,0.0213276,0.0071092,0.0213276,0.0071092
294,15836,0.37432,0.01906,0.02829,0.23695,0.82374,0.9993,1,0.995,0.91526,0.9993,1,0.995,0.995,0.47376,0.01281,0.00139,0.21822,0.83948,0.0212979,0.0070993,0.0212979,0.0070993,0.0212979,0.0070993,0.0212979,0.0070993
295,15888.4,0.3657,0.01679,0.02519,0.23056,0.82499,0.99946,1,0.995,0.91907,0.99946,1,0.995,0.995,0.46949,0.01258,0.00271,0.21994,0.83819,0.0212682,0.0070894,0.0212682,0.0070894,0.0212682,0.0070894,0.0212682,0.0070894
296,15940.6,0.36593,0.01635,0.02564,0.23532,0.81732,0.9994,1,0.995,0.91337,0.9994,1,0.995,0.995,0.4721,0.0132,0.00311,0.22471,0.84265,0.0212385,0.0070795,0.0212385,0.0070795,0.0212385,0.0070795,0.0212385,0.0070795
297,15994.8,0.36602,0.01871,0.02812,0.22897,0.8183,0.99964,1,0.995,0.91389,0.99964,1,0.995,0.995,0.46746,0.01349,0.00266,0.22541,0.84113,0.0212088,0.0070696,0.0212088,0.0070696,0.0212088,0.0070696,0.0212088,0.0070696
298,16047.9,0.35696,0.01516,0.02492,0.22703,0.81545,0.99952,1,0.995,0.91631,0.99952,1,0.995,0.995,0.47264,0.01408,0.00325,0.2293,0.83905,0.0211791,0.0070597,0.0211791,0.0070597,0.0211791,0.0070597,0.0211791,0.0070597
299,16101.7,0.36459,0.01614,0.02348,0.22776,0.81998,0.99932,1,0.995,0.91804,0.99932,1,0.995,0.995,0.47191,0.01416,0.00685,0.22226,0.83806,0.0211494,0.0070498,0.0211494,0.0070498,0.0211494,0.0070498,0.0211494,0.0070498
300,16154.2,0.36291,0.01579,0.02968,0.23037,0.81812,0.99933,1,0.995,0.91878,0.99933,1,0.995,0.995,0.46933,0.01439,0.00636,0.21737,0.83516,0.0211197,0.0070399,0.0211197,0.0070399,0.0211197,0.0070399,0.0211197,0.0070399
301,16207.8,0.36787,0.01497,0.02875,0.23501,0.82872,0.9993,1,0.995,0.91826,0.9993,1,0.995,0.995,0.46962,0.01456,0.00566,0.21677,0.83528,0.02109,0.00703,0.02109,0.00703,0.02109,0.00703,0.02109,0.00703
302,16261.7,0.36497,0.01752,0.02014,0.23021,0.81839,0.99926,1,0.995,0.91771,0.99926,1,0.995,0.995,0.46815,0.01542,0.00313,0.21605,0.83803,0.0210603,0.0070201,0.0210603,0.0070201,0.0210603,0.0070201,0.0210603,0.0070201
303,16316.9,0.35692,0.01481,0.02406,0.22598,0.82306,0.99932,1,0.995,0.91882,0.99932,1,0.995,0.995,0.4741,0.01468,0.00125,0.22064,0.8406,0.0210306,0.0070102,0.0210306,0.0070102,0.0210306,0.0070102,0.0210306,0.0070102
304,16370.9,0.35413,0.0145,0.02147,0.22479,0.82071,0.99926,1,0.995,0.92342,0.99926,1,0.995,0.995,0.46249,0.01485,0.00092,0.20787,0.84006,0.0210009,0.0070003,0.0210009,0.0070003,0.0210009,0.0070003,0.0210009,0.0070003
305,16423.3,0.37027,0.01785,0.02508,0.23458,0.81859,0.99911,1,0.995,0.92081,0.99911,1,0.995,0.995,0.45933,0.01431,0.00098,0.21092,0.8372,0.0209712,0.0069904,0.0209712,0.0069904,0.0209712,0.0069904,0.0209712,0.0069904
306,16476.7,0.36477,0.01566,0.02291,0.22926,0.81409,0.99918,1,0.995,0.91872,0.99918,1,0.995,0.995,0.45995,0.01293,0.00144,0.20488,0.83652,0.0209415,0.0069805,0.0209415,0.0069805,0.0209415,0.0069805,0.0209415,0.0069805
307,16529.2,0.35402,0.01557,0.02428,0.22466,0.81693,0.99932,1,0.995,0.91758,0.99932,1,0.995,0.995,0.46748,0.01213,0.0021,0.2055,0.83612,0.0209118,0.0069706,0.0209118,0.0069706,0.0209118,0.0069706,0.0209118,0.0069706
308,16582,0.36264,0.01732,0.02379,0.22947,0.81521,0.99941,1,0.995,0.91524,0.99941,1,0.995,0.995,0.47135,0.01104,0.00176,0.20387,0.83955,0.0208821,0.0069607,0.0208821,0.0069607,0.0208821,0.0069607,0.0208821,0.0069607
309,16635.7,0.36276,0.01773,0.02507,0.22912,0.82139,0.99923,1,0.995,0.91424,0.99923,1,0.995,0.995,0.47451,0.01106,0.00147,0.21926,0.84009,0.0208524,0.0069508,0.0208524,0.0069508,0.0208524,0.0069508,0.0208524,0.0069508
310,16687.8,0.35429,0.01666,0.02219,0.22645,0.81998,0.99913,1,0.995,0.91681,0.99913,1,0.995,0.995,0.4694,0.01116,0.00098,0.21323,0.83653,0.0208227,0.0069409,0.0208227,0.0069409,0.0208227,0.0069409,0.0208227,0.0069409
311,16740.1,0.35683,0.01607,0.01933,0.22769,0.81404,0.99915,1,0.995,0.91484,0.99915,1,0.995,0.995,0.47401,0.012,0.00083,0.2203,0.83712,0.020793,0.006931,0.020793,0.006931,0.020793,0.006931,0.020793,0.006931
312,16792.4,0.35679,0.01473,0.01862,0.22813,0.82271,0.99924,1,0.995,0.91707,0.99924,1,0.995,0.995,0.46829,0.0118,0.001,0.21786,0.83687,0.0207633,0.0069211,0.0207633,0.0069211,0.0207633,0.0069211,0.0207633,0.0069211
313,16845.5,0.35122,0.01836,0.02239,0.22282,0.81704,0.99932,1,0.995,0.91741,0.99932,1,0.995,0.995,0.46494,0.01153,0.00122,0.21521,0.83384,0.0207336,0.0069112,0.0207336,0.0069112,0.0207336,0.0069112,0.0207336,0.0069112
314,16899.5,0.35092,0.01566,0.02105,0.22351,0.81719,0.99928,1,0.995,0.9183,0.99928,1,0.995,0.995,0.47229,0.01117,0.00101,0.21368,0.83401,0.0207039,0.0069013,0.0207039,0.0069013,0.0207039,0.0069013,0.0207039,0.0069013
315,16951.5,0.36309,0.01649,0.02272,0.23309,0.8214,0.99932,1,0.995,0.9155,0.99932,1,0.995,0.995,0.4717,0.01153,0.00123,0.21025,0.83757,0.0206742,0.0068914,0.0206742,0.0068914,0.0206742,0.0068914,0.0206742,0.0068914
316,17004.2,0.35986,0.01605,0.02179,0.22746,0.81846,0.99951,1,0.995,0.91571,0.99951,1,0.995,0.995,0.46899,0.01362,0.0022,0.20882,0.84007,0.0206445,0.0068815,0.0206445,0.0068815,0.0206445,0.0068815,0.0206445,0.0068815
317,17056.3,0.35771,0.01507,0.02358,0.22952,0.81662,0.99935,1,0.995,0.91835,0.99935,1,0.995,0.995,0.46251,0.01207,0.00151,0.21293,0.83936,0.0206148,0.0068716,0.0206148,0.0068716,0.0206148,0.0068716,0.0206148,0.0068716
318,17108.7,0.35892,0.01453,0.02244,0.2278,0.82058,0.99929,1,0.995,0.91208,0.99929,1,0.995,0.995,0.45936,0.01191,0.00154,0.21207,0.83891,0.0205851,0.0068617,0.0205851,0.0068617,0.0205851,0.0068617,0.0205851,0.0068617
319,17160.9,0.3574,0.01597,0.01646,0.22951,0.81739,0.99917,1,0.995,0.90904,0.99917,1,0.995,0.995,0.45776,0.01258,0.00107,0.20876,0.84021,0.0205554,0.0068518,0.0205554,0.0068518,0.0205554,0.0068518,0.0205554,0.0068518
320,17213.4,0.35171,0.01671,0.02185,0.22897,0.81555,0.99918,1,0.995,0.91488,0.99918,1,0.995,0.995,0.46505,0.01273,0.00077,0.20386,0.84172,0.0205257,0.0068419,0.0205257,0.0068419,0.0205257,0.0068419,0.0205257,0.0068419
321,17265.7,0.36059,0.01699,0.02103,0.22818,0.81735,0.99924,1,0.995,0.91492,0.99924,1,0.995,0.995,0.46138,0.01216,0.00102,0.20695,0.84021,0.020496,0.006832,0.020496,0.006832,0.020496,0.006832,0.020496,0.006832
322,17317.9,0.35581,0.01514,0.01978,0.2268,0.82295,0.99925,1,0.995,0.91723,0.99925,1,0.995,0.995,0.46506,0.01241,0.001,0.20478,0.83863,0.0204663,0.0068221,0.0204663,0.0068221,0.0204663,0.0068221,0.0204663,0.0068221
323,17372.6,0.35781,0.01557,0.02448,0.22483,0.82081,0.99918,1,0.995,0.90742,0.99918,1,0.995,0.995,0.4691,0.01188,0.00103,0.21014,0.83979,0.0204366,0.0068122,0.0204366,0.0068122,0.0204366,0.0068122,0.0204366,0.0068122
324,17424.7,0.35262,0.01588,0.02086,0.22563,0.8173,0.99918,1,0.995,0.90729,0.99918,1,0.995,0.995,0.47179,0.01081,0.00094,0.20754,0.84193,0.0204069,0.0068023,0.0204069,0.0068023,0.0204069,0.0068023,0.0204069,0.0068023
325,17477,0.35335,0.0188,0.023,0.2274,0.81805,0.99922,1,0.995,0.91165,0.99922,1,0.995,0.995,0.46556,0.01105,0.0006,0.21123,0.83839,0.0203772,0.0067924,0.0203772,0.0067924,0.0203772,0.0067924,0.0203772,0.0067924
326,17529.7,0.34677,0.01665,0.02044,0.22317,0.8127,0.99912,1,0.995,0.91177,0.99912,1,0.995,0.995,0.46384,0.01119,0.00051,0.21676,0.84043,0.0203475,0.0067825,0.0203475,0.0067825,0.0203475,0.0067825,0.0203475,0.0067825
327,17582.4,0.34903,0.0157,0.02219,0.22213,0.81469,0.99908,1,0.995,0.91443,0.99908,1,0.995,0.995,0.46615,0.01139,0.00049,0.21294,0.84091,0.0203178,0.0067726,0.0203178,0.0067726,0.0203178,0.0067726,0.0203178,0.0067726
328,17634.9,0.34946,0.01801,0.02222,0.22222,0.818,0.99919,1,0.995,0.91474,0.99919,1,0.995,0.995,0.47652,0.01161,0.00044,0.21398,0.84235,0.0202881,0.0067627,0.0202881,0.0067627,0.0202881,0.0067627,0.0202881,0.0067627
329,17688.4,0.35076,0.01523,0.02333,0.22152,0.81741,0.99923,1,0.995,0.90888,0.99923,1,0.995,0.995,0.48496,0.0137,0.00062,0.2156,0.84445,0.0202584,0.0067528,0.0202584,0.0067528,0.0202584,0.0067528,0.0202584,0.0067528
330,17741.1,0.34382,0.0146,0.02042,0.21824,0.81311,0.99927,1,0.995,0.91475,0.99927,1,0.995,0.995,0.48064,0.01344,0.0007,0.20961,0.84431,0.0202287,0.0067429,0.0202287,0.0067429,0.0202287,0.0067429,0.0202287,0.0067429
331,17793.2,0.35249,0.01404,0.01761,0.22415,0.82058,0.99931,1,0.995,0.91293,0.99931,1,0.995,0.995,0.4814,0.01159,0.00067,0.21164,0.84425,0.020199,0.006733,0.020199,0.006733,0.020199,0.006733,0.020199,0.006733
332,17845.7,0.35038,0.01632,0.02288,0.22179,0.81818,0.99932,1,0.995,0.90992,0.99932,1,0.995,0.995,0.47746,0.01161,0.00078,0.20835,0.84177,0.0201693,0.0067231,0.0201693,0.0067231,0.0201693,0.0067231,0.0201693,0.0067231
333,17898.2,0.34398,0.01623,0.01812,0.22275,0.81294,0.99928,1,0.995,0.91018,0.99928,1,0.995,0.995,0.47863,0.01196,0.0008,0.20976,0.83955,0.0201396,0.0067132,0.0201396,0.0067132,0.0201396,0.0067132,0.0201396,0.0067132
334,17951.3,0.34105,0.01498,0.02019,0.22148,0.81552,0.99936,1,0.995,0.9094,0.99936,1,0.995,0.995,0.48052,0.01271,0.00095,0.2112,0.83897,0.0201099,0.0067033,0.0201099,0.0067033,0.0201099,0.0067033,0.0201099,0.0067033
335,18006,0.34532,0.01644,0.02137,0.21699,0.81632,0.99943,1,0.995,0.90853,0.99943,1,0.995,0.995,0.47498,0.01219,0.00103,0.21224,0.8405,0.0200802,0.0066934,0.0200802,0.0066934,0.0200802,0.0066934,0.0200802,0.0066934
336,18060.4,0.34303,0.01584,0.02627,0.2209,0.81485,0.99954,1,0.995,0.91046,0.99954,1,0.995,0.995,0.46862,0.01209,0.00065,0.21095,0.83779,0.0200505,0.0066835,0.0200505,0.0066835,0.0200505,0.0066835,0.0200505,0.0066835
337,18113.6,0.3462,0.01668,0.02654,0.22341,0.81993,0.99955,1,0.995,0.91517,0.99955,1,0.995,0.995,0.46697,0.01265,0.00077,0.2159,0.83802,0.0200208,0.0066736,0.0200208,0.0066736,0.0200208,0.0066736,0.0200208,0.0066736
338,18168.4,0.33976,0.01511,0.02015,0.22057,0.8136,0.9991,1,0.995,0.911,0.9991,1,0.995,0.995,0.48042,0.0125,0.0007,0.21366,0.83949,0.0199911,0.0066637,0.0199911,0.0066637,0.0199911,0.0066637,0.0199911,0.0066637
339,18223.6,0.3566,0.01838,0.02381,0.22745,0.81616,0.99963,1,0.995,0.91719,0.99963,1,0.995,0.995,0.47887,0.01225,0.00088,0.20802,0.8383,0.0199614,0.0066538,0.0199614,0.0066538,0.0199614,0.0066538,0.0199614,0.0066538
340,18277,0.34035,0.01645,0.0222,0.22036,0.81471,1,0.99952,0.995,0.91794,1,0.99952,0.995,0.995,0.47575,0.01252,0.00061,0.2153,0.83796,0.0199317,0.0066439,0.0199317,0.0066439,0.0199317,0.0066439,0.0199317,0.0066439
341,18329.9,0.34943,0.01956,0.02148,0.22053,0.81689,1,0.99928,0.995,0.91455,1,0.99928,0.995,0.995,0.48013,0.0122,0.00065,0.22048,0.83888,0.019902,0.006634,0.019902,0.006634,0.019902,0.006634,0.019902,0.006634
342,18382.9,0.34389,0.01554,0.02029,0.21485,0.81522,1,0.9995,0.995,0.91371,1,0.9995,0.995,0.995,0.4771,0.01277,0.00072,0.21464,0.84081,0.0198723,0.0066241,0.0198723,0.0066241,0.0198723,0.0066241,0.0198723,0.0066241
343,18436.8,0.34327,0.01675,0.01939,0.21935,0.81691,0.99899,1,0.995,0.9137,0.99899,1,0.995,0.995,0.47517,0.01262,0.00052,0.20462,0.84028,0.0198426,0.0066142,0.0198426,0.0066142,0.0198426,0.0066142,0.0198426,0.0066142
344,18489.6,0.3411,0.0151,0.02406,0.22072,0.81501,0.99916,1,0.995,0.91627,0.99916,1,0.995,0.995,0.4805,0.01255,0.00043,0.21147,0.83848,0.0198129,0.0066043,0.0198129,0.0066043,0.0198129,0.0066043,0.0198129,0.0066043
345,18543.4,0.34199,0.01487,0.02145,0.22144,0.80917,0.99925,1,0.995,0.91727,0.99925,1,0.995,0.995,0.47254,0.01234,0.00041,0.20626,0.83852,0.0197832,0.0065944,0.0197832,0.0065944,0.0197832,0.0065944,0.0197832,0.0065944
346,18596.8,0.34148,0.01378,0.02245,0.22053,0.81199,0.99936,1,0.995,0.91111,0.99936,1,0.995,0.995,0.46597,0.01256,0.00028,0.20554,0.83752,0.0197535,0.0065845,0.0197535,0.0065845,0.0197535,0.0065845,0.0197535,0.0065845
347,18649.7,0.33922,0.02055,0.02611,0.22242,0.81852,0.9994,1,0.995,0.91751,0.9994,1,0.995,0.995,0.4566,0.01267,0.00037,0.20629,0.83932,0.0197238,0.0065746,0.0197238,0.0065746,0.0197238,0.0065746,0.0197238,0.0065746
348,18703.2,0.34234,0.01613,0.01855,0.21992,0.82072,0.99954,1,0.995,0.91629,0.99954,1,0.995,0.995,0.45807,0.0125,0.00047,0.20418,0.83928,0.0196941,0.0065647,0.0196941,0.0065647,0.0196941,0.0065647,0.0196941,0.0065647
349,18756,0.34619,0.01573,0.01961,0.22099,0.81142,0.99964,1,0.995,0.91686,0.99964,1,0.995,0.995,0.46291,0.01239,0.00033,0.21336,0.83661,0.0196644,0.0065548,0.0196644,0.0065548,0.0196644,0.0065548,0.0196644,0.0065548
350,18809.4,0.33527,0.01574,0.01867,0.21538,0.81529,0.99947,1,0.995,0.9204,0.99947,1,0.995,0.995,0.45755,0.01233,0.0003,0.2058,0.83716,0.0196347,0.0065449,0.0196347,0.0065449,0.0196347,0.0065449,0.0196347,0.0065449
351,18861.9,0.34419,0.01485,0.02274,0.21749,0.81248,0.99941,1,0.995,0.91528,0.99941,1,0.995,0.995,0.4603,0.01219,0.00028,0.20885,0.83894,0.019605,0.006535,0.019605,0.006535,0.019605,0.006535,0.019605,0.006535
352,18915.4,0.33352,0.0149,0.01967,0.21555,0.80923,0.99935,1,0.995,0.91613,0.99935,1,0.995,0.995,0.46184,0.01247,0.0003,0.20937,0.84172,0.0195753,0.0065251,0.0195753,0.0065251,0.0195753,0.0065251,0.0195753,0.0065251
353,18968.3,0.34532,0.01476,0.02455,0.22268,0.81579,0.99935,1,0.995,0.92066,0.99935,1,0.995,0.995,0.45723,0.01257,0.00034,0.2043,0.83953,0.0195456,0.0065152,0.0195456,0.0065152,0.0195456,0.0065152,0.0195456,0.0065152
354,19021.7,0.338,0.01412,0.02249,0.21751,0.81337,0.99935,1,0.995,0.91471,0.99935,1,0.995,0.995,0.46211,0.01263,0.00028,0.20359,0.83861,0.0195159,0.0065053,0.0195159,0.0065053,0.0195159,0.0065053,0.0195159,0.0065053
355,19074.5,0.33616,0.01678,0.01908,0.21835,0.81594,0.99928,1,0.995,0.91429,0.99928,1,0.995,0.995,0.46772,0.01288,0.00024,0.20166,0.83918,0.0194862,0.0064954,0.0194862,0.0064954,0.0194862,0.0064954,0.0194862,0.0064954
356,19127.9,0.33802,0.01377,0.0236,0.2172,0.81848,0.99919,1,0.995,0.915,0.99919,1,0.995,0.995,0.47154,0.01225,0.00026,0.20469,0.84173,0.0194565,0.0064855,0.0194565,0.0064855,0.0194565,0.0064855,0.0194565,0.0064855
357,19181.1,0.34433,0.01527,0.01995,0.21998,0.80948,0.99915,1,0.995,0.91466,0.99915,1,0.995,0.995,0.47605,0.01184,0.00032,0.20025,0.84236,0.0194268,0.0064756,0.0194268,0.0064756,0.0194268,0.0064756,0.0194268,0.0064756
358,19234.8,0.34524,0.01472,0.02122,0.21989,0.81534,0.99907,1,0.995,0.90981,0.99907,1,0.995,0.995,0.47776,0.0118,0.0003,0.20066,0.8434,0.0193971,0.0064657,0.0193971,0.0064657,0.0193971,0.0064657,0.0193971,0.0064657
359,19289.1,0.34075,0.01454,0.02456,0.22089,0.81703,0.99903,1,0.995,0.91122,0.99903,1,0.995,0.995,0.48488,0.01213,0.00033,0.20723,0.84594,0.0193674,0.0064558,0.0193674,0.0064558,0.0193674,0.0064558,0.0193674,0.0064558
360,19342,0.33815,0.01558,0.02429,0.22108,0.81952,0.99906,1,0.995,0.9091,0.99906,1,0.995,0.995,0.48519,0.01294,0.00039,0.21196,0.84358,0.0193377,0.0064459,0.0193377,0.0064459,0.0193377,0.0064459,0.0193377,0.0064459
361,19395.6,0.33599,0.01364,0.02393,0.21978,0.81622,0.99895,1,0.995,0.91085,0.99895,1,0.995,0.995,0.48564,0.0121,0.00029,0.20902,0.84332,0.019308,0.006436,0.019308,0.006436,0.019308,0.006436,0.019308,0.006436
362,19448.7,0.33374,0.01403,0.02221,0.21467,0.81165,0.9989,1,0.995,0.91204,0.9989,1,0.995,0.995,0.48211,0.01187,0.00028,0.20563,0.84241,0.0192783,0.0064261,0.0192783,0.0064261,0.0192783,0.0064261,0.0192783,0.0064261
363,19502.1,0.33739,0.01469,0.02476,0.21913,0.81679,0.9989,1,0.995,0.91317,0.9989,1,0.995,0.995,0.48153,0.01229,0.00032,0.20931,0.84057,0.0192486,0.0064162,0.0192486,0.0064162,0.0192486,0.0064162,0.0192486,0.0064162
364,19555,0.33502,0.01381,0.0206,0.21715,0.8187,0.99891,1,0.995,0.91572,0.99891,1,0.995,0.995,0.48214,0.01132,0.00028,0.21508,0.84054,0.0192189,0.0064063,0.0192189,0.0064063,0.0192189,0.0064063,0.0192189,0.0064063
365,19608.5,0.33567,0.01487,0.02271,0.21661,0.81638,0.99902,1,0.995,0.9119,0.99902,1,0.995,0.995,0.49029,0.01145,0.00029,0.21329,0.84288,0.0191892,0.0063964,0.0191892,0.0063964,0.0191892,0.0063964,0.0191892,0.0063964
366,19661.3,0.34142,0.01488,0.0243,0.21972,0.81346,0.99915,1,0.995,0.91441,0.99915,1,0.995,0.995,0.47966,0.0109,0.00029,0.21622,0.84245,0.0191595,0.0063865,0.0191595,0.0063865,0.0191595,0.0063865,0.0191595,0.0063865
367,19714.6,0.3322,0.01449,0.0221,0.2139,0.81143,0.99912,1,0.995,0.91266,0.99912,1,0.995,0.995,0.47862,0.01055,0.0003,0.20806,0.84306,0.0191298,0.0063766,0.0191298,0.0063766,0.0191298,0.0063766,0.0191298,0.0063766
368,19769.8,0.33003,0.01553,0.02146,0.2138,0.81375,0.99911,1,0.995,0.91117,0.99911,1,0.995,0.995,0.48229,0.01067,0.00026,0.20965,0.84172,0.0191001,0.0063667,0.0191001,0.0063667,0.0191001,0.0063667,0.0191001,0.0063667
369,19822.6,0.33659,0.01637,0.01915,0.21752,0.81318,0.99911,1,0.995,0.91283,0.99911,1,0.995,0.995,0.48435,0.0107,0.00025,0.21541,0.84279,0.0190704,0.0063568,0.0190704,0.0063568,0.0190704,0.0063568,0.0190704,0.0063568
370,19876.4,0.33366,0.01635,0.02019,0.21599,0.81484,0.99916,1,0.995,0.91336,0.99916,1,0.995,0.995,0.47865,0.01207,0.0003,0.21123,0.84184,0.0190407,0.0063469,0.0190407,0.0063469,0.0190407,0.0063469,0.0190407,0.0063469
371,19929.3,0.32847,0.01384,0.01857,0.21389,0.81028,0.99909,1,0.995,0.91359,0.99909,1,0.995,0.995,0.47878,0.01307,0.00029,0.20746,0.84285,0.019011,0.006337,0.019011,0.006337,0.019011,0.006337,0.019011,0.006337
372,19983.3,0.33919,0.01384,0.01871,0.21926,0.81332,0.99904,1,0.995,0.91433,0.99904,1,0.995,0.995,0.47818,0.01335,0.00029,0.20883,0.84385,0.0189813,0.0063271,0.0189813,0.0063271,0.0189813,0.0063271,0.0189813,0.0063271
373,20036.6,0.3351,0.0141,0.02091,0.21669,0.81269,0.99906,1,0.995,0.91175,0.99906,1,0.995,0.995,0.48589,0.01366,0.00029,0.20495,0.84414,0.0189516,0.0063172,0.0189516,0.0063172,0.0189516,0.0063172,0.0189516,0.0063172
374,20090.5,0.33451,0.01383,0.01859,0.21598,0.81019,0.99909,1,0.995,0.90273,0.99909,1,0.995,0.995,0.48442,0.01381,0.00035,0.20483,0.84435,0.0189219,0.0063073,0.0189219,0.0063073,0.0189219,0.0063073,0.0189219,0.0063073
375,20144.2,0.33305,0.01532,0.01838,0.21556,0.8112,0.99909,1,0.995,0.91038,0.99909,1,0.995,0.995,0.47419,0.01281,0.00029,0.19991,0.84395,0.0188922,0.0062974,0.0188922,0.0062974,0.0188922,0.0062974,0.0188922,0.0062974
376,20197.8,0.33251,0.0155,0.02012,0.21835,0.81314,0.9991,1,0.995,0.91291,0.9991,1,0.995,0.995,0.47058,0.01269,0.00036,0.20249,0.84478,0.0188625,0.0062875,0.0188625,0.0062875,0.0188625,0.0062875,0.0188625,0.0062875
377,20251.1,0.33112,0.01407,0.02108,0.21651,0.80926,0.99908,1,0.995,0.9134,0.99908,1,0.995,0.995,0.47105,0.01266,0.00035,0.21254,0.84408,0.0188328,0.0062776,0.0188328,0.0062776,0.0188328,0.0062776,0.0188328,0.0062776
378,20305.4,0.32374,0.01421,0.01876,0.20963,0.80671,0.99911,1,0.995,0.91151,0.99911,1,0.995,0.995,0.47315,0.01343,0.00068,0.21079,0.84427,0.0188031,0.0062677,0.0188031,0.0062677,0.0188031,0.0062677,0.0188031,0.0062677
379,20362.8,0.33347,0.01543,0.02245,0.21586,0.81438,0.99916,1,0.995,0.91509,0.99916,1,0.995,0.995,0.47197,0.01201,0.00045,0.21166,0.84479,0.0187734,0.0062578,0.0187734,0.0062578,0.0187734,0.0062578,0.0187734,0.0062578
380,20418.4,0.32699,0.01369,0.01898,0.21349,0.81329,0.99916,1,0.995,0.91405,0.99916,1,0.995,0.995,0.46841,0.0116,0.00042,0.20401,0.84336,0.0187437,0.0062479,0.0187437,0.0062479,0.0187437,0.0062479,0.0187437,0.0062479
381,20473.7,0.32919,0.01495,0.02011,0.21349,0.81135,0.99925,1,0.995,0.91609,0.99925,1,0.995,0.995,0.46474,0.01228,0.00072,0.20749,0.84098,0.018714,0.006238,0.018714,0.006238,0.018714,0.006238,0.018714,0.006238
382,20527,0.33329,0.01435,0.0239,0.21755,0.81578,0.99929,1,0.995,0.91213,0.99929,1,0.995,0.995,0.46823,0.01304,0.00085,0.20631,0.84184,0.0186843,0.0062281,0.0186843,0.0062281,0.0186843,0.0062281,0.0186843,0.0062281
383,20580.6,0.33122,0.01389,0.01853,0.21458,0.81337,0.99941,1,0.995,0.91169,0.99941,1,0.995,0.995,0.47044,0.01345,0.00091,0.20454,0.84201,0.0186546,0.0062182,0.0186546,0.0062182,0.0186546,0.0062182,0.0186546,0.0062182
384,20635.7,0.33667,0.01336,0.01971,0.21607,0.82084,0.99971,1,0.995,0.91435,0.99971,1,0.995,0.995,0.46221,0.01254,0.00049,0.20896,0.84166,0.0186249,0.0062083,0.0186249,0.0062083,0.0186249,0.0062083,0.0186249,0.0062083
385,20689.2,0.32875,0.01378,0.02125,0.21427,0.81055,1,0.99957,0.995,0.91413,1,0.99957,0.995,0.995,0.46539,0.01279,0.00051,0.20745,0.84086,0.0185952,0.0061984,0.0185952,0.0061984,0.0185952,0.0061984,0.0185952,0.0061984
386,20742.5,0.32029,0.01285,0.01842,0.2111,0.80883,1,0.99936,0.995,0.91545,1,0.99936,0.995,0.995,0.46688,0.01523,0.00094,0.21172,0.84041,0.0185655,0.0061885,0.0185655,0.0061885,0.0185655,0.0061885,0.0185655,0.0061885
387,20796.6,0.32754,0.01452,0.02062,0.21403,0.80917,1,0.99939,0.995,0.91257,1,0.99939,0.995,0.995,0.46818,0.0139,0.00056,0.21271,0.84064,0.0185358,0.0061786,0.0185358,0.0061786,0.0185358,0.0061786,0.0185358,0.0061786
388,20850.6,0.3271,0.01376,0.01731,0.2106,0.80552,1,0.99953,0.995,0.91102,1,0.99953,0.995,0.995,0.46631,0.01477,0.00108,0.21106,0.84024,0.0185061,0.0061687,0.0185061,0.0061687,0.0185061,0.0061687,0.0185061,0.0061687
389,20903.2,0.32878,0.01586,0.02706,0.21552,0.81414,1,0.99999,0.995,0.9104,1,0.99999,0.995,0.995,0.46624,0.01559,0.00109,0.20727,0.83935,0.0184764,0.0061588,0.0184764,0.0061588,0.0184764,0.0061588,0.0184764,0.0061588
390,20957.1,0.31803,0.01597,0.01895,0.21096,0.80638,0.99955,1,0.995,0.91461,0.99955,1,0.995,0.995,0.46242,0.01494,0.00093,0.20199,0.83867,0.0184467,0.0061489,0.0184467,0.0061489,0.0184467,0.0061489,0.0184467,0.0061489
391,21010.1,0.32384,0.01444,0.01972,0.21167,0.80863,0.99943,1,0.995,0.91859,0.99943,1,0.995,0.995,0.45759,0.01317,0.00067,0.19883,0.83828,0.018417,0.006139,0.018417,0.006139,0.018417,0.006139,0.018417,0.006139
392,21064,0.33272,0.0151,0.01893,0.21355,0.81888,0.9993,1,0.995,0.91852,0.9993,1,0.995,0.995,0.4561,0.01295,0.00049,0.19389,0.83814,0.0183873,0.0061291,0.0183873,0.0061291,0.0183873,0.0061291,0.0183873,0.0061291
393,21117.3,0.32711,0.01559,0.02343,0.21065,0.80911,0.99926,1,0.995,0.91627,0.99926,1,0.995,0.995,0.45514,0.01248,0.00032,0.19511,0.8379,0.0183576,0.0061192,0.0183576,0.0061192,0.0183576,0.0061192,0.0183576,0.0061192
394,21171.4,0.31663,0.01234,0.02343,0.20867,0.81477,0.99924,1,0.995,0.91667,0.99924,1,0.995,0.995,0.45435,0.01215,0.0003,0.19817,0.83805,0.0183279,0.0061093,0.0183279,0.0061093,0.0183279,0.0061093,0.0183279,0.0061093
395,21224.7,0.32278,0.01302,0.01905,0.206,0.81029,0.9992,1,0.995,0.91521,0.9992,1,0.995,0.995,0.45507,0.01179,0.00031,0.19945,0.83725,0.0182982,0.0060994,0.0182982,0.0060994,0.0182982,0.0060994,0.0182982,0.0060994
396,21278.7,0.3289,0.01372,0.02187,0.21258,0.80984,0.9992,1,0.995,0.91648,0.9992,1,0.995,0.995,0.45826,0.01148,0.00032,0.19528,0.83746,0.0182685,0.0060895,0.0182685,0.0060895,0.0182685,0.0060895,0.0182685,0.0060895
397,21333.1,0.32814,0.01536,0.02132,0.21567,0.80817,0.99919,1,0.995,0.91912,0.99919,1,0.995,0.995,0.46052,0.0114,0.00031,0.19696,0.83904,0.0182388,0.0060796,0.0182388,0.0060796,0.0182388,0.0060796,0.0182388,0.0060796
398,21385.5,0.32079,0.01315,0.01568,0.2085,0.81181,0.99917,1,0.995,0.92049,0.99917,1,0.995,0.995,0.46288,0.01119,0.00031,0.19699,0.84061,0.0182091,0.0060697,0.0182091,0.0060697,0.0182091,0.0060697,0.0182091,0.0060697
399,21439.2,0.32342,0.01248,0.01517,0.20891,0.81909,0.99914,1,0.995,0.92014,0.99914,1,0.995,0.995,0.46253,0.01091,0.00033,0.19741,0.84031,0.0181794,0.0060598,0.0181794,0.0060598,0.0181794,0.0060598,0.0181794,0.0060598
400,21492.1,0.31546,0.01285,0.01678,0.20732,0.81033,0.99915,1,0.995,0.91913,0.99915,1,0.995,0.995,0.4619,0.011,0.00033,0.19799,0.84047,0.0181497,0.0060499,0.0181497,0.0060499,0.0181497,0.0060499,0.0181497,0.0060499
401,21548.4,0.32326,0.01352,0.01976,0.20706,0.80778,0.99918,1,0.995,0.91797,0.99918,1,0.995,0.995,0.46604,0.01138,0.00036,0.1999,0.84015,0.01812,0.00604,0.01812,0.00604,0.01812,0.00604,0.01812,0.00604
402,21605.7,0.33046,0.01492,0.01735,0.21114,0.81321,0.99918,1,0.995,0.91785,0.99918,1,0.995,0.995,0.46685,0.01293,0.00041,0.19839,0.83968,0.0180903,0.0060301,0.0180903,0.0060301,0.0180903,0.0060301,0.0180903,0.0060301
403,21659.1,0.31625,0.01434,0.02787,0.20843,0.80699,0.99921,1,0.995,0.91615,0.99921,1,0.995,0.995,0.46436,0.01326,0.00044,0.20015,0.83834,0.0180606,0.0060202,0.0180606,0.0060202,0.0180606,0.0060202,0.0180606,0.0060202
404,21713,0.31454,0.01371,0.01814,0.20531,0.8111,0.99924,1,0.995,0.91749,0.99924,1,0.995,0.995,0.45816,0.01332,0.00046,0.19393,0.83705,0.0180309,0.0060103,0.0180309,0.0060103,0.0180309,0.0060103,0.0180309,0.0060103
405,21766.7,0.32683,0.01394,0.01755,0.20994,0.81024,0.99924,1,0.995,0.92082,0.99924,1,0.995,0.995,0.46068,0.01333,0.00046,0.20173,0.8367,0.0180012,0.0060004,0.0180012,0.0060004,0.0180012,0.0060004,0.0180012,0.0060004
406,21821.2,0.32153,0.01344,0.01795,0.20879,0.80565,0.99925,1,0.995,0.92203,0.99925,1,0.995,0.995,0.45872,0.01396,0.00054,0.20442,0.83652,0.0179715,0.0059905,0.0179715,0.0059905,0.0179715,0.0059905,0.0179715,0.0059905
407,21874.7,0.31668,0.01293,0.01989,0.20568,0.81322,0.99923,1,0.995,0.92367,0.99923,1,0.995,0.995,0.45582,0.01401,0.00054,0.1965,0.83664,0.0179418,0.0059806,0.0179418,0.0059806,0.0179418,0.0059806,0.0179418,0.0059806
408,21928.7,0.32769,0.01483,0.02439,0.20916,0.81282,0.99922,1,0.995,0.92782,0.99922,1,0.995,0.995,0.46006,0.01365,0.00056,0.19783,0.83717,0.0179121,0.0059707,0.0179121,0.0059707,0.0179121,0.0059707,0.0179121,0.0059707
409,21982.3,0.31406,0.01398,0.02011,0.20848,0.81539,0.99922,1,0.995,0.92144,0.99922,1,0.995,0.995,0.46448,0.01417,0.00054,0.20019,0.83779,0.0178824,0.0059608,0.0178824,0.0059608,0.0178824,0.0059608,0.0178824,0.0059608
410,22035.7,0.31955,0.0125,0.01806,0.20575,0.80836,0.99922,1,0.995,0.91585,0.99922,1,0.995,0.995,0.46713,0.01387,0.00073,0.205,0.83835,0.0178527,0.0059509,0.0178527,0.0059509,0.0178527,0.0059509,0.0178527,0.0059509
411,22089.2,0.31868,0.01376,0.0202,0.20514,0.80733,0.99912,1,0.995,0.91701,0.99912,1,0.995,0.995,0.46799,0.01362,0.00077,0.2108,0.83949,0.017823,0.005941,0.017823,0.005941,0.017823,0.005941,0.017823,0.005941
412,22141.8,0.31682,0.01386,0.01467,0.2065,0.80832,0.9991,1,0.995,0.91448,0.9991,1,0.995,0.995,0.46993,0.01354,0.00081,0.20654,0.83946,0.0177933,0.0059311,0.0177933,0.0059311,0.0177933,0.0059311,0.0177933,0.0059311
413,22195.6,0.31852,0.01411,0.01785,0.20572,0.81065,0.99914,1,0.995,0.9119,0.99914,1,0.995,0.995,0.47007,0.01369,0.00086,0.20863,0.83874,0.0177636,0.0059212,0.0177636,0.0059212,0.0177636,0.0059212,0.0177636,0.0059212
414,22249.2,0.31473,0.01509,0.0175,0.20817,0.80835,0.9991,1,0.995,0.91065,0.9991,1,0.995,0.995,0.47118,0.01391,0.00091,0.20366,0.83866,0.0177339,0.0059113,0.0177339,0.0059113,0.0177339,0.0059113,0.0177339,0.0059113
415,22302.9,0.31868,0.01418,0.0195,0.20671,0.81225,0.99918,1,0.995,0.91729,0.99918,1,0.995,0.995,0.47283,0.01248,0.00044,0.19794,0.8381,0.0177042,0.0059014,0.0177042,0.0059014,0.0177042,0.0059014,0.0177042,0.0059014
416,22356.2,0.31838,0.01466,0.01839,0.20527,0.80526,0.99924,1,0.995,0.91749,0.99924,1,0.995,0.995,0.47436,0.01258,0.00045,0.20133,0.83814,0.0176745,0.0058915,0.0176745,0.0058915,0.0176745,0.0058915,0.0176745,0.0058915
417,22409.6,0.32031,0.01528,0.01743,0.20701,0.81192,0.99924,1,0.995,0.91899,0.99924,1,0.995,0.995,0.47283,0.01406,0.00076,0.20304,0.83664,0.0176448,0.0058816,0.0176448,0.0058816,0.0176448,0.0058816,0.0176448,0.0058816
418,22461.8,0.31228,0.01222,0.01753,0.20635,0.80951,0.99923,1,0.995,0.92133,0.99923,1,0.995,0.995,0.46812,0.01372,0.00073,0.20567,0.83553,0.0176151,0.0058717,0.0176151,0.0058717,0.0176151,0.0058717,0.0176151,0.0058717
419,22515.9,0.32085,0.01302,0.0235,0.20631,0.81279,0.99923,1,0.995,0.92508,0.99923,1,0.995,0.995,0.46145,0.0133,0.00083,0.20026,0.83449,0.0175854,0.0058618,0.0175854,0.0058618,0.0175854,0.0058618,0.0175854,0.0058618
420,22569.4,0.315,0.01318,0.01738,0.20435,0.80841,0.99923,1,0.995,0.92126,0.99923,1,0.995,0.995,0.46034,0.01325,0.00097,0.1986,0.83591,0.0175557,0.0058519,0.0175557,0.0058519,0.0175557,0.0058519,0.0175557,0.0058519
421,22622.8,0.31686,0.01404,0.01572,0.20757,0.81295,0.99919,1,0.995,0.92098,0.99919,1,0.995,0.995,0.46064,0.01315,0.00101,0.19318,0.83673,0.017526,0.005842,0.017526,0.005842,0.017526,0.005842,0.017526,0.005842
422,22676.6,0.31872,0.01358,0.02356,0.20774,0.81208,0.99917,1,0.995,0.92236,0.99917,1,0.995,0.995,0.45895,0.01305,0.00103,0.19827,0.83704,0.0174963,0.0058321,0.0174963,0.0058321,0.0174963,0.0058321,0.0174963,0.0058321
423,22730,0.32379,0.01254,0.01664,0.2139,0.81767,0.99919,1,0.995,0.92027,0.99919,1,0.995,0.995,0.45657,0.01306,0.001,0.19769,0.83643,0.0174666,0.0058222,0.0174666,0.0058222,0.0174666,0.0058222,0.0174666,0.0058222
424,22783.8,0.31116,0.01302,0.01763,0.2075,0.8071,0.99918,1,0.995,0.91904,0.99918,1,0.995,0.995,0.45777,0.01339,0.00118,0.19735,0.83682,0.0174369,0.0058123,0.0174369,0.0058123,0.0174369,0.0058123,0.0174369,0.0058123
425,22836.6,0.31629,0.01477,0.01866,0.2097,0.81136,0.99917,1,0.995,0.91546,0.99917,1,0.995,0.995,0.46202,0.01352,0.00106,0.19698,0.83788,0.0174072,0.0058024,0.0174072,0.0058024,0.0174072,0.0058024,0.0174072,0.0058024
426,22890.3,0.30915,0.01377,0.02238,0.20192,0.808,0.99916,1,0.995,0.91201,0.99916,1,0.995,0.995,0.46536,0.01357,0.00089,0.19698,0.83896,0.0173775,0.0057925,0.0173775,0.0057925,0.0173775,0.0057925,0.0173775,0.0057925
427,22943.8,0.30603,0.01279,0.01996,0.20234,0.80449,0.99916,1,0.995,0.91262,0.99916,1,0.995,0.995,0.46775,0.01348,0.00086,0.19443,0.83952,0.0173478,0.0057826,0.0173478,0.0057826,0.0173478,0.0057826,0.0173478,0.0057826
428,22998.8,0.31241,0.01442,0.01975,0.2034,0.80723,0.99916,1,0.995,0.91616,0.99916,1,0.995,0.995,0.46766,0.01353,0.00079,0.1948,0.83971,0.0173181,0.0057727,0.0173181,0.0057727,0.0173181,0.0057727,0.0173181,0.0057727
429,23052.7,0.3113,0.01387,0.02242,0.20532,0.80742,0.99917,1,0.995,0.91903,0.99917,1,0.995,0.995,0.46985,0.01357,0.00076,0.19723,0.84076,0.0172884,0.0057628,0.0172884,0.0057628,0.0172884,0.0057628,0.0172884,0.0057628
430,23106.4,0.31093,0.01254,0.0173,0.20383,0.80733,0.99919,1,0.995,0.92,0.99919,1,0.995,0.995,0.47374,0.01165,0.00037,0.20097,0.84086,0.0172587,0.0057529,0.0172587,0.0057529,0.0172587,0.0057529,0.0172587,0.0057529
431,23159.9,0.31368,0.0141,0.02286,0.20463,0.80907,0.99921,1,0.995,0.91742,0.99921,1,0.995,0.995,0.47288,0.01157,0.00037,0.20842,0.84056,0.017229,0.005743,0.017229,0.005743,0.017229,0.005743,0.017229,0.005743
432,23213.2,0.31598,0.01338,0.02068,0.2081,0.81328,0.99923,1,0.995,0.91806,0.99923,1,0.995,0.995,0.4715,0.01137,0.00037,0.20814,0.83995,0.0171993,0.0057331,0.0171993,0.0057331,0.0171993,0.0057331,0.0171993,0.0057331
433,23267,0.31092,0.01409,0.01833,0.20334,0.8106,0.99925,1,0.995,0.92064,0.99925,1,0.995,0.995,0.4676,0.01134,0.00037,0.19978,0.83944,0.0171696,0.0057232,0.0171696,0.0057232,0.0171696,0.0057232,0.0171696,0.0057232
434,23320.1,0.30914,0.0138,0.01689,0.2009,0.80813,0.99928,1,0.995,0.91982,0.99928,1,0.995,0.995,0.46836,0.01124,0.00031,0.19817,0.83925,0.0171399,0.0057133,0.0171399,0.0057133,0.0171399,0.0057133,0.0171399,0.0057133
435,23373.4,0.31395,0.01336,0.02197,0.20841,0.81457,0.99931,1,0.995,0.92129,0.99931,1,0.995,0.995,0.46815,0.01118,0.0003,0.20012,0.83827,0.0171102,0.0057034,0.0171102,0.0057034,0.0171102,0.0057034,0.0171102,0.0057034
436,23428.3,0.31255,0.01337,0.01839,0.20444,0.81435,0.99934,1,0.995,0.91898,0.99934,1,0.995,0.995,0.466,0.01099,0.00032,0.20171,0.83679,0.0170805,0.0056935,0.0170805,0.0056935,0.0170805,0.0056935,0.0170805,0.0056935
437,23483.3,0.30074,0.01237,0.01787,0.20012,0.80938,0.99932,1,0.995,0.92034,0.99932,1,0.995,0.995,0.46574,0.01093,0.00034,0.20415,0.83595,0.0170508,0.0056836,0.0170508,0.0056836,0.0170508,0.0056836,0.0170508,0.0056836
438,23538.7,0.30712,0.01282,0.01977,0.20453,0.80832,0.99931,1,0.995,0.91748,0.99931,1,0.995,0.995,0.46316,0.01072,0.00033,0.20398,0.83528,0.0170211,0.0056737,0.0170211,0.0056737,0.0170211,0.0056737,0.0170211,0.0056737
439,23595.8,0.31169,0.013,0.01635,0.20523,0.81,0.99931,1,0.995,0.91752,0.99931,1,0.995,0.995,0.46507,0.01059,0.00032,0.20444,0.83594,0.0169914,0.0056638,0.0169914,0.0056638,0.0169914,0.0056638,0.0169914,0.0056638
440,23649.6,0.30603,0.01349,0.01965,0.20072,0.80578,0.99932,1,0.995,0.91766,0.99932,1,0.995,0.995,0.46266,0.01045,0.00032,0.20333,0.8364,0.0169617,0.0056539,0.0169617,0.0056539,0.0169617,0.0056539,0.0169617,0.0056539
441,23703.7,0.30936,0.0129,0.01595,0.20522,0.80728,0.99928,1,0.995,0.92073,0.99928,1,0.995,0.995,0.45882,0.0105,0.00034,0.19835,0.83755,0.016932,0.005644,0.016932,0.005644,0.016932,0.005644,0.016932,0.005644
442,23757.6,0.30692,0.01339,0.01888,0.20219,0.8099,0.99926,1,0.995,0.91913,0.99926,1,0.995,0.995,0.45863,0.01052,0.00031,0.20092,0.83811,0.0169023,0.0056341,0.0169023,0.0056341,0.0169023,0.0056341,0.0169023,0.0056341
443,23814,0.30088,0.01115,0.0173,0.20017,0.80654,0.99926,1,0.995,0.91787,0.99926,1,0.995,0.995,0.45445,0.01081,0.00028,0.19477,0.83777,0.0168726,0.0056242,0.0168726,0.0056242,0.0168726,0.0056242,0.0168726,0.0056242
444,23867.9,0.30465,0.01259,0.01969,0.20556,0.80482,0.99927,1,0.995,0.91912,0.99927,1,0.995,0.995,0.45943,0.01093,0.00028,0.19492,0.8385,0.0168429,0.0056143,0.0168429,0.0056143,0.0168429,0.0056143,0.0168429,0.0056143
445,23922.6,0.30395,0.01186,0.01536,0.20247,0.80542,0.99926,1,0.995,0.92095,0.99926,1,0.995,0.995,0.45501,0.01175,0.00032,0.19086,0.83768,0.0168132,0.0056044,0.0168132,0.0056044,0.0168132,0.0056044,0.0168132,0.0056044
446,23977.9,0.30715,0.01239,0.01879,0.20233,0.80762,0.99922,1,0.995,0.92062,0.99922,1,0.995,0.995,0.45862,0.01154,0.00034,0.19761,0.83778,0.0167835,0.0055945,0.0167835,0.0055945,0.0167835,0.0055945,0.0167835,0.0055945
447,24031.4,0.30218,0.01398,0.02376,0.19811,0.80354,0.9992,1,0.995,0.92292,0.9992,1,0.995,0.995,0.45605,0.01149,0.00033,0.19394,0.83866,0.0167538,0.0055846,0.0167538,0.0055846,0.0167538,0.0055846,0.0167538,0.0055846
448,24085.5,0.30176,0.01228,0.01936,0.20263,0.81047,0.99917,1,0.995,0.92455,0.99917,1,0.995,0.995,0.45209,0.01145,0.00034,0.19274,0.83872,0.0167241,0.0055747,0.0167241,0.0055747,0.0167241,0.0055747,0.0167241,0.0055747
449,24138.5,0.29926,0.01118,0.02018,0.19897,0.80543,0.99917,1,0.995,0.92027,0.99917,1,0.995,0.995,0.45074,0.01135,0.00039,0.19015,0.8392,0.0166944,0.0055648,0.0166944,0.0055648,0.0166944,0.0055648,0.0166944,0.0055648
450,24191.9,0.30478,0.01262,0.01802,0.20122,0.80663,0.99917,1,0.995,0.91985,0.99917,1,0.995,0.995,0.44977,0.01066,0.00039,0.19175,0.83946,0.0166647,0.0055549,0.0166647,0.0055549,0.0166647,0.0055549,0.0166647,0.0055549
451,24246.2,0.2979,0.01178,0.01662,0.19796,0.80669,0.99914,1,0.995,0.91819,0.99914,1,0.995,0.995,0.45021,0.01053,0.00039,0.1899,0.83999,0.016635,0.005545,0.016635,0.005545,0.016635,0.005545,0.016635,0.005545
452,24298.9,0.3022,0.01293,0.01766,0.20057,0.80735,0.9991,1,0.995,0.9179,0.9991,1,0.995,0.995,0.4531,0.01058,0.00039,0.19107,0.84033,0.0166053,0.0055351,0.0166053,0.0055351,0.0166053,0.0055351,0.0166053,0.0055351
453,24352.7,0.30454,0.01298,0.01683,0.19913,0.80458,0.99909,1,0.995,0.91669,0.99909,1,0.995,0.995,0.45541,0.01056,0.00038,0.18879,0.84077,0.0165756,0.0055252,0.0165756,0.0055252,0.0165756,0.0055252,0.0165756,0.0055252
454,24405.1,0.3018,0.01493,0.02274,0.19844,0.81049,0.99907,1,0.995,0.91797,0.99907,1,0.995,0.995,0.45645,0.01047,0.00041,0.1889,0.84089,0.0165459,0.0055153,0.0165459,0.0055153,0.0165459,0.0055153,0.0165459,0.0055153
455,24459.6,0.29969,0.01155,0.01824,0.19977,0.80209,0.99909,1,0.995,0.92137,0.99909,1,0.995,0.995,0.45754,0.01067,0.00044,0.19309,0.84173,0.0165162,0.0055054,0.0165162,0.0055054,0.0165162,0.0055054,0.0165162,0.0055054
456,24513.4,0.30431,0.01355,0.01852,0.20147,0.80972,0.99907,1,0.995,0.91955,0.99907,1,0.995,0.995,0.45895,0.01066,0.00045,0.18987,0.8419,0.0164865,0.0054955,0.0164865,0.0054955,0.0164865,0.0054955,0.0164865,0.0054955
457,24566.8,0.29785,0.01294,0.02057,0.19693,0.80903,0.99909,1,0.995,0.91893,0.99909,1,0.995,0.995,0.459,0.01052,0.00038,0.19393,0.84229,0.0164568,0.0054856,0.0164568,0.0054856,0.0164568,0.0054856,0.0164568,0.0054856
458,24621.3,0.30066,0.01232,0.01949,0.19843,0.80443,0.99913,1,0.995,0.91719,0.99913,1,0.995,0.995,0.45738,0.01216,0.00036,0.19739,0.84291,0.0164271,0.0054757,0.0164271,0.0054757,0.0164271,0.0054757,0.0164271,0.0054757
459,24674.1,0.30372,0.01295,0.01943,0.19978,0.81181,0.99913,1,0.995,0.92068,0.99913,1,0.995,0.995,0.45745,0.01226,0.00034,0.19644,0.84338,0.0163974,0.0054658,0.0163974,0.0054658,0.0163974,0.0054658,0.0163974,0.0054658
460,24728.4,0.31034,0.01535,0.018,0.20375,0.80821,0.99914,1,0.995,0.92015,0.99914,1,0.995,0.995,0.45668,0.01229,0.00036,0.19597,0.8437,0.0163677,0.0054559,0.0163677,0.0054559,0.0163677,0.0054559,0.0163677,0.0054559
461,24781.5,0.31094,0.01262,0.01733,0.20412,0.80965,0.99916,1,0.995,0.9191,0.99916,1,0.995,0.995,0.4576,0.01218,0.00033,0.19427,0.8445,0.016338,0.005446,0.016338,0.005446,0.016338,0.005446,0.016338,0.005446
462,24835.3,0.30059,0.01285,0.02058,0.19703,0.80818,0.99914,1,0.995,0.91654,0.99914,1,0.995,0.995,0.45745,0.01203,0.00031,0.19087,0.84465,0.0163083,0.0054361,0.0163083,0.0054361,0.0163083,0.0054361,0.0163083,0.0054361
463,24888.4,0.29818,0.01288,0.02309,0.19571,0.80708,0.99915,1,0.995,0.91639,0.99915,1,0.995,0.995,0.45571,0.0122,0.00032,0.19058,0.84453,0.0162786,0.0054262,0.0162786,0.0054262,0.0162786,0.0054262,0.0162786,0.0054262
464,24942.1,0.30216,0.0132,0.02007,0.19819,0.81074,0.9992,1,0.995,0.91614,0.9992,1,0.995,0.995,0.45638,0.0123,0.00031,0.19557,0.84403,0.0162489,0.0054163,0.0162489,0.0054163,0.0162489,0.0054163,0.0162489,0.0054163
465,24999.3,0.30223,0.01481,0.01703,0.20028,0.80291,0.9992,1,0.995,0.92324,0.9992,1,0.995,0.995,0.45678,0.01251,0.00029,0.19483,0.84376,0.0162192,0.0054064,0.0162192,0.0054064,0.0162192,0.0054064,0.0162192,0.0054064
466,25052.3,0.29768,0.01303,0.01949,0.1946,0.80412,0.99919,1,0.995,0.92256,0.99919,1,0.995,0.995,0.45631,0.01268,0.0003,0.19297,0.84376,0.0161895,0.0053965,0.0161895,0.0053965,0.0161895,0.0053965,0.0161895,0.0053965
467,25106.6,0.30666,0.01192,0.01911,0.19854,0.80966,0.99917,1,0.995,0.91948,0.99917,1,0.995,0.995,0.4594,0.01285,0.00032,0.19614,0.84331,0.0161598,0.0053866,0.0161598,0.0053866,0.0161598,0.0053866,0.0161598,0.0053866
468,25160.1,0.29932,0.01239,0.01901,0.19794,0.8091,0.99917,1,0.995,0.92096,0.99917,1,0.995,0.995,0.45993,0.013,0.00031,0.20036,0.84301,0.0161301,0.0053767,0.0161301,0.0053767,0.0161301,0.0053767,0.0161301,0.0053767
469,25213.8,0.29914,0.01331,0.01851,0.19475,0.80392,0.99919,1,0.995,0.92007,0.99919,1,0.995,0.995,0.46089,0.01301,0.00032,0.19966,0.84271,0.0161004,0.0053668,0.0161004,0.0053668,0.0161004,0.0053668,0.0161004,0.0053668
470,25266.4,0.30109,0.01354,0.02307,0.2013,0.80991,0.99919,1,0.995,0.91948,0.99919,1,0.995,0.995,0.46107,0.01297,0.00035,0.19777,0.84303,0.0160707,0.0053569,0.0160707,0.0053569,0.0160707,0.0053569,0.0160707,0.0053569
471,25319.8,0.30116,0.01271,0.02009,0.1984,0.80599,0.99919,1,0.995,0.92015,0.99919,1,0.995,0.995,0.45863,0.01309,0.0004,0.19796,0.84237,0.016041,0.005347,0.016041,0.005347,0.016041,0.005347,0.016041,0.005347
472,25376.9,0.2968,0.01131,0.02052,0.1952,0.80289,0.9992,1,0.995,0.91897,0.9992,1,0.995,0.995,0.45605,0.01308,0.00045,0.19278,0.84203,0.0160113,0.0053371,0.0160113,0.0053371,0.0160113,0.0053371,0.0160113,0.0053371
473,25434.2,0.29606,0.01274,0.02017,0.19573,0.80093,0.99918,1,0.995,0.91899,0.99918,1,0.995,0.995,0.4564,0.01305,0.00051,0.19255,0.84245,0.0159816,0.0053272,0.0159816,0.0053272,0.0159816,0.0053272,0.0159816,0.0053272
474,25492.7,0.30441,0.01503,0.02203,0.2151,0.81114,0.99918,1,0.995,0.91871,0.99918,1,0.995,0.995,0.45647,0.01313,0.00057,0.19598,0.84297,0.0159519,0.0053173,0.0159519,0.0053173,0.0159519,0.0053173,0.0159519,0.0053173
475,25547.2,0.29986,0.01426,0.02136,0.19853,0.81124,0.99918,1,0.995,0.91913,0.99918,1,0.995,0.995,0.45589,0.0132,0.00061,0.19592,0.8424,0.0159222,0.0053074,0.0159222,0.0053074,0.0159222,0.0053074,0.0159222,0.0053074
476,25601.8,0.30283,0.01222,0.01689,0.19923,0.80781,0.9992,1,0.995,0.92068,0.9992,1,0.995,0.995,0.45493,0.01313,0.00059,0.19191,0.84202,0.0158925,0.0052975,0.0158925,0.0052975,0.0158925,0.0052975,0.0158925,0.0052975
477,25655,0.29485,0.01335,0.01988,0.19534,0.80016,0.99919,1,0.995,0.92032,0.99919,1,0.995,0.995,0.45381,0.01321,0.00055,0.19018,0.84202,0.0158628,0.0052876,0.0158628,0.0052876,0.0158628,0.0052876,0.0158628,0.0052876
478,25709.1,0.29844,0.01382,0.01906,0.19682,0.80488,0.99918,1,0.995,0.92117,0.99918,1,0.995,0.995,0.45342,0.01322,0.00051,0.19342,0.84197,0.0158331,0.0052777,0.0158331,0.0052777,0.0158331,0.0052777,0.0158331,0.0052777
479,25762.2,0.2967,0.01164,0.01547,0.19513,0.80335,0.99919,1,0.995,0.9215,0.99919,1,0.995,0.995,0.45124,0.01341,0.00049,0.19157,0.8415,0.0158034,0.0052678,0.0158034,0.0052678,0.0158034,0.0052678,0.0158034,0.0052678
480,25816.5,0.29188,0.01175,0.01563,0.19379,0.80212,0.99919,1,0.995,0.91922,0.99919,1,0.995,0.995,0.44939,0.01341,0.00048,0.1888,0.84089,0.0157737,0.0052579,0.0157737,0.0052579,0.0157737,0.0052579,0.0157737,0.0052579
481,25869.6,0.29477,0.01368,0.02095,0.19252,0.80147,0.9992,1,0.995,0.92132,0.9992,1,0.995,0.995,0.44879,0.01344,0.00048,0.19044,0.84074,0.015744,0.005248,0.015744,0.005248,0.015744,0.005248,0.015744,0.005248
482,25924,0.28821,0.01147,0.01989,0.19105,0.79983,0.99919,1,0.995,0.92124,0.99919,1,0.995,0.995,0.44763,0.01167,0.00047,0.18706,0.84013,0.0157143,0.0052381,0.0157143,0.0052381,0.0157143,0.0052381,0.0157143,0.0052381
483,25977.8,0.30173,0.01245,0.01918,0.19859,0.80396,0.9992,1,0.995,0.91888,0.9992,1,0.995,0.995,0.44672,0.01176,0.00044,0.18728,0.83973,0.0156846,0.0052282,0.0156846,0.0052282,0.0156846,0.0052282,0.0156846,0.0052282
484,26033,0.2965,0.01262,0.01749,0.19652,0.80779,0.9992,1,0.995,0.91902,0.9992,1,0.995,0.995,0.44751,0.01186,0.00041,0.18749,0.83963,0.0156549,0.0052183,0.0156549,0.0052183,0.0156549,0.0052183,0.0156549,0.0052183
485,26087,0.301,0.01204,0.01619,0.19833,0.80453,0.99918,1,0.995,0.91836,0.99918,1,0.995,0.995,0.44837,0.01189,0.00041,0.18766,0.83933,0.0156252,0.0052084,0.0156252,0.0052084,0.0156252,0.0052084,0.0156252,0.0052084
486,26140.4,0.29879,0.01282,0.01879,0.19591,0.811,0.99916,1,0.995,0.91823,0.99916,1,0.995,0.995,0.44877,0.01198,0.00039,0.19085,0.83958,0.0155955,0.0051985,0.0155955,0.0051985,0.0155955,0.0051985,0.0155955,0.0051985
487,26194.5,0.29689,0.01416,0.02178,0.19224,0.8037,0.99916,1,0.995,0.9191,0.99916,1,0.995,0.995,0.45115,0.01198,0.00035,0.19271,0.83967,0.0155658,0.0051886,0.0155658,0.0051886,0.0155658,0.0051886,0.0155658,0.0051886
488,26248.3,0.29534,0.01488,0.0206,0.19656,0.80545,0.99913,1,0.995,0.92118,0.99913,1,0.995,0.995,0.45038,0.01201,0.00033,0.19393,0.83958,0.0155361,0.0051787,0.0155361,0.0051787,0.0155361,0.0051787,0.0155361,0.0051787
489,26303.7,0.29357,0.01406,0.01467,0.19344,0.80577,0.9991,1,0.995,0.92048,0.9991,1,0.995,0.995,0.4493,0.0121,0.0003,0.1945,0.83948,0.0155064,0.0051688,0.0155064,0.0051688,0.0155064,0.0051688,0.0155064,0.0051688
490,26356.8,0.29975,0.01232,0.02222,0.19593,0.81002,0.99909,1,0.995,0.92615,0.99909,1,0.995,0.995,0.45242,0.01374,0.00029,0.19555,0.83938,0.0154767,0.0051589,0.0154767,0.0051589,0.0154767,0.0051589,0.0154767,0.0051589
491,26409.9,0.29651,0.01258,0.02418,0.19487,0.80277,0.99903,1,0.995,0.92203,0.99903,1,0.995,0.995,0.45274,0.01379,0.00031,0.1942,0.83959,0.015447,0.005149,0.015447,0.005149,0.015447,0.005149,0.015447,0.005149
492,26463.9,0.28876,0.01063,0.01838,0.19266,0.80337,0.99903,1,0.995,0.92555,0.99903,1,0.995,0.995,0.45361,0.01394,0.00032,0.19581,0.83993,0.0154173,0.0051391,0.0154173,0.0051391,0.0154173,0.0051391,0.0154173,0.0051391
493,26517,0.29733,0.01157,0.02166,0.19558,0.81106,0.99904,1,0.995,0.92452,0.99904,1,0.995,0.995,0.45645,0.014,0.00033,0.19016,0.83972,0.0153876,0.0051292,0.0153876,0.0051292,0.0153876,0.0051292,0.0153876,0.0051292
494,26571.7,0.29116,0.01162,0.01852,0.19191,0.80427,0.99905,1,0.995,0.92307,0.99905,1,0.995,0.995,0.4564,0.01404,0.00038,0.19324,0.83986,0.0153579,0.0051193,0.0153579,0.0051193,0.0153579,0.0051193,0.0153579,0.0051193
495,26624.8,0.29357,0.01199,0.02195,0.19519,0.80062,0.99904,1,0.995,0.92448,0.99904,1,0.995,0.995,0.45631,0.01399,0.00044,0.18937,0.83969,0.0153282,0.0051094,0.0153282,0.0051094,0.0153282,0.0051094,0.0153282,0.0051094
496,26681.3,0.28839,0.01351,0.01737,0.19025,0.80628,0.99904,1,0.995,0.92474,0.99904,1,0.995,0.995,0.45613,0.01387,0.00044,0.19179,0.83935,0.0152985,0.0050995,0.0152985,0.0050995,0.0152985,0.0050995,0.0152985,0.0050995
497,26737.1,0.29145,0.01334,0.01784,0.19254,0.80689,0.99903,1,0.995,0.92479,0.99903,1,0.995,0.995,0.45591,0.01389,0.00042,0.19108,0.83897,0.0152688,0.0050896,0.0152688,0.0050896,0.0152688,0.0050896,0.0152688,0.0050896
498,26793,0.29184,0.01197,0.01741,0.19203,0.80779,0.999,1,0.995,0.92347,0.999,1,0.995,0.995,0.45819,0.01391,0.00039,0.19442,0.83934,0.0152391,0.0050797,0.0152391,0.0050797,0.0152391,0.0050797,0.0152391,0.0050797
499,26848.3,0.287,0.01433,0.01632,0.18981,0.80323,0.99902,1,0.995,0.92361,0.99902,1,0.995,0.995,0.4595,0.01406,0.00038,0.19727,0.83956,0.0152094,0.0050698,0.0152094,0.0050698,0.0152094,0.0050698,0.0152094,0.0050698
500,26907.3,0.28818,0.01157,0.01798,0.19159,0.80153,0.99902,1,0.995,0.9233,0.99902,1,0.995,0.995,0.46018,0.01403,0.00036,0.19763,0.83987,0.0151797,0.0050599,0.0151797,0.0050599,0.0151797,0.0050599,0.0151797,0.0050599
501,26961.7,0.28419,0.0109,0.01379,0.18885,0.80018,0.99904,1,0.995,0.92338,0.99904,1,0.995,0.995,0.4588,0.01404,0.00034,0.19381,0.83984,0.01515,0.00505,0.01515,0.00505,0.01515,0.00505,0.01515,0.00505
502,27013.9,0.28739,0.01301,0.01616,0.19012,0.80335,0.99906,1,0.995,0.92238,0.99906,1,0.995,0.995,0.46045,0.01405,0.00032,0.19445,0.84032,0.0151203,0.0050401,0.0151203,0.0050401,0.0151203,0.0050401,0.0151203,0.0050401
503,27069.8,0.28903,0.01184,0.01817,0.19153,0.80284,0.99907,1,0.995,0.92315,0.99907,1,0.995,0.995,0.46121,0.01408,0.00033,0.19572,0.84029,0.0150906,0.0050302,0.0150906,0.0050302,0.0150906,0.0050302,0.0150906,0.0050302
504,27125.2,0.28935,0.01287,0.02072,0.19153,0.80846,0.99908,1,0.995,0.92059,0.99908,1,0.995,0.995,0.46141,0.01404,0.00032,0.19611,0.84015,0.0150609,0.0050203,0.0150609,0.0050203,0.0150609,0.0050203,0.0150609,0.0050203
505,27179.1,0.29188,0.01104,0.01905,0.19363,0.80206,0.99909,1,0.995,0.92068,0.99909,1,0.995,0.995,0.46182,0.01392,0.00032,0.19758,0.84009,0.0150312,0.0050104,0.0150312,0.0050104,0.0150312,0.0050104,0.0150312,0.0050104
506,27234.4,0.29006,0.01084,0.01744,0.19169,0.80624,0.99911,1,0.995,0.92084,0.99911,1,0.995,0.995,0.46313,0.01379,0.00034,0.19677,0.84013,0.0150015,0.0050005,0.0150015,0.0050005,0.0150015,0.0050005,0.0150015,0.0050005
507,27290.8,0.2889,0.0132,0.01363,0.19192,0.80169,0.99913,1,0.995,0.92236,0.99913,1,0.995,0.995,0.46477,0.01369,0.00034,0.19737,0.84035,0.0149718,0.0049906,0.0149718,0.0049906,0.0149718,0.0049906,0.0149718,0.0049906
508,27345.4,0.29392,0.01312,0.01629,0.19422,0.80949,0.99916,1,0.995,0.92239,0.99916,1,0.995,0.995,0.46783,0.01359,0.00035,0.20208,0.84039,0.0149421,0.0049807,0.0149421,0.0049807,0.0149421,0.0049807,0.0149421,0.0049807
509,27400.6,0.29207,0.01284,0.01905,0.19293,0.80584,0.99915,1,0.995,0.92202,0.99915,1,0.995,0.995,0.46931,0.01357,0.00033,0.20111,0.84043,0.0149124,0.0049708,0.0149124,0.0049708,0.0149124,0.0049708,0.0149124,0.0049708
510,27452.8,0.28589,0.0108,0.01651,0.18927,0.79987,0.99917,1,0.995,0.91932,0.99917,1,0.995,0.995,0.47142,0.01347,0.00033,0.20037,0.83999,0.0148827,0.0049609,0.0148827,0.0049609,0.0148827,0.0049609,0.0148827,0.0049609
511,27505.1,0.28242,0.01154,0.01904,0.18858,0.80704,0.99916,1,0.995,0.91956,0.99916,1,0.995,0.995,0.47179,0.01337,0.00031,0.19901,0.83971,0.014853,0.004951,0.014853,0.004951,0.014853,0.004951,0.014853,0.004951
512,27560,0.29022,0.0114,0.01899,0.19021,0.80406,0.99918,1,0.995,0.91901,0.99918,1,0.995,0.995,0.47145,0.0132,0.00029,0.19951,0.83966,0.0148233,0.0049411,0.0148233,0.0049411,0.0148233,0.0049411,0.0148233,0.0049411
513,27612.4,0.28988,0.013,0.01948,0.19135,0.80872,0.99917,1,0.995,0.92233,0.99917,1,0.995,0.995,0.47097,0.01312,0.00027,0.20128,0.83944,0.0147936,0.0049312,0.0147936,0.0049312,0.0147936,0.0049312,0.0147936,0.0049312
514,27666.2,0.29182,0.01211,0.01853,0.19161,0.80182,0.99915,1,0.995,0.9212,0.99915,1,0.995,0.995,0.47073,0.01313,0.00027,0.20212,0.83976,0.0147639,0.0049213,0.0147639,0.0049213,0.0147639,0.0049213,0.0147639,0.0049213
515,27719.3,0.28549,0.01123,0.01951,0.18875,0.80672,0.99916,1,0.995,0.92008,0.99916,1,0.995,0.995,0.47027,0.01322,0.00026,0.1953,0.8394,0.0147342,0.0049114,0.0147342,0.0049114,0.0147342,0.0049114,0.0147342,0.0049114
516,27772.8,0.28471,0.01252,0.01745,0.19009,0.80668,0.99914,1,0.995,0.92556,0.99914,1,0.995,0.995,0.46971,0.01345,0.00024,0.19776,0.83911,0.0147045,0.0049015,0.0147045,0.0049015,0.0147045,0.0049015,0.0147045,0.0049015
517,27825,0.28763,0.01306,0.01537,0.19178,0.80755,0.99916,1,0.995,0.92381,0.99916,1,0.995,0.995,0.46988,0.01353,0.00024,0.19763,0.83906,0.0146748,0.0048916,0.0146748,0.0048916,0.0146748,0.0048916,0.0146748,0.0048916
518,27878.1,0.28888,0.01167,0.01901,0.1899,0.80104,0.99915,1,0.995,0.92276,0.99915,1,0.995,0.995,0.46865,0.01373,0.00022,0.19835,0.8383,0.0146451,0.0048817,0.0146451,0.0048817,0.0146451,0.0048817,0.0146451,0.0048817
519,27931.5,0.28303,0.01074,0.01805,0.18966,0.80501,0.99915,1,0.995,0.92283,0.99915,1,0.995,0.995,0.46578,0.01364,0.00021,0.19656,0.83719,0.0146154,0.0048718,0.0146154,0.0048718,0.0146154,0.0048718,0.0146154,0.0048718
520,27984.2,0.28749,0.01207,0.01992,0.1921,0.80298,0.99915,1,0.995,0.92264,0.99915,1,0.995,0.995,0.4654,0.01362,0.00022,0.19677,0.83669,0.0145857,0.0048619,0.0145857,0.0048619,0.0145857,0.0048619,0.0145857,0.0048619
521,28037.5,0.28073,0.01302,0.01721,0.18549,0.7972,0.99915,1,0.995,0.92374,0.99915,1,0.995,0.995,0.46533,0.01352,0.00022,0.1935,0.83786,0.014556,0.004852,0.014556,0.004852,0.014556,0.004852,0.014556,0.004852
522,28092.4,0.27793,0.01139,0.01799,0.18573,0.80396,0.99916,1,0.995,0.92391,0.99916,1,0.995,0.995,0.46636,0.0133,0.00025,0.19199,0.83798,0.0145263,0.0048421,0.0145263,0.0048421,0.0145263,0.0048421,0.0145263,0.0048421
523,28146.2,0.28332,0.0112,0.01716,0.19142,0.80427,0.99917,1,0.995,0.92429,0.99917,1,0.995,0.995,0.46585,0.01342,0.00024,0.19452,0.83748,0.0144966,0.0048322,0.0144966,0.0048322,0.0144966,0.0048322,0.0144966,0.0048322
524,28200.9,0.27556,0.01016,0.02077,0.18477,0.80497,0.99919,1,0.995,0.92318,0.99919,1,0.995,0.995,0.46513,0.01347,0.00025,0.19087,0.83735,0.0144669,0.0048223,0.0144669,0.0048223,0.0144669,0.0048223,0.0144669,0.0048223
525,28258.5,0.28312,0.0121,0.01703,0.19012,0.80687,0.99918,1,0.995,0.92397,0.99918,1,0.995,0.995,0.4652,0.01341,0.00025,0.19198,0.83772,0.0144372,0.0048124,0.0144372,0.0048124,0.0144372,0.0048124,0.0144372,0.0048124
526,28311.5,0.28542,0.01388,0.0179,0.19332,0.8122,0.99918,1,0.995,0.92402,0.99918,1,0.995,0.995,0.46568,0.01337,0.00025,0.19097,0.83775,0.0144075,0.0048025,0.0144075,0.0048025,0.0144075,0.0048025,0.0144075,0.0048025
527,28365.9,0.28591,0.01179,0.0176,0.19283,0.80391,0.99918,1,0.995,0.92212,0.99918,1,0.995,0.995,0.46514,0.01321,0.00027,0.19269,0.83784,0.0143778,0.0047926,0.0143778,0.0047926,0.0143778,0.0047926,0.0143778,0.0047926
528,28419,0.28156,0.01222,0.02632,0.1875,0.80425,0.99918,1,0.995,0.91955,0.99918,1,0.995,0.995,0.46284,0.01321,0.00027,0.19373,0.83798,0.0143481,0.0047827,0.0143481,0.0047827,0.0143481,0.0047827,0.0143481,0.0047827
529,28473,0.27846,0.01222,0.01631,0.18587,0.79853,0.99919,1,0.995,0.91951,0.99919,1,0.995,0.995,0.4622,0.01315,0.00026,0.1935,0.83796,0.0143184,0.0047728,0.0143184,0.0047728,0.0143184,0.0047728,0.0143184,0.0047728
530,28526.4,0.28504,0.01518,0.01674,0.19047,0.80472,0.99919,1,0.995,0.92091,0.99919,1,0.995,0.995,0.46193,0.01329,0.00024,0.19187,0.83814,0.0142887,0.0047629,0.0142887,0.0047629,0.0142887,0.0047629,0.0142887,0.0047629
531,28579.7,0.28023,0.01122,0.01888,0.18567,0.80509,0.99919,1,0.995,0.92358,0.99919,1,0.995,0.995,0.46146,0.0132,0.00026,0.1919,0.83865,0.014259,0.004753,0.014259,0.004753,0.014259,0.004753,0.014259,0.004753
532,28634.8,0.28077,0.01037,0.01565,0.18448,0.79948,0.9992,1,0.995,0.9223,0.9992,1,0.995,0.995,0.46264,0.01311,0.00027,0.19069,0.83875,0.0142293,0.0047431,0.0142293,0.0047431,0.0142293,0.0047431,0.0142293,0.0047431
533,28687.3,0.27873,0.01322,0.01814,0.18428,0.80006,0.99921,1,0.995,0.92098,0.99921,1,0.995,0.995,0.46171,0.01304,0.00026,0.19023,0.8393,0.0141996,0.0047332,0.0141996,0.0047332,0.0141996,0.0047332,0.0141996,0.0047332
534,28742.1,0.27954,0.01303,0.01967,0.1866,0.80362,0.99921,1,0.995,0.92512,0.99921,1,0.995,0.995,0.46081,0.01309,0.00026,0.19111,0.83954,0.0141699,0.0047233,0.0141699,0.0047233,0.0141699,0.0047233,0.0141699,0.0047233
535,28795.3,0.27378,0.01173,0.01847,0.18261,0.80325,0.99922,1,0.995,0.92321,0.99922,1,0.995,0.995,0.46234,0.01305,0.00027,0.19533,0.84,0.0141402,0.0047134,0.0141402,0.0047134,0.0141402,0.0047134,0.0141402,0.0047134
536,28849.2,0.27992,0.01127,0.01747,0.18779,0.80214,0.99922,1,0.995,0.92083,0.99922,1,0.995,0.995,0.46111,0.013,0.00027,0.19496,0.84026,0.0141105,0.0047035,0.0141105,0.0047035,0.0141105,0.0047035,0.0141105,0.0047035
537,28902.9,0.28383,0.01158,0.01795,0.18676,0.80655,0.99922,1,0.995,0.92441,0.99922,1,0.995,0.995,0.461,0.01299,0.00026,0.19258,0.84023,0.0140808,0.0046936,0.0140808,0.0046936,0.0140808,0.0046936,0.0140808,0.0046936
538,28956.8,0.27424,0.0112,0.01676,0.18567,0.80023,0.99922,1,0.995,0.92395,0.99922,1,0.995,0.995,0.4602,0.01307,0.00024,0.19433,0.83979,0.0140511,0.0046837,0.0140511,0.0046837,0.0140511,0.0046837,0.0140511,0.0046837
539,29009.9,0.27514,0.01012,0.02103,0.18518,0.80523,0.99922,1,0.995,0.92123,0.99922,1,0.995,0.995,0.45952,0.01305,0.00024,0.19314,0.83959,0.0140214,0.0046738,0.0140214,0.0046738,0.0140214,0.0046738,0.0140214,0.0046738
540,29064.1,0.28188,0.01074,0.01912,0.18796,0.80431,0.99922,1,0.995,0.92134,0.99922,1,0.995,0.995,0.45843,0.01297,0.00024,0.19179,0.83919,0.0139917,0.0046639,0.0139917,0.0046639,0.0139917,0.0046639,0.0139917,0.0046639
541,29119.2,0.28123,0.01102,0.01861,0.18774,0.80425,0.99922,1,0.995,0.9216,0.99922,1,0.995,0.995,0.45826,0.01305,0.00023,0.19099,0.83918,0.013962,0.004654,0.013962,0.004654,0.013962,0.004654,0.013962,0.004654
542,29172.1,0.26397,0.01234,0.01721,0.18,0.80108,0.99924,1,0.995,0.92234,0.99924,1,0.995,0.995,0.45692,0.01309,0.00023,0.19353,0.83886,0.0139323,0.0046441,0.0139323,0.0046441,0.0139323,0.0046441,0.0139323,0.0046441
543,29226.6,0.28137,0.01113,0.01548,0.18895,0.80111,0.99924,1,0.995,0.92341,0.99924,1,0.995,0.995,0.45643,0.01318,0.00025,0.19333,0.83864,0.0139026,0.0046342,0.0139026,0.0046342,0.0139026,0.0046342,0.0139026,0.0046342
544,29279.7,0.28197,0.01053,0.01986,0.18554,0.80395,0.99924,1,0.995,0.92035,0.99924,1,0.995,0.995,0.45434,0.01318,0.00027,0.1928,0.83839,0.0138729,0.0046243,0.0138729,0.0046243,0.0138729,0.0046243,0.0138729,0.0046243
545,29333.9,0.27149,0.01105,0.01818,0.1816,0.80423,0.99924,1,0.995,0.91949,0.99924,1,0.995,0.995,0.45475,0.01316,0.00026,0.19165,0.83826,0.0138432,0.0046144,0.0138432,0.0046144,0.0138432,0.0046144,0.0138432,0.0046144
546,29387.5,0.27483,0.01113,0.01624,0.18453,0.80007,0.99922,1,0.995,0.92354,0.99922,1,0.995,0.995,0.45454,0.01308,0.00026,0.19147,0.83817,0.0138135,0.0046045,0.0138135,0.0046045,0.0138135,0.0046045,0.0138135,0.0046045
547,29440.9,0.27726,0.01105,0.02105,0.18639,0.80479,0.99924,1,0.995,0.92377,0.99924,1,0.995,0.995,0.45456,0.01313,0.00026,0.18849,0.83827,0.0137838,0.0045946,0.0137838,0.0045946,0.0137838,0.0045946,0.0137838,0.0045946
548,29494.6,0.27784,0.01007,0.01646,0.18478,0.79939,0.99923,1,0.995,0.92361,0.99923,1,0.995,0.995,0.45497,0.01323,0.00026,0.19083,0.83822,0.0137541,0.0045847,0.0137541,0.0045847,0.0137541,0.0045847,0.0137541,0.0045847
549,29550.7,0.27273,0.01219,0.01741,0.18252,0.80375,0.99922,1,0.995,0.9236,0.99922,1,0.995,0.995,0.45548,0.01321,0.00025,0.19093,0.83814,0.0137244,0.0045748,0.0137244,0.0045748,0.0137244,0.0045748,0.0137244,0.0045748
550,29605.7,0.27773,0.01167,0.0145,0.18494,0.80444,0.99923,1,0.995,0.9236,0.99923,1,0.995,0.995,0.45555,0.01324,0.00024,0.19004,0.83835,0.0136947,0.0045649,0.0136947,0.0045649,0.0136947,0.0045649,0.0136947,0.0045649
551,29659.7,0.27404,0.01338,0.01806,0.18565,0.80169,0.99923,1,0.995,0.92411,0.99923,1,0.995,0.995,0.4537,0.01318,0.00023,0.19274,0.83819,0.013665,0.004555,0.013665,0.004555,0.013665,0.004555,0.013665,0.004555
552,29713.7,0.2788,0.01185,0.0168,0.18573,0.80643,0.99924,1,0.995,0.9246,0.99924,1,0.995,0.995,0.45406,0.0132,0.00023,0.19191,0.83838,0.0136353,0.0045451,0.0136353,0.0045451,0.0136353,0.0045451,0.0136353,0.0045451
553,29766.4,0.27376,0.01121,0.01709,0.20041,0.79751,0.99922,1,0.995,0.92122,0.99922,1,0.995,0.995,0.45455,0.01327,0.00022,0.1918,0.83855,0.0136056,0.0045352,0.0136056,0.0045352,0.0136056,0.0045352,0.0136056,0.0045352
554,29820.3,0.28058,0.01256,0.01554,0.19038,0.80693,0.99922,1,0.995,0.92188,0.99922,1,0.995,0.995,0.45491,0.01327,0.00022,0.19386,0.83867,0.0135759,0.0045253,0.0135759,0.0045253,0.0135759,0.0045253,0.0135759,0.0045253
555,29873.8,0.27827,0.01033,0.02004,0.1842,0.80523,0.99922,1,0.995,0.92165,0.99922,1,0.995,0.995,0.45525,0.01532,0.00025,0.19455,0.83884,0.0135462,0.0045154,0.0135462,0.0045154,0.0135462,0.0045154,0.0135462,0.0045154
556,29926.9,0.27678,0.01098,0.01729,0.18455,0.80337,0.99922,1,0.995,0.92092,0.99922,1,0.995,0.995,0.45349,0.0154,0.00026,0.19214,0.8388,0.0135165,0.0045055,0.0135165,0.0045055,0.0135165,0.0045055,0.0135165,0.0045055
557,29980,0.27233,0.01125,0.01727,0.18376,0.80628,0.99922,1,0.995,0.92091,0.99922,1,0.995,0.995,0.4532,0.01539,0.00026,0.1939,0.83874,0.0134868,0.0044956,0.0134868,0.0044956,0.0134868,0.0044956,0.0134868,0.0044956
558,30034.1,0.26844,0.01047,0.01515,0.18229,0.79535,0.99922,1,0.995,0.92247,0.99922,1,0.995,0.995,0.45241,0.0154,0.00026,0.19138,0.8387,0.0134571,0.0044857,0.0134571,0.0044857,0.0134571,0.0044857,0.0134571,0.0044857
559,30088.8,0.27884,0.01074,0.01426,0.18427,0.80166,0.99922,1,0.995,0.92114,0.99922,1,0.995,0.995,0.4539,0.01324,0.00023,0.19466,0.83855,0.0134274,0.0044758,0.0134274,0.0044758,0.0134274,0.0044758,0.0134274,0.0044758
560,30141.6,0.27592,0.01168,0.01421,0.18353,0.80043,0.99922,1,0.995,0.92139,0.99922,1,0.995,0.995,0.4534,0.01324,0.00023,0.19379,0.83852,0.0133977,0.0044659,0.0133977,0.0044659,0.0133977,0.0044659,0.0133977,0.0044659
561,30197.6,0.26954,0.01051,0.01593,0.1829,0.79899,0.99922,1,0.995,0.91987,0.99922,1,0.995,0.995,0.45293,0.01321,0.00023,0.19613,0.83864,0.013368,0.004456,0.013368,0.004456,0.013368,0.004456,0.013368,0.004456
562,30255.1,0.27903,0.01267,0.01827,0.18741,0.80327,0.99921,1,0.995,0.92272,0.99921,1,0.995,0.995,0.45355,0.01314,0.00023,0.19463,0.83895,0.0133383,0.0044461,0.0133383,0.0044461,0.0133383,0.0044461,0.0133383,0.0044461
563,30308.7,0.27634,0.01143,0.01843,0.18362,0.80362,0.99923,1,0.995,0.91914,0.99923,1,0.995,0.995,0.45375,0.01317,0.00023,0.19361,0.8387,0.0133086,0.0044362,0.0133086,0.0044362,0.0133086,0.0044362,0.0133086,0.0044362
564,30362.3,0.27765,0.01188,0.01903,0.18537,0.80576,0.99922,1,0.995,0.91839,0.99922,1,0.995,0.995,0.45374,0.01326,0.00023,0.19369,0.83915,0.0132789,0.0044263,0.0132789,0.0044263,0.0132789,0.0044263,0.0132789,0.0044263
565,30415.6,0.27284,0.0116,0.01828,0.18404,0.80056,0.99922,1,0.995,0.91814,0.99922,1,0.995,0.995,0.45308,0.01329,0.00024,0.19421,0.83916,0.0132492,0.0044164,0.0132492,0.0044164,0.0132492,0.0044164,0.0132492,0.0044164
566,30471.7,0.27187,0.01036,0.01918,0.18364,0.79632,0.99922,1,0.995,0.92131,0.99922,1,0.995,0.995,0.45176,0.01336,0.00024,0.19606,0.83899,0.0132195,0.0044065,0.0132195,0.0044065,0.0132195,0.0044065,0.0132195,0.0044065
567,30524.8,0.26709,0.00976,0.01487,0.17813,0.79973,0.99922,1,0.995,0.92113,0.99922,1,0.995,0.995,0.45108,0.0134,0.00024,0.19477,0.83861,0.0131898,0.0043966,0.0131898,0.0043966,0.0131898,0.0043966,0.0131898,0.0043966
568,30578,0.27351,0.01132,0.01527,0.18209,0.79972,0.99922,1,0.995,0.91996,0.99922,1,0.995,0.995,0.45072,0.01354,0.00024,0.19328,0.83869,0.0131601,0.0043867,0.0131601,0.0043867,0.0131601,0.0043867,0.0131601,0.0043867
569,30633.5,0.26957,0.01098,0.01622,0.18145,0.8019,0.99922,1,0.995,0.91963,0.99922,1,0.995,0.995,0.45025,0.01354,0.00023,0.19238,0.83856,0.0131304,0.0043768,0.0131304,0.0043768,0.0131304,0.0043768,0.0131304,0.0043768
570,30686.4,0.26536,0.011,0.0164,0.1788,0.80249,0.99922,1,0.995,0.91863,0.99922,1,0.995,0.995,0.45082,0.0136,0.00023,0.19418,0.83849,0.0131007,0.0043669,0.0131007,0.0043669,0.0131007,0.0043669,0.0131007,0.0043669
571,30740.1,0.27112,0.0108,0.01591,0.18114,0.80058,0.99922,1,0.995,0.9186,0.99922,1,0.995,0.995,0.45131,0.01365,0.00022,0.19292,0.83857,0.013071,0.004357,0.013071,0.004357,0.013071,0.004357,0.013071,0.004357
572,30793.9,0.26662,0.01068,0.01445,0.1816,0.80351,0.99922,1,0.995,0.91947,0.99922,1,0.995,0.995,0.45027,0.01368,0.00022,0.1894,0.83842,0.0130413,0.0043471,0.0130413,0.0043471,0.0130413,0.0043471,0.0130413,0.0043471
573,30847.3,0.25823,0.0101,0.01518,0.17606,0.79353,0.99922,1,0.995,0.92068,0.99922,1,0.995,0.995,0.44963,0.01374,0.00022,0.18812,0.83863,0.0130116,0.0043372,0.0130116,0.0043372,0.0130116,0.0043372,0.0130116,0.0043372
574,30900.8,0.26875,0.01206,0.02061,0.18134,0.79731,0.99922,1,0.995,0.92343,0.99922,1,0.995,0.995,0.45099,0.01368,0.00021,0.18958,0.83869,0.0129819,0.0043273,0.0129819,0.0043273,0.0129819,0.0043273,0.0129819,0.0043273
575,30954.3,0.26772,0.01221,0.01904,0.17804,0.80111,0.99923,1,0.995,0.91929,0.99923,1,0.995,0.995,0.45031,0.01366,0.00021,0.19086,0.83845,0.0129522,0.0043174,0.0129522,0.0043174,0.0129522,0.0043174,0.0129522,0.0043174
576,31007.7,0.26695,0.01109,0.01675,0.1802,0.80053,0.99922,1,0.995,0.92279,0.99922,1,0.995,0.995,0.4494,0.01358,0.00021,0.19074,0.83852,0.0129225,0.0043075,0.0129225,0.0043075,0.0129225,0.0043075,0.0129225,0.0043075
577,31062,0.26822,0.01065,0.01841,0.18086,0.80087,0.99923,1,0.995,0.91991,0.99923,1,0.995,0.995,0.44981,0.01356,0.00021,0.19,0.83835,0.0128928,0.0042976,0.0128928,0.0042976,0.0128928,0.0042976,0.0128928,0.0042976
578,31116.4,0.27242,0.01388,0.01853,0.18164,0.79947,0.99921,1,0.995,0.9206,0.99921,1,0.995,0.995,0.44913,0.01343,0.00021,0.19174,0.83868,0.0128631,0.0042877,0.0128631,0.0042877,0.0128631,0.0042877,0.0128631,0.0042877
579,31170.1,0.26751,0.01008,0.01514,0.18055,0.80411,0.99921,1,0.995,0.9194,0.99921,1,0.995,0.995,0.4484,0.01332,0.00022,0.19114,0.83873,0.0128334,0.0042778,0.0128334,0.0042778,0.0128334,0.0042778,0.0128334,0.0042778
580,31224.3,0.26767,0.00988,0.01283,0.17832,0.79906,0.99921,1,0.995,0.92014,0.99921,1,0.995,0.995,0.44717,0.01332,0.00022,0.19152,0.83862,0.0128037,0.0042679,0.0128037,0.0042679,0.0128037,0.0042679,0.0128037,0.0042679
581,31278.4,0.26161,0.00968,0.01515,0.17609,0.79827,0.99923,1,0.995,0.91866,0.99923,1,0.995,0.995,0.44692,0.01318,0.00022,0.19317,0.83858,0.012774,0.004258,0.012774,0.004258,0.012774,0.004258,0.012774,0.004258
582,31332.2,0.26638,0.01011,0.01641,0.17715,0.79687,0.99921,1,0.995,0.91739,0.99921,1,0.995,0.995,0.44757,0.01308,0.00022,0.19318,0.83863,0.0127443,0.0042481,0.0127443,0.0042481,0.0127443,0.0042481,0.0127443,0.0042481
583,31386.8,0.26759,0.01132,0.01819,0.1797,0.79774,0.99921,1,0.995,0.9184,0.99921,1,0.995,0.995,0.44658,0.01302,0.00021,0.19175,0.83859,0.0127146,0.0042382,0.0127146,0.0042382,0.0127146,0.0042382,0.0127146,0.0042382
584,31441.5,0.26773,0.01117,0.01976,0.17869,0.80004,0.99921,1,0.995,0.9165,0.99921,1,0.995,0.995,0.44693,0.01297,0.00021,0.19262,0.83874,0.0126849,0.0042283,0.0126849,0.0042283,0.0126849,0.0042283,0.0126849,0.0042283
585,31494,0.27005,0.01109,0.01556,0.18139,0.79793,0.99922,1,0.995,0.91668,0.99922,1,0.995,0.995,0.44709,0.01293,0.00021,0.1923,0.83888,0.0126552,0.0042184,0.0126552,0.0042184,0.0126552,0.0042184,0.0126552,0.0042184
586,31550.6,0.26587,0.01076,0.01778,0.17794,0.79912,0.99922,1,0.995,0.9169,0.99922,1,0.995,0.995,0.44731,0.01291,0.0002,0.19395,0.83892,0.0126255,0.0042085,0.0126255,0.0042085,0.0126255,0.0042085,0.0126255,0.0042085
587,31605.5,0.27385,0.01223,0.01705,0.18195,0.80531,0.99921,1,0.995,0.91763,0.99921,1,0.995,0.995,0.44812,0.01285,0.0002,0.19307,0.83877,0.0125958,0.0041986,0.0125958,0.0041986,0.0125958,0.0041986,0.0125958,0.0041986
588,31660.1,0.25816,0.00956,0.01527,0.17607,0.7981,0.99921,1,0.995,0.91545,0.99921,1,0.995,0.995,0.44986,0.01281,0.0002,0.19316,0.83849,0.0125661,0.0041887,0.0125661,0.0041887,0.0125661,0.0041887,0.0125661,0.0041887
589,31716.2,0.2674,0.00992,0.01652,0.17812,0.79665,0.99921,1,0.995,0.91553,0.99921,1,0.995,0.995,0.44885,0.01285,0.0002,0.19433,0.83855,0.0125364,0.0041788,0.0125364,0.0041788,0.0125364,0.0041788,0.0125364,0.0041788
590,31770.6,0.26362,0.00908,0.0158,0.17577,0.79836,0.99921,1,0.995,0.91541,0.99921,1,0.995,0.995,0.44988,0.01283,0.0002,0.19445,0.83839,0.0125067,0.0041689,0.0125067,0.0041689,0.0125067,0.0041689,0.0125067,0.0041689
591,31824.6,0.26451,0.01343,0.01457,0.17826,0.80448,0.99922,1,0.995,0.91573,0.99922,1,0.995,0.995,0.45025,0.0128,0.0002,0.19593,0.83827,0.012477,0.004159,0.012477,0.004159,0.012477,0.004159,0.012477,0.004159
592,31878.1,0.26192,0.00912,0.01797,0.17879,0.79835,0.99922,1,0.995,0.91574,0.99922,1,0.995,0.995,0.45047,0.01276,0.0002,0.19283,0.83838,0.0124473,0.0041491,0.0124473,0.0041491,0.0124473,0.0041491,0.0124473,0.0041491
593,31934,0.26419,0.01259,0.0199,0.17832,0.8,0.99922,1,0.995,0.91583,0.99922,1,0.995,0.995,0.45065,0.01268,0.0002,0.19382,0.83831,0.0124176,0.0041392,0.0124176,0.0041392,0.0124176,0.0041392,0.0124176,0.0041392
594,31989,0.27146,0.01298,0.01848,0.18512,0.80211,0.99922,1,0.995,0.91602,0.99922,1,0.995,0.995,0.45042,0.01266,0.0002,0.19332,0.83808,0.0123879,0.0041293,0.0123879,0.0041293,0.0123879,0.0041293,0.0123879,0.0041293
595,32042.9,0.26453,0.01058,0.01604,0.17944,0.79842,0.99922,1,0.995,0.91731,0.99922,1,0.995,0.995,0.44916,0.01263,0.0002,0.19176,0.83802,0.0123582,0.0041194,0.0123582,0.0041194,0.0123582,0.0041194,0.0123582,0.0041194
596,32095.9,0.26589,0.01166,0.01711,0.18007,0.80077,0.99922,1,0.995,0.91732,0.99922,1,0.995,0.995,0.44995,0.01256,0.0002,0.19405,0.83815,0.0123285,0.0041095,0.0123285,0.0041095,0.0123285,0.0041095,0.0123285,0.0041095
597,32151.3,0.26385,0.01048,0.01464,0.17727,0.7994,0.99922,1,0.995,0.91646,0.99922,1,0.995,0.995,0.44912,0.01251,0.0002,0.19474,0.8381,0.0122988,0.0040996,0.0122988,0.0040996,0.0122988,0.0040996,0.0122988,0.0040996
598,32205.2,0.26595,0.00995,0.01676,0.17823,0.79879,0.99921,1,0.995,0.91991,0.99921,1,0.995,0.995,0.44947,0.01244,0.0002,0.19215,0.83803,0.0122691,0.0040897,0.0122691,0.0040897,0.0122691,0.0040897,0.0122691,0.0040897
599,32258.9,0.26146,0.01123,0.01864,0.1754,0.79867,0.99921,1,0.995,0.91785,0.99921,1,0.995,0.995,0.44995,0.01242,0.0002,0.18923,0.83825,0.0122394,0.0040798,0.0122394,0.0040798,0.0122394,0.0040798,0.0122394,0.0040798
600,32312.6,0.26117,0.0101,0.01698,0.17548,0.80124,0.99921,1,0.995,0.92054,0.99921,1,0.995,0.995,0.45082,0.01242,0.0002,0.19169,0.83861,0.0122097,0.0040699,0.0122097,0.0040699,0.0122097,0.0040699,0.0122097,0.0040699
601,32366.8,0.26944,0.01101,0.01838,0.1793,0.79881,0.99921,1,0.995,0.92058,0.99921,1,0.995,0.995,0.45045,0.01244,0.0002,0.19195,0.83873,0.01218,0.00406,0.01218,0.00406,0.01218,0.00406,0.01218,0.00406
602,32420.5,0.25895,0.01014,0.01481,0.17395,0.79513,0.9992,1,0.995,0.92043,0.9992,1,0.995,0.995,0.4513,0.01241,0.0002,0.19303,0.83861,0.0121503,0.0040501,0.0121503,0.0040501,0.0121503,0.0040501,0.0121503,0.0040501
603,32473.9,0.25563,0.00993,0.01633,0.17029,0.8008,0.9992,1,0.995,0.92255,0.9992,1,0.995,0.995,0.44999,0.0124,0.0002,0.19245,0.83879,0.0121206,0.0040402,0.0121206,0.0040402,0.0121206,0.0040402,0.0121206,0.0040402
604,32527.5,0.26303,0.01102,0.0178,0.17547,0.79865,0.99921,1,0.995,0.91912,0.99921,1,0.995,0.995,0.44942,0.0124,0.0002,0.1924,0.83866,0.0120909,0.0040303,0.0120909,0.0040303,0.0120909,0.0040303,0.0120909,0.0040303
605,32580.8,0.26426,0.00958,0.01514,0.17611,0.80303,0.9992,1,0.995,0.92135,0.9992,1,0.995,0.995,0.44952,0.01241,0.0002,0.19235,0.83857,0.0120612,0.0040204,0.0120612,0.0040204,0.0120612,0.0040204,0.0120612,0.0040204
606,32636.3,0.25689,0.00941,0.0152,0.17086,0.79997,0.9992,1,0.995,0.92229,0.9992,1,0.995,0.995,0.45045,0.01245,0.0002,0.19501,0.83868,0.0120315,0.0040105,0.0120315,0.0040105,0.0120315,0.0040105,0.0120315,0.0040105
607,32689.1,0.25983,0.01038,0.01455,0.17477,0.79818,0.9992,1,0.995,0.92137,0.9992,1,0.995,0.995,0.45162,0.01246,0.00021,0.19478,0.83894,0.0120018,0.0040006,0.0120018,0.0040006,0.0120018,0.0040006,0.0120018,0.0040006
608,32743,0.26347,0.01181,0.01361,0.17476,0.8007,0.9992,1,0.995,0.92208,0.9992,1,0.995,0.995,0.45077,0.01242,0.00021,0.19139,0.8391,0.0119721,0.0039907,0.0119721,0.0039907,0.0119721,0.0039907,0.0119721,0.0039907
609,32798.4,0.26317,0.00941,0.01555,0.17532,0.79831,0.9992,1,0.995,0.92098,0.9992,1,0.995,0.995,0.45134,0.01245,0.0002,0.19053,0.83937,0.0119424,0.0039808,0.0119424,0.0039808,0.0119424,0.0039808,0.0119424,0.0039808
610,32852.9,0.25837,0.01064,0.01458,0.17406,0.79796,0.9992,1,0.995,0.92054,0.9992,1,0.995,0.995,0.45146,0.01242,0.0002,0.19155,0.83917,0.0119127,0.0039709,0.0119127,0.0039709,0.0119127,0.0039709,0.0119127,0.0039709
611,32909.6,0.26052,0.00996,0.01777,0.17335,0.80295,0.9992,1,0.995,0.92043,0.9992,1,0.995,0.995,0.45268,0.01238,0.0002,0.19128,0.83925,0.011883,0.003961,0.011883,0.003961,0.011883,0.003961,0.011883,0.003961
612,32964.2,0.25493,0.01002,0.01228,0.17246,0.79659,0.99919,1,0.995,0.92186,0.99919,1,0.995,0.995,0.45212,0.0124,0.00019,0.19255,0.83952,0.0118533,0.0039511,0.0118533,0.0039511,0.0118533,0.0039511,0.0118533,0.0039511
613,33018.1,0.25153,0.00897,0.01172,0.1692,0.79355,0.9992,1,0.995,0.92147,0.9992,1,0.995,0.995,0.45375,0.01236,0.00019,0.19242,0.83956,0.0118236,0.0039412,0.0118236,0.0039412,0.0118236,0.0039412,0.0118236,0.0039412
614,33071.3,0.26286,0.01127,0.01739,0.17655,0.80246,0.9992,1,0.995,0.92173,0.9992,1,0.995,0.995,0.45346,0.01235,0.00018,0.19169,0.83965,0.0117939,0.0039313,0.0117939,0.0039313,0.0117939,0.0039313,0.0117939,0.0039313
615,33125.2,0.26042,0.01019,0.01494,0.1746,0.79794,0.9992,1,0.995,0.92026,0.9992,1,0.995,0.995,0.45397,0.01238,0.00018,0.19149,0.83958,0.0117642,0.0039214,0.0117642,0.0039214,0.0117642,0.0039214,0.0117642,0.0039214
616,33179.7,0.26058,0.00951,0.01468,0.17284,0.79931,0.9992,1,0.995,0.9216,0.9992,1,0.995,0.995,0.45368,0.01234,0.00018,0.1944,0.8396,0.0117345,0.0039115,0.0117345,0.0039115,0.0117345,0.0039115,0.0117345,0.0039115
617,33232.7,0.26167,0.00991,0.01775,0.17522,0.79777,0.99921,1,0.995,0.9227,0.99921,1,0.995,0.995,0.45291,0.01229,0.00018,0.19377,0.83941,0.0117048,0.0039016,0.0117048,0.0039016,0.0117048,0.0039016,0.0117048,0.0039016
618,33288,0.25643,0.01061,0.0174,0.17304,0.7975,0.9992,1,0.995,0.92145,0.9992,1,0.995,0.995,0.45345,0.01226,0.00018,0.19317,0.8395,0.0116751,0.0038917,0.0116751,0.0038917,0.0116751,0.0038917,0.0116751,0.0038917
619,33340.7,0.25842,0.00991,0.01711,0.17299,0.80178,0.99921,1,0.995,0.92259,0.99921,1,0.995,0.995,0.45489,0.01225,0.00018,0.19221,0.83973,0.0116454,0.0038818,0.0116454,0.0038818,0.0116454,0.0038818,0.0116454,0.0038818
620,33394.6,0.2689,0.00913,0.01422,0.17723,0.80029,0.99921,1,0.995,0.9211,0.99921,1,0.995,0.995,0.45314,0.01226,0.00018,0.19194,0.83956,0.0116157,0.0038719,0.0116157,0.0038719,0.0116157,0.0038719,0.0116157,0.0038719
621,33447.8,0.25522,0.00973,0.01421,0.1736,0.7989,0.99921,1,0.995,0.92225,0.99921,1,0.995,0.995,0.453,0.01227,0.00018,0.19347,0.83937,0.011586,0.003862,0.011586,0.003862,0.011586,0.003862,0.011586,0.003862
622,33501.4,0.25858,0.01027,0.01967,0.17443,0.80119,0.99921,1,0.995,0.92108,0.99921,1,0.995,0.995,0.45209,0.01227,0.00018,0.19282,0.83944,0.0115563,0.0038521,0.0115563,0.0038521,0.0115563,0.0038521,0.0115563,0.0038521
623,33554.6,0.25731,0.00876,0.01525,0.17182,0.80213,0.99921,1,0.995,0.92112,0.99921,1,0.995,0.995,0.45304,0.01228,0.00018,0.19444,0.83908,0.0115266,0.0038422,0.0115266,0.0038422,0.0115266,0.0038422,0.0115266,0.0038422
624,33607.7,0.25963,0.01096,0.01439,0.17447,0.80125,0.99921,1,0.995,0.92221,0.99921,1,0.995,0.995,0.45152,0.01228,0.00018,0.19239,0.83906,0.0114969,0.0038323,0.0114969,0.0038323,0.0114969,0.0038323,0.0114969,0.0038323
625,33661.9,0.25639,0.01019,0.01705,0.1751,0.79805,0.99921,1,0.995,0.92251,0.99921,1,0.995,0.995,0.45227,0.01228,0.00018,0.19317,0.8391,0.0114672,0.0038224,0.0114672,0.0038224,0.0114672,0.0038224,0.0114672,0.0038224
626,33715.3,0.25738,0.01143,0.0125,0.17295,0.79973,0.99921,1,0.995,0.92191,0.99921,1,0.995,0.995,0.45191,0.01229,0.00017,0.19395,0.83889,0.0114375,0.0038125,0.0114375,0.0038125,0.0114375,0.0038125,0.0114375,0.0038125
627,33769.2,0.25394,0.01009,0.01253,0.17145,0.79949,0.99921,1,0.995,0.92207,0.99921,1,0.995,0.995,0.45157,0.01232,0.00017,0.19143,0.83877,0.0114078,0.0038026,0.0114078,0.0038026,0.0114078,0.0038026,0.0114078,0.0038026
628,33823.4,0.25542,0.01008,0.01354,0.17266,0.7972,0.99921,1,0.995,0.92215,0.99921,1,0.995,0.995,0.45091,0.01239,0.00016,0.1911,0.83864,0.0113781,0.0037927,0.0113781,0.0037927,0.0113781,0.0037927,0.0113781,0.0037927
629,33877.4,0.24916,0.00931,0.01316,0.16809,0.79024,0.99921,1,0.995,0.92223,0.99921,1,0.995,0.995,0.45128,0.01226,0.00017,0.19252,0.83846,0.0113484,0.0037828,0.0113484,0.0037828,0.0113484,0.0037828,0.0113484,0.0037828
630,33930.9,0.25415,0.00994,0.01707,0.17242,0.79395,0.99921,1,0.995,0.92209,0.99921,1,0.995,0.995,0.4508,0.01227,0.00017,0.19326,0.83857,0.0113187,0.0037729,0.0113187,0.0037729,0.0113187,0.0037729,0.0113187,0.0037729
631,33984.7,0.25396,0.00973,0.02006,0.17166,0.79594,0.99921,1,0.995,0.92241,0.99921,1,0.995,0.995,0.45097,0.01219,0.00017,0.19604,0.83827,0.011289,0.003763,0.011289,0.003763,0.011289,0.003763,0.011289,0.003763
632,34037,0.25614,0.00897,0.01263,0.17444,0.7978,0.99921,1,0.995,0.92247,0.99921,1,0.995,0.995,0.44958,0.0122,0.00017,0.19556,0.83807,0.0112593,0.0037531,0.0112593,0.0037531,0.0112593,0.0037531,0.0112593,0.0037531
633,34090.8,0.25978,0.00966,0.01809,0.17737,0.80228,0.99921,1,0.995,0.92216,0.99921,1,0.995,0.995,0.44976,0.0122,0.00017,0.19642,0.83792,0.0112296,0.0037432,0.0112296,0.0037432,0.0112296,0.0037432,0.0112296,0.0037432
634,34143.8,0.24843,0.00975,0.01469,0.17075,0.79734,0.99922,1,0.995,0.92247,0.99922,1,0.995,0.995,0.4483,0.01218,0.00017,0.1946,0.83793,0.0111999,0.0037333,0.0111999,0.0037333,0.0111999,0.0037333,0.0111999,0.0037333
635,34198.9,0.25014,0.00977,0.01797,0.16876,0.79392,0.99922,1,0.995,0.92258,0.99922,1,0.995,0.995,0.44932,0.01216,0.00017,0.19346,0.83794,0.0111702,0.0037234,0.0111702,0.0037234,0.0111702,0.0037234,0.0111702,0.0037234
636,34251.9,0.25021,0.00946,0.01747,0.16947,0.79112,0.99921,1,0.995,0.92265,0.99921,1,0.995,0.995,0.44966,0.01212,0.00017,0.19407,0.8379,0.0111405,0.0037135,0.0111405,0.0037135,0.0111405,0.0037135,0.0111405,0.0037135
637,34305,0.2525,0.00964,0.01661,0.1709,0.80133,0.99921,1,0.995,0.92218,0.99921,1,0.995,0.995,0.44807,0.01216,0.00017,0.19395,0.83798,0.0111108,0.0037036,0.0111108,0.0037036,0.0111108,0.0037036,0.0111108,0.0037036
638,34359.2,0.25113,0.00917,0.01643,0.17023,0.79787,0.99921,1,0.995,0.92355,0.99921,1,0.995,0.995,0.44818,0.01218,0.00017,0.19374,0.83773,0.0110811,0.0036937,0.0110811,0.0036937,0.0110811,0.0036937,0.0110811,0.0036937
639,34412.8,0.24956,0.00939,0.01418,0.16946,0.79521,0.99921,1,0.995,0.92133,0.99921,1,0.995,0.995,0.44795,0.01212,0.00017,0.19512,0.83772,0.0110514,0.0036838,0.0110514,0.0036838,0.0110514,0.0036838,0.0110514,0.0036838
640,34466.8,0.25654,0.00884,0.01538,0.17097,0.79474,0.99921,1,0.995,0.92299,0.99921,1,0.995,0.995,0.44746,0.01213,0.00017,0.19264,0.83786,0.0110217,0.0036739,0.0110217,0.0036739,0.0110217,0.0036739,0.0110217,0.0036739
641,34519.7,0.24566,0.00936,0.01142,0.16784,0.79496,0.99921,1,0.995,0.92163,0.99921,1,0.995,0.995,0.44816,0.01209,0.00017,0.19309,0.83807,0.010992,0.003664,0.010992,0.003664,0.010992,0.003664,0.010992,0.003664
642,34573.7,0.25262,0.01074,0.01498,0.17095,0.79916,0.99922,1,0.995,0.92417,0.99922,1,0.995,0.995,0.44873,0.01208,0.00017,0.19149,0.83795,0.0109623,0.0036541,0.0109623,0.0036541,0.0109623,0.0036541,0.0109623,0.0036541
643,34626.6,0.2503,0.00923,0.01339,0.1698,0.79915,0.99922,1,0.995,0.92165,0.99922,1,0.995,0.995,0.449,0.01206,0.00017,0.18932,0.83793,0.0109326,0.0036442,0.0109326,0.0036442,0.0109326,0.0036442,0.0109326,0.0036442
644,34681,0.25247,0.00869,0.01288,0.16912,0.79962,0.99922,1,0.995,0.92165,0.99922,1,0.995,0.995,0.44792,0.01203,0.00017,0.1907,0.83777,0.0109029,0.0036343,0.0109029,0.0036343,0.0109029,0.0036343,0.0109029,0.0036343
645,34734.2,0.25349,0.00887,0.01387,0.16862,0.79845,0.99922,1,0.995,0.92162,0.99922,1,0.995,0.995,0.44761,0.01202,0.00017,0.19069,0.83747,0.0108732,0.0036244,0.0108732,0.0036244,0.0108732,0.0036244,0.0108732,0.0036244
646,34787.9,0.24839,0.00842,0.01516,0.16813,0.7951,0.99922,1,0.995,0.92142,0.99922,1,0.995,0.995,0.44826,0.01202,0.00017,0.19109,0.83742,0.0108435,0.0036145,0.0108435,0.0036145,0.0108435,0.0036145,0.0108435,0.0036145
647,34842.1,0.25523,0.00896,0.01724,0.17379,0.80218,0.99922,1,0.995,0.9207,0.99922,1,0.995,0.995,0.44855,0.01198,0.00017,0.18945,0.83779,0.0108138,0.0036046,0.0108138,0.0036046,0.0108138,0.0036046,0.0108138,0.0036046
648,34897,0.2567,0.01038,0.01941,0.17151,0.79835,0.99922,1,0.995,0.92081,0.99922,1,0.995,0.995,0.4486,0.01202,0.00017,0.18935,0.83776,0.0107841,0.0035947,0.0107841,0.0035947,0.0107841,0.0035947,0.0107841,0.0035947
649,34951.5,0.25092,0.00896,0.01546,0.16707,0.79626,0.99922,1,0.995,0.92091,0.99922,1,0.995,0.995,0.44875,0.012,0.00017,0.19281,0.83768,0.0107544,0.0035848,0.0107544,0.0035848,0.0107544,0.0035848,0.0107544,0.0035848
650,35004.5,0.25535,0.00961,0.01708,0.17349,0.7965,0.99922,1,0.995,0.92198,0.99922,1,0.995,0.995,0.44869,0.01201,0.00016,0.19156,0.83761,0.0107247,0.0035749,0.0107247,0.0035749,0.0107247,0.0035749,0.0107247,0.0035749
651,35059,0.25314,0.00949,0.01532,0.17187,0.79966,0.99922,1,0.995,0.92122,0.99922,1,0.995,0.995,0.44948,0.01198,0.00016,0.192,0.83755,0.010695,0.003565,0.010695,0.003565,0.010695,0.003565,0.010695,0.003565
652,35114.2,0.24623,0.00901,0.01175,0.16787,0.79411,0.99922,1,0.995,0.9213,0.99922,1,0.995,0.995,0.44929,0.01197,0.00016,0.19221,0.83741,0.0106653,0.0035551,0.0106653,0.0035551,0.0106653,0.0035551,0.0106653,0.0035551
653,35170.1,0.25046,0.01026,0.01658,0.1695,0.79377,0.99922,1,0.995,0.92078,0.99922,1,0.995,0.995,0.44873,0.01196,0.00016,0.19247,0.83721,0.0106356,0.0035452,0.0106356,0.0035452,0.0106356,0.0035452,0.0106356,0.0035452
654,35224.8,0.24954,0.01064,0.01346,0.16547,0.80322,0.99922,1,0.995,0.92102,0.99922,1,0.995,0.995,0.44938,0.01198,0.00016,0.19185,0.83712,0.0106059,0.0035353,0.0106059,0.0035353,0.0106059,0.0035353,0.0106059,0.0035353
655,35277.9,0.24638,0.01126,0.01996,0.16727,0.79711,0.99922,1,0.995,0.92124,0.99922,1,0.995,0.995,0.44915,0.01198,0.00016,0.19483,0.83715,0.0105762,0.0035254,0.0105762,0.0035254,0.0105762,0.0035254,0.0105762,0.0035254
656,35331.7,0.25251,0.0097,0.01469,0.17087,0.79701,0.99922,1,0.995,0.92112,0.99922,1,0.995,0.995,0.44909,0.01192,0.00016,0.19345,0.83749,0.0105465,0.0035155,0.0105465,0.0035155,0.0105465,0.0035155,0.0105465,0.0035155
657,35386.5,0.2573,0.01065,0.0161,0.17037,0.79343,0.99922,1,0.995,0.92267,0.99922,1,0.995,0.995,0.44923,0.0119,0.00016,0.19503,0.83749,0.0105168,0.0035056,0.0105168,0.0035056,0.0105168,0.0035056,0.0105168,0.0035056
658,35440.1,0.24969,0.01152,0.01701,0.16837,0.79927,0.99922,1,0.995,0.92141,0.99922,1,0.995,0.995,0.44924,0.01191,0.00016,0.1961,0.83737,0.0104871,0.0034957,0.0104871,0.0034957,0.0104871,0.0034957,0.0104871,0.0034957
659,35495.1,0.24877,0.01128,0.01477,0.16735,0.79836,0.99922,1,0.995,0.9212,0.99922,1,0.995,0.995,0.44856,0.01192,0.00016,0.19586,0.83695,0.0104574,0.0034858,0.0104574,0.0034858,0.0104574,0.0034858,0.0104574,0.0034858
660,35552,0.24892,0.00984,0.01464,0.17132,0.79402,0.99922,1,0.995,0.9211,0.99922,1,0.995,0.995,0.44976,0.01195,0.00015,0.19485,0.83665,0.0104277,0.0034759,0.0104277,0.0034759,0.0104277,0.0034759,0.0104277,0.0034759
661,35604.9,0.24272,0.00834,0.01564,0.16617,0.79564,0.99921,1,0.995,0.9211,0.99921,1,0.995,0.995,0.44852,0.01197,0.00015,0.19273,0.83679,0.010398,0.003466,0.010398,0.003466,0.010398,0.003466,0.010398,0.003466
662,35658.7,0.24608,0.009,0.01569,0.16779,0.79282,0.99921,1,0.995,0.92073,0.99921,1,0.995,0.995,0.4486,0.012,0.00015,0.19331,0.83687,0.0103683,0.0034561,0.0103683,0.0034561,0.0103683,0.0034561,0.0103683,0.0034561
663,35713.4,0.2447,0.01037,0.01687,0.16514,0.79612,0.99921,1,0.995,0.92081,0.99921,1,0.995,0.995,0.44885,0.01201,0.00015,0.19417,0.83686,0.0103386,0.0034462,0.0103386,0.0034462,0.0103386,0.0034462,0.0103386,0.0034462
664,35767.2,0.24955,0.01157,0.01999,0.16896,0.79843,0.99921,1,0.995,0.92208,0.99921,1,0.995,0.995,0.44932,0.01201,0.00015,0.19365,0.83684,0.0103089,0.0034363,0.0103089,0.0034363,0.0103089,0.0034363,0.0103089,0.0034363
665,35820.5,0.25332,0.00952,0.0144,0.17111,0.79935,0.99921,1,0.995,0.92049,0.99921,1,0.995,0.995,0.4485,0.01202,0.00015,0.1927,0.83679,0.0102792,0.0034264,0.0102792,0.0034264,0.0102792,0.0034264,0.0102792,0.0034264
666,35875.1,0.24666,0.0092,0.01468,0.16552,0.79517,0.99921,1,0.995,0.92103,0.99921,1,0.995,0.995,0.44895,0.01201,0.00015,0.19516,0.8367,0.0102495,0.0034165,0.0102495,0.0034165,0.0102495,0.0034165,0.0102495,0.0034165
667,35931.1,0.24632,0.01029,0.01364,0.16491,0.79398,0.99921,1,0.995,0.92197,0.99921,1,0.995,0.995,0.44804,0.01204,0.00015,0.19545,0.8367,0.0102198,0.0034066,0.0102198,0.0034066,0.0102198,0.0034066,0.0102198,0.0034066
668,35984,0.25501,0.01018,0.01322,0.17189,0.8006,0.99921,1,0.995,0.92195,0.99921,1,0.995,0.995,0.44835,0.01206,0.00015,0.19517,0.83673,0.0101901,0.0033967,0.0101901,0.0033967,0.0101901,0.0033967,0.0101901,0.0033967
669,36038.1,0.24522,0.00929,0.01745,0.16478,0.80342,0.99921,1,0.995,0.92174,0.99921,1,0.995,0.995,0.44888,0.01211,0.00015,0.19391,0.83673,0.0101604,0.0033868,0.0101604,0.0033868,0.0101604,0.0033868,0.0101604,0.0033868
670,36091.4,0.24262,0.00949,0.01558,0.16715,0.80248,0.99921,1,0.995,0.92087,0.99921,1,0.995,0.995,0.45029,0.01214,0.00015,0.19486,0.83681,0.0101307,0.0033769,0.0101307,0.0033769,0.0101307,0.0033769,0.0101307,0.0033769
671,36145.1,0.24134,0.00804,0.01717,0.16313,0.793,0.99921,1,0.995,0.92107,0.99921,1,0.995,0.995,0.45107,0.01214,0.00015,0.195,0.83691,0.010101,0.003367,0.010101,0.003367,0.010101,0.003367,0.010101,0.003367
672,36200.7,0.24565,0.00852,0.0134,0.16743,0.80251,0.99921,1,0.995,0.92075,0.99921,1,0.995,0.995,0.45001,0.01214,0.00015,0.19393,0.83691,0.0100713,0.0033571,0.0100713,0.0033571,0.0100713,0.0033571,0.0100713,0.0033571
673,36253.8,0.24301,0.01059,0.01691,0.16404,0.79841,0.99921,1,0.995,0.92107,0.99921,1,0.995,0.995,0.44945,0.01214,0.00015,0.19375,0.83694,0.0100416,0.0033472,0.0100416,0.0033472,0.0100416,0.0033472,0.0100416,0.0033472
674,36307.9,0.23839,0.01097,0.01753,0.16264,0.79378,0.99921,1,0.995,0.92104,0.99921,1,0.995,0.995,0.45021,0.01213,0.00015,0.19411,0.83704,0.0100119,0.0033373,0.0100119,0.0033373,0.0100119,0.0033373,0.0100119,0.0033373
675,36361.5,0.2432,0.00907,0.0128,0.16647,0.79234,0.99921,1,0.995,0.92106,0.99921,1,0.995,0.995,0.44883,0.01215,0.00015,0.19442,0.83689,0.0099822,0.0033274,0.0099822,0.0033274,0.0099822,0.0033274,0.0099822,0.0033274
676,36417.3,0.24251,0.00902,0.01427,0.16562,0.79515,0.99921,1,0.995,0.92097,0.99921,1,0.995,0.995,0.44905,0.01213,0.00015,0.19392,0.83702,0.0099525,0.0033175,0.0099525,0.0033175,0.0099525,0.0033175,0.0099525,0.0033175
677,36470.3,0.24188,0.00874,0.01056,0.16404,0.80033,0.99922,1,0.995,0.92109,0.99922,1,0.995,0.995,0.44902,0.01212,0.00015,0.19349,0.83694,0.0099228,0.0033076,0.0099228,0.0033076,0.0099228,0.0033076,0.0099228,0.0033076
678,36524.1,0.24907,0.01042,0.01309,0.16654,0.79715,0.99922,1,0.995,0.9219,0.99922,1,0.995,0.995,0.4494,0.0121,0.00015,0.19291,0.83699,0.0098931,0.0032977,0.0098931,0.0032977,0.0098931,0.0032977,0.0098931,0.0032977
679,36577.5,0.24811,0.01144,0.01332,0.16706,0.79635,0.99921,1,0.995,0.92097,0.99921,1,0.995,0.995,0.45069,0.01207,0.00015,0.19366,0.83711,0.0098634,0.0032878,0.0098634,0.0032878,0.0098634,0.0032878,0.0098634,0.0032878
680,36631.3,0.24028,0.00941,0.01511,0.16269,0.79233,0.99922,1,0.995,0.92067,0.99922,1,0.995,0.995,0.44925,0.01207,0.00015,0.19496,0.8371,0.0098337,0.0032779,0.0098337,0.0032779,0.0098337,0.0032779,0.0098337,0.0032779
681,36684.8,0.24414,0.00888,0.01774,0.16738,0.79469,0.99922,1,0.995,0.9207,0.99922,1,0.995,0.995,0.45049,0.01207,0.00015,0.19506,0.83706,0.009804,0.003268,0.009804,0.003268,0.009804,0.003268,0.009804,0.003268
682,36740.9,0.23722,0.00832,0.01597,0.16161,0.79595,0.99921,1,0.995,0.92153,0.99921,1,0.995,0.995,0.44999,0.01204,0.00015,0.19629,0.83713,0.0097743,0.0032581,0.0097743,0.0032581,0.0097743,0.0032581,0.0097743,0.0032581
683,36796.9,0.23936,0.00901,0.01795,0.16315,0.79535,0.99921,1,0.995,0.92051,0.99921,1,0.995,0.995,0.451,0.01201,0.00015,0.19828,0.83719,0.0097446,0.0032482,0.0097446,0.0032482,0.0097446,0.0032482,0.0097446,0.0032482
684,36850.8,0.2396,0.00887,0.01699,0.16207,0.8017,0.99921,1,0.995,0.92109,0.99921,1,0.995,0.995,0.44989,0.01205,0.00015,0.19816,0.83711,0.0097149,0.0032383,0.0097149,0.0032383,0.0097149,0.0032383,0.0097149,0.0032383
685,36904.5,0.24433,0.01013,0.01789,0.16638,0.7979,0.99921,1,0.995,0.9212,0.99921,1,0.995,0.995,0.45019,0.01204,0.00016,0.19678,0.83721,0.0096852,0.0032284,0.0096852,0.0032284,0.0096852,0.0032284,0.0096852,0.0032284
686,36959.6,0.23981,0.00922,0.01219,0.16219,0.79506,0.99921,1,0.995,0.92197,0.99921,1,0.995,0.995,0.44987,0.01204,0.00016,0.19547,0.83702,0.0096555,0.0032185,0.0096555,0.0032185,0.0096555,0.0032185,0.0096555,0.0032185
687,37013.4,0.24326,0.00891,0.01599,0.16353,0.79581,0.9992,1,0.995,0.92189,0.9992,1,0.995,0.995,0.44979,0.01206,0.00016,0.19535,0.83702,0.0096258,0.0032086,0.0096258,0.0032086,0.0096258,0.0032086,0.0096258,0.0032086
688,37067.2,0.2411,0.00872,0.01469,0.1645,0.79248,0.9992,1,0.995,0.92053,0.9992,1,0.995,0.995,0.45106,0.01205,0.00015,0.19596,0.83694,0.0095961,0.0031987,0.0095961,0.0031987,0.0095961,0.0031987,0.0095961,0.0031987
689,37120.8,0.23761,0.00884,0.01582,0.16462,0.79867,0.9992,1,0.995,0.92248,0.9992,1,0.995,0.995,0.45167,0.01203,0.00015,0.19628,0.83696,0.0095664,0.0031888,0.0095664,0.0031888,0.0095664,0.0031888,0.0095664,0.0031888
690,37174.4,0.24455,0.01087,0.01551,0.16564,0.79782,0.9992,1,0.995,0.92168,0.9992,1,0.995,0.995,0.4513,0.01202,0.00015,0.19634,0.83702,0.0095367,0.0031789,0.0095367,0.0031789,0.0095367,0.0031789,0.0095367,0.0031789
691,37229.3,0.23712,0.0082,0.0136,0.15823,0.79416,0.99921,1,0.995,0.92083,0.99921,1,0.995,0.995,0.45078,0.01205,0.00015,0.19367,0.83692,0.009507,0.003169,0.009507,0.003169,0.009507,0.003169,0.009507,0.003169
692,37283,0.25078,0.00939,0.01205,0.16491,0.7947,0.99921,1,0.995,0.92083,0.99921,1,0.995,0.995,0.44998,0.01205,0.00015,0.19359,0.83682,0.0094773,0.0031591,0.0094773,0.0031591,0.0094773,0.0031591,0.0094773,0.0031591
693,37336.5,0.24027,0.00876,0.02013,0.16294,0.79822,0.99921,1,0.995,0.92066,0.99921,1,0.995,0.995,0.4499,0.01204,0.00015,0.19461,0.83673,0.0094476,0.0031492,0.0094476,0.0031492,0.0094476,0.0031492,0.0094476,0.0031492
694,37391,0.23229,0.008,0.01323,0.16049,0.79596,0.99922,1,0.995,0.92141,0.99922,1,0.995,0.995,0.45006,0.01206,0.00015,0.19386,0.83683,0.0094179,0.0031393,0.0094179,0.0031393,0.0094179,0.0031393,0.0094179,0.0031393
695,37444.5,0.23763,0.00891,0.01277,0.15773,0.79371,0.99922,1,0.995,0.92243,0.99922,1,0.995,0.995,0.45044,0.01206,0.00015,0.19297,0.83675,0.0093882,0.0031294,0.0093882,0.0031294,0.0093882,0.0031294,0.0093882,0.0031294
696,37500,0.23653,0.00876,0.01318,0.16049,0.79166,0.99922,1,0.995,0.92243,0.99922,1,0.995,0.995,0.45101,0.01207,0.00015,0.193,0.83673,0.0093585,0.0031195,0.0093585,0.0031195,0.0093585,0.0031195,0.0093585,0.0031195
697,37552.8,0.23902,0.01088,0.01668,0.1606,0.79592,0.99922,1,0.995,0.92217,0.99922,1,0.995,0.995,0.45196,0.01207,0.00015,0.19415,0.83677,0.0093288,0.0031096,0.0093288,0.0031096,0.0093288,0.0031096,0.0093288,0.0031096
698,37606.5,0.23745,0.00817,0.01621,0.1623,0.79574,0.99922,1,0.995,0.92405,0.99922,1,0.995,0.995,0.45171,0.01208,0.00015,0.19254,0.83694,0.0092991,0.0030997,0.0092991,0.0030997,0.0092991,0.0030997,0.0092991,0.0030997
699,37659.6,0.23467,0.00845,0.01296,0.16287,0.79437,0.99922,1,0.995,0.92323,0.99922,1,0.995,0.995,0.45017,0.01208,0.00015,0.19265,0.83691,0.0092694,0.0030898,0.0092694,0.0030898,0.0092694,0.0030898,0.0092694,0.0030898
700,37713.3,0.23723,0.00874,0.0146,0.16069,0.79659,0.99922,1,0.995,0.92339,0.99922,1,0.995,0.995,0.45085,0.01211,0.00015,0.19519,0.83685,0.0092397,0.0030799,0.0092397,0.0030799,0.0092397,0.0030799,0.0092397,0.0030799
701,37767.7,0.2397,0.00946,0.01653,0.16407,0.79899,0.99922,1,0.995,0.92422,0.99922,1,0.995,0.995,0.45109,0.0121,0.00015,0.1939,0.83694,0.00921,0.00307,0.00921,0.00307,0.00921,0.00307,0.00921,0.00307
702,37820.6,0.2366,0.00916,0.01264,0.16224,0.78829,0.99923,1,0.995,0.92228,0.99923,1,0.995,0.995,0.4508,0.0121,0.00015,0.19641,0.83702,0.0091803,0.0030601,0.0091803,0.0030601,0.0091803,0.0030601,0.0091803,0.0030601
703,37874.6,0.23769,0.00843,0.01459,0.162,0.79642,0.99923,1,0.995,0.92326,0.99923,1,0.995,0.995,0.45143,0.01211,0.00015,0.19352,0.83693,0.0091506,0.0030502,0.0091506,0.0030502,0.0091506,0.0030502,0.0091506,0.0030502
704,37928,0.23598,0.00771,0.01323,0.16233,0.79269,0.99922,1,0.995,0.92333,0.99922,1,0.995,0.995,0.45131,0.01209,0.00014,0.19354,0.83688,0.0091209,0.0030403,0.0091209,0.0030403,0.0091209,0.0030403,0.0091209,0.0030403
705,37983.2,0.23391,0.00992,0.01524,0.16029,0.7917,0.99922,1,0.995,0.92335,0.99922,1,0.995,0.995,0.45085,0.0121,0.00014,0.19378,0.83692,0.0090912,0.0030304,0.0090912,0.0030304,0.0090912,0.0030304,0.0090912,0.0030304
706,38036.1,0.22942,0.0091,0.01533,0.15923,0.78916,0.99922,1,0.995,0.92505,0.99922,1,0.995,0.995,0.45058,0.0121,0.00014,0.18914,0.83689,0.0090615,0.0030205,0.0090615,0.0030205,0.0090615,0.0030205,0.0090615,0.0030205
707,38090.2,0.23709,0.00796,0.01157,0.16191,0.78879,0.99922,1,0.995,0.92268,0.99922,1,0.995,0.995,0.45121,0.0121,0.00014,0.19221,0.83692,0.0090318,0.0030106,0.0090318,0.0030106,0.0090318,0.0030106,0.0090318,0.0030106
708,38143.7,0.2349,0.00883,0.0125,0.15918,0.79537,0.99922,1,0.995,0.92144,0.99922,1,0.995,0.995,0.45055,0.01212,0.00014,0.19383,0.83677,0.0090021,0.0030007,0.0090021,0.0030007,0.0090021,0.0030007,0.0090021,0.0030007
709,38197.3,0.24057,0.00796,0.01294,0.16109,0.79672,0.99922,1,0.995,0.92226,0.99922,1,0.995,0.995,0.45054,0.01213,0.00014,0.19207,0.83677,0.0089724,0.0029908,0.0089724,0.0029908,0.0089724,0.0029908,0.0089724,0.0029908
710,38254,0.23186,0.01039,0.01333,0.15753,0.79583,0.99922,1,0.995,0.92255,0.99922,1,0.995,0.995,0.44971,0.01214,0.00014,0.18937,0.83677,0.0089427,0.0029809,0.0089427,0.0029809,0.0089427,0.0029809,0.0089427,0.0029809
711,38308.3,0.23664,0.00777,0.0111,0.15948,0.79227,0.99922,1,0.995,0.92349,0.99922,1,0.995,0.995,0.45178,0.01214,0.00014,0.19401,0.83684,0.008913,0.002971,0.008913,0.002971,0.008913,0.002971,0.008913,0.002971
712,38363.5,0.23388,0.00875,0.01653,0.15618,0.79729,0.99922,1,0.995,0.9245,0.99922,1,0.995,0.995,0.45113,0.01213,0.00014,0.19259,0.8368,0.0088833,0.0029611,0.0088833,0.0029611,0.0088833,0.0029611,0.0088833,0.0029611
713,38416.6,0.23134,0.00787,0.01112,0.15653,0.79489,0.99922,1,0.995,0.9245,0.99922,1,0.995,0.995,0.45112,0.01213,0.00014,0.19113,0.83668,0.0088536,0.0029512,0.0088536,0.0029512,0.0088536,0.0029512,0.0088536,0.0029512
714,38470.2,0.23107,0.00903,0.01423,0.15802,0.79682,0.99922,1,0.995,0.9245,0.99922,1,0.995,0.995,0.45101,0.0121,0.00014,0.19082,0.83701,0.0088239,0.0029413,0.0088239,0.0029413,0.0088239,0.0029413,0.0088239,0.0029413
715,38524.7,0.23543,0.00807,0.01562,0.1604,0.79201,0.99922,1,0.995,0.92304,0.99922,1,0.995,0.995,0.4517,0.0121,0.00014,0.1928,0.83696,0.0087942,0.0029314,0.0087942,0.0029314,0.0087942,0.0029314,0.0087942,0.0029314
716,38578.8,0.2352,0.00861,0.01069,0.16057,0.79046,0.99922,1,0.995,0.92452,0.99922,1,0.995,0.995,0.45229,0.01211,0.00014,0.19316,0.837,0.0087645,0.0029215,0.0087645,0.0029215,0.0087645,0.0029215,0.0087645,0.0029215
717,38632,0.23548,0.00892,0.01474,0.15982,0.79672,0.99923,1,0.995,0.92295,0.99923,1,0.995,0.995,0.45129,0.01211,0.00014,0.19329,0.83686,0.0087348,0.0029116,0.0087348,0.0029116,0.0087348,0.0029116,0.0087348,0.0029116
718,38685.3,0.22964,0.00881,0.01552,0.15691,0.79017,0.99923,1,0.995,0.92296,0.99923,1,0.995,0.995,0.45148,0.01213,0.00014,0.19486,0.83649,0.0087051,0.0029017,0.0087051,0.0029017,0.0087051,0.0029017,0.0087051,0.0029017
719,38740.3,0.23436,0.00824,0.00984,0.15692,0.79482,0.99923,1,0.995,0.92291,0.99923,1,0.995,0.995,0.45086,0.01213,0.00014,0.19233,0.83709,0.0086754,0.0028918,0.0086754,0.0028918,0.0086754,0.0028918,0.0086754,0.0028918
720,38793.8,0.22764,0.00823,0.01236,0.15583,0.78962,0.99923,1,0.995,0.92127,0.99923,1,0.995,0.995,0.45176,0.01215,0.00014,0.19309,0.83733,0.0086457,0.0028819,0.0086457,0.0028819,0.0086457,0.0028819,0.0086457,0.0028819
721,38848,0.23829,0.00949,0.01391,0.16108,0.79956,0.99923,1,0.995,0.92284,0.99923,1,0.995,0.995,0.45113,0.01216,0.00014,0.1918,0.8374,0.008616,0.002872,0.008616,0.002872,0.008616,0.002872,0.008616,0.002872
722,38901,0.22879,0.00769,0.01224,0.15657,0.79284,0.99923,1,0.995,0.92276,0.99923,1,0.995,0.995,0.45142,0.01216,0.00014,0.19557,0.83735,0.0085863,0.0028621,0.0085863,0.0028621,0.0085863,0.0028621,0.0085863,0.0028621
723,38955.1,0.23084,0.01004,0.01417,0.15741,0.79668,0.99922,1,0.995,0.9239,0.99922,1,0.995,0.995,0.45036,0.01217,0.00014,0.19419,0.83711,0.0085566,0.0028522,0.0085566,0.0028522,0.0085566,0.0028522,0.0085566,0.0028522
724,39008.5,0.23138,0.00814,0.01155,0.15853,0.79137,0.99922,1,0.995,0.92381,0.99922,1,0.995,0.995,0.45152,0.01216,0.00014,0.19326,0.83737,0.0085269,0.0028423,0.0085269,0.0028423,0.0085269,0.0028423,0.0085269,0.0028423
725,39063.6,0.23066,0.008,0.01426,0.15883,0.79183,0.99922,1,0.995,0.92295,0.99922,1,0.995,0.995,0.45233,0.01217,0.00014,0.19256,0.83744,0.0084972,0.0028324,0.0084972,0.0028324,0.0084972,0.0028324,0.0084972,0.0028324
726,39117,0.23642,0.00851,0.01216,0.15773,0.79487,0.99922,1,0.995,0.92431,0.99922,1,0.995,0.995,0.45185,0.0122,0.00014,0.19239,0.83745,0.0084675,0.0028225,0.0084675,0.0028225,0.0084675,0.0028225,0.0084675,0.0028225
727,39170.9,0.22784,0.00745,0.01439,0.1558,0.79198,0.99922,1,0.995,0.92284,0.99922,1,0.995,0.995,0.45141,0.01218,0.00014,0.1907,0.83747,0.0084378,0.0028126,0.0084378,0.0028126,0.0084378,0.0028126,0.0084378,0.0028126
728,39224.8,0.23107,0.00859,0.01439,0.15751,0.79272,0.99922,1,0.995,0.92534,0.99922,1,0.995,0.995,0.45224,0.01222,0.00014,0.19383,0.83744,0.0084081,0.0028027,0.0084081,0.0028027,0.0084081,0.0028027,0.0084081,0.0028027
729,39278.9,0.23029,0.00927,0.01485,0.15827,0.7936,0.99922,1,0.995,0.92536,0.99922,1,0.995,0.995,0.45056,0.01223,0.00014,0.19198,0.83739,0.0083784,0.0027928,0.0083784,0.0027928,0.0083784,0.0027928,0.0083784,0.0027928
730,39332.8,0.22912,0.00844,0.0129,0.15817,0.79508,0.99922,1,0.995,0.92546,0.99922,1,0.995,0.995,0.45211,0.01225,0.00014,0.19344,0.8376,0.0083487,0.0027829,0.0083487,0.0027829,0.0083487,0.0027829,0.0083487,0.0027829
731,39386.7,0.23212,0.00797,0.01394,0.15705,0.79418,0.99923,1,0.995,0.92546,0.99923,1,0.995,0.995,0.45225,0.01227,0.00014,0.19495,0.83756,0.008319,0.002773,0.008319,0.002773,0.008319,0.002773,0.008319,0.002773
732,39440.1,0.22965,0.00831,0.01354,0.15446,0.78873,0.99923,1,0.995,0.92394,0.99923,1,0.995,0.995,0.45113,0.01228,0.00014,0.19525,0.83772,0.0082893,0.0027631,0.0082893,0.0027631,0.0082893,0.0027631,0.0082893,0.0027631
733,39495.3,0.22548,0.00804,0.01499,0.15512,0.79414,0.99923,1,0.995,0.92689,0.99923,1,0.995,0.995,0.45127,0.01229,0.00014,0.19432,0.83754,0.0082596,0.0027532,0.0082596,0.0027532,0.0082596,0.0027532,0.0082596,0.0027532
734,39550.1,0.22876,0.00784,0.01825,0.15625,0.79361,0.99923,1,0.995,0.92532,0.99923,1,0.995,0.995,0.44994,0.01231,0.00014,0.19264,0.83748,0.0082299,0.0027433,0.0082299,0.0027433,0.0082299,0.0027433,0.0082299,0.0027433
735,39603.3,0.23121,0.00886,0.01163,0.15508,0.79345,0.99923,1,0.995,0.92648,0.99923,1,0.995,0.995,0.45133,0.01231,0.00014,0.18972,0.8378,0.0082002,0.0027334,0.0082002,0.0027334,0.0082002,0.0027334,0.0082002,0.0027334
736,39657.1,0.22484,0.00746,0.01201,0.15487,0.79381,0.99923,1,0.995,0.92648,0.99923,1,0.995,0.995,0.45012,0.01232,0.00014,0.19338,0.83756,0.0081705,0.0027235,0.0081705,0.0027235,0.0081705,0.0027235,0.0081705,0.0027235
737,39710.5,0.22984,0.00781,0.01363,0.15765,0.79999,0.99923,1,0.995,0.92653,0.99923,1,0.995,0.995,0.4508,0.01234,0.00014,0.19328,0.83767,0.0081408,0.0027136,0.0081408,0.0027136,0.0081408,0.0027136,0.0081408,0.0027136
738,39765.8,0.22547,0.0085,0.01575,0.15524,0.79051,0.99923,1,0.995,0.92494,0.99923,1,0.995,0.995,0.45088,0.01234,0.00014,0.19364,0.83768,0.0081111,0.0027037,0.0081111,0.0027037,0.0081111,0.0027037,0.0081111,0.0027037
739,39818.9,0.22731,0.00792,0.01736,0.15588,0.79273,0.99923,1,0.995,0.92695,0.99923,1,0.995,0.995,0.45013,0.01235,0.00014,0.19312,0.83761,0.0080814,0.0026938,0.0080814,0.0026938,0.0080814,0.0026938,0.0080814,0.0026938
740,39872.9,0.23469,0.00943,0.0142,0.16055,0.79735,0.99923,1,0.995,0.92693,0.99923,1,0.995,0.995,0.44937,0.01236,0.00014,0.19338,0.83776,0.0080517,0.0026839,0.0080517,0.0026839,0.0080517,0.0026839,0.0080517,0.0026839
741,39925.9,0.22297,0.00742,0.01593,0.15397,0.78488,0.99923,1,0.995,0.92693,0.99923,1,0.995,0.995,0.44995,0.01237,0.00014,0.19308,0.83781,0.008022,0.002674,0.008022,0.002674,0.008022,0.002674,0.008022,0.002674
742,39979.2,0.22586,0.00809,0.0128,0.15591,0.79383,0.99923,1,0.995,0.92697,0.99923,1,0.995,0.995,0.4502,0.01238,0.00014,0.19337,0.83779,0.0079923,0.0026641,0.0079923,0.0026641,0.0079923,0.0026641,0.0079923,0.0026641
743,40032.2,0.22434,0.00917,0.01392,0.15317,0.79759,0.99922,1,0.995,0.92696,0.99922,1,0.995,0.995,0.45023,0.01237,0.00014,0.19385,0.83767,0.0079626,0.0026542,0.0079626,0.0026542,0.0079626,0.0026542,0.0079626,0.0026542
744,40087.4,0.22706,0.00808,0.01396,0.15417,0.79344,0.99922,1,0.995,0.92687,0.99922,1,0.995,0.995,0.4502,0.01237,0.00014,0.1947,0.83769,0.0079329,0.0026443,0.0079329,0.0026443,0.0079329,0.0026443,0.0079329,0.0026443
745,40141.4,0.22629,0.0077,0.0129,0.15403,0.7967,0.99922,1,0.995,0.92669,0.99922,1,0.995,0.995,0.44931,0.01239,0.00014,0.19347,0.83777,0.0079032,0.0026344,0.0079032,0.0026344,0.0079032,0.0026344,0.0079032,0.0026344
746,40194.6,0.21927,0.0071,0.01185,0.15028,0.78774,0.99922,1,0.995,0.92665,0.99922,1,0.995,0.995,0.44958,0.01454,0.00016,0.19097,0.83783,0.0078735,0.0026245,0.0078735,0.0026245,0.0078735,0.0026245,0.0078735,0.0026245
747,40249.7,0.2241,0.00767,0.01224,0.15467,0.79461,0.99922,1,0.995,0.92582,0.99922,1,0.995,0.995,0.4492,0.01454,0.00016,0.19135,0.8378,0.0078438,0.0026146,0.0078438,0.0026146,0.0078438,0.0026146,0.0078438,0.0026146
748,40305.3,0.22417,0.00775,0.01124,0.15402,0.78999,0.99922,1,0.995,0.92584,0.99922,1,0.995,0.995,0.44949,0.01455,0.00016,0.19152,0.83787,0.0078141,0.0026047,0.0078141,0.0026047,0.0078141,0.0026047,0.0078141,0.0026047
749,40359,0.23408,0.00972,0.01504,0.15811,0.79395,0.99922,1,0.995,0.92663,0.99922,1,0.995,0.995,0.44924,0.01456,0.00016,0.19126,0.83777,0.0077844,0.0025948,0.0077844,0.0025948,0.0077844,0.0025948,0.0077844,0.0025948
750,40414.8,0.22332,0.00856,0.01266,0.15272,0.79124,0.99922,1,0.995,0.9265,0.99922,1,0.995,0.995,0.44948,0.01455,0.00016,0.19354,0.83789,0.0077547,0.0025849,0.0077547,0.0025849,0.0077547,0.0025849,0.0077547,0.0025849
751,40468.3,0.21621,0.00783,0.01002,0.14962,0.78836,0.99922,1,0.995,0.92652,0.99922,1,0.995,0.995,0.4498,0.01456,0.00016,0.19417,0.83785,0.007725,0.002575,0.007725,0.002575,0.007725,0.002575,0.007725,0.002575
752,40522.3,0.22402,0.00801,0.0144,0.15245,0.79167,0.99922,1,0.995,0.92543,0.99922,1,0.995,0.995,0.44939,0.0146,0.00016,0.19301,0.83779,0.0076953,0.0025651,0.0076953,0.0025651,0.0076953,0.0025651,0.0076953,0.0025651
753,40576.3,0.22284,0.00799,0.0104,0.15199,0.79135,0.99922,1,0.995,0.92652,0.99922,1,0.995,0.995,0.44925,0.0146,0.00016,0.19345,0.83768,0.0076656,0.0025552,0.0076656,0.0025552,0.0076656,0.0025552,0.0076656,0.0025552
754,40630.6,0.22745,0.00818,0.01263,0.15311,0.791,0.99922,1,0.995,0.92564,0.99922,1,0.995,0.995,0.44942,0.0146,0.00016,0.19286,0.83774,0.0076359,0.0025453,0.0076359,0.0025453,0.0076359,0.0025453,0.0076359,0.0025453
755,40684.1,0.22233,0.00768,0.01145,0.15182,0.79229,0.99922,1,0.995,0.92672,0.99922,1,0.995,0.995,0.45,0.01456,0.00016,0.1951,0.83777,0.0076062,0.0025354,0.0076062,0.0025354,0.0076062,0.0025354,0.0076062,0.0025354
756,40737.2,0.22518,0.00941,0.01421,0.15264,0.79122,0.99922,1,0.995,0.9258,0.99922,1,0.995,0.995,0.44903,0.0146,0.00016,0.19475,0.83779,0.0075765,0.0025255,0.0075765,0.0025255,0.0075765,0.0025255,0.0075765,0.0025255
757,40792.3,0.22339,0.00789,0.01551,0.14976,0.79196,0.99923,1,0.995,0.92492,0.99923,1,0.995,0.995,0.44952,0.0146,0.00016,0.19438,0.83796,0.0075468,0.0025156,0.0075468,0.0025156,0.0075468,0.0025156,0.0075468,0.0025156
758,40845.7,0.21676,0.00755,0.01464,0.14964,0.79358,0.99922,1,0.995,0.92191,0.99922,1,0.995,0.995,0.44837,0.01462,0.00016,0.19448,0.83787,0.0075171,0.0025057,0.0075171,0.0025057,0.0075171,0.0025057,0.0075171,0.0025057
759,40899,0.21968,0.008,0.01434,0.15,0.78953,0.99923,1,0.995,0.92664,0.99923,1,0.995,0.995,0.44829,0.01466,0.00016,0.19454,0.83786,0.0074874,0.0024958,0.0074874,0.0024958,0.0074874,0.0024958,0.0074874,0.0024958
760,40953.1,0.2198,0.00799,0.01309,0.15184,0.78875,0.99923,1,0.995,0.92615,0.99923,1,0.995,0.995,0.44844,0.01466,0.00016,0.19551,0.83783,0.0074577,0.0024859,0.0074577,0.0024859,0.0074577,0.0024859,0.0074577,0.0024859
761,41006.3,0.21636,0.00702,0.01245,0.1482,0.79091,0.99923,1,0.995,0.92519,0.99923,1,0.995,0.995,0.44847,0.01469,0.00016,0.19599,0.83786,0.007428,0.002476,0.007428,0.002476,0.007428,0.002476,0.007428,0.002476
762,41060.4,0.22182,0.00808,0.01181,0.14991,0.78828,0.99923,1,0.995,0.92611,0.99923,1,0.995,0.995,0.44898,0.01468,0.00016,0.19459,0.83786,0.0073983,0.0024661,0.0073983,0.0024661,0.0073983,0.0024661,0.0073983,0.0024661
763,41115.1,0.21777,0.00703,0.01117,0.1502,0.79244,0.99923,1,0.995,0.92609,0.99923,1,0.995,0.995,0.44862,0.01468,0.00016,0.19747,0.83795,0.0073686,0.0024562,0.0073686,0.0024562,0.0073686,0.0024562,0.0073686,0.0024562
764,41168,0.221,0.0079,0.01386,0.15286,0.79215,0.99922,1,0.995,0.92303,0.99922,1,0.995,0.995,0.44963,0.01468,0.00016,0.1979,0.83808,0.0073389,0.0024463,0.0073389,0.0024463,0.0073389,0.0024463,0.0073389,0.0024463
765,41221.6,0.22273,0.00722,0.01192,0.15061,0.79274,0.99922,1,0.995,0.9244,0.99922,1,0.995,0.995,0.44942,0.01469,0.00016,0.19694,0.83807,0.0073092,0.0024364,0.0073092,0.0024364,0.0073092,0.0024364,0.0073092,0.0024364
766,41275.5,0.21774,0.00822,0.01389,0.14742,0.78977,0.99923,1,0.995,0.92684,0.99923,1,0.995,0.995,0.44845,0.0147,0.00016,0.19448,0.83798,0.0072795,0.0024265,0.0072795,0.0024265,0.0072795,0.0024265,0.0072795,0.0024265
767,41331.5,0.21689,0.00831,0.01099,0.14951,0.79064,0.99923,1,0.995,0.9267,0.99923,1,0.995,0.995,0.44878,0.01473,0.00016,0.19587,0.838,0.0072498,0.0024166,0.0072498,0.0024166,0.0072498,0.0024166,0.0072498,0.0024166
768,41385.4,0.21778,0.00844,0.01433,0.15138,0.79648,0.99923,1,0.995,0.92455,0.99923,1,0.995,0.995,0.44899,0.01478,0.00016,0.1963,0.83797,0.0072201,0.0024067,0.0072201,0.0024067,0.0072201,0.0024067,0.0072201,0.0024067
769,41438.9,0.22244,0.00822,0.01292,0.15066,0.79403,0.99923,1,0.995,0.9268,0.99923,1,0.995,0.995,0.44921,0.01476,0.00016,0.19608,0.83801,0.0071904,0.0023968,0.0071904,0.0023968,0.0071904,0.0023968,0.0071904,0.0023968
770,41492.7,0.22493,0.00768,0.01308,0.15185,0.79398,0.99923,1,0.995,0.92342,0.99923,1,0.995,0.995,0.44871,0.0148,0.00016,0.19663,0.83799,0.0071607,0.0023869,0.0071607,0.0023869,0.0071607,0.0023869,0.0071607,0.0023869
771,41546.5,0.21738,0.00798,0.01238,0.14659,0.79503,0.99923,1,0.995,0.92455,0.99923,1,0.995,0.995,0.44823,0.01478,0.00016,0.19434,0.838,0.007131,0.002377,0.007131,0.002377,0.007131,0.002377,0.007131,0.002377
772,41599.9,0.22086,0.00897,0.01319,0.15021,0.79077,0.99923,1,0.995,0.92492,0.99923,1,0.995,0.995,0.44934,0.0148,0.00016,0.19733,0.83789,0.0071013,0.0023671,0.0071013,0.0023671,0.0071013,0.0023671,0.0071013,0.0023671
773,41655.9,0.21714,0.00713,0.01266,0.14542,0.79087,0.99923,1,0.995,0.92299,0.99923,1,0.995,0.995,0.44912,0.01481,0.00016,0.19532,0.83794,0.0070716,0.0023572,0.0070716,0.0023572,0.0070716,0.0023572,0.0070716,0.0023572
774,41710.1,0.22033,0.00779,0.01586,0.15081,0.79092,0.99923,1,0.995,0.92298,0.99923,1,0.995,0.995,0.45032,0.01481,0.00016,0.19478,0.83804,0.0070419,0.0023473,0.0070419,0.0023473,0.0070419,0.0023473,0.0070419,0.0023473
775,41763.7,0.20775,0.00789,0.01151,0.14572,0.7875,0.99923,1,0.995,0.92592,0.99923,1,0.995,0.995,0.4496,0.01483,0.00016,0.19544,0.83796,0.0070122,0.0023374,0.0070122,0.0023374,0.0070122,0.0023374,0.0070122,0.0023374
776,41817.6,0.21207,0.00896,0.01187,0.14552,0.79065,0.99923,1,0.995,0.92496,0.99923,1,0.995,0.995,0.44949,0.01484,0.00016,0.19458,0.83801,0.0069825,0.0023275,0.0069825,0.0023275,0.0069825,0.0023275,0.0069825,0.0023275
777,41871.4,0.21702,0.00791,0.01331,0.14834,0.79737,0.99923,1,0.995,0.92454,0.99923,1,0.995,0.995,0.45065,0.01487,0.00015,0.19576,0.83782,0.0069528,0.0023176,0.0069528,0.0023176,0.0069528,0.0023176,0.0069528,0.0023176
778,41924,0.21874,0.00762,0.00912,0.14806,0.79059,0.99923,1,0.995,0.92344,0.99923,1,0.995,0.995,0.45018,0.01488,0.00015,0.19422,0.83795,0.0069231,0.0023077,0.0069231,0.0023077,0.0069231,0.0023077,0.0069231,0.0023077
779,41978.3,0.22056,0.00784,0.01326,0.15016,0.79237,0.99923,1,0.995,0.92499,0.99923,1,0.995,0.995,0.45054,0.0149,0.00015,0.19705,0.8379,0.0068934,0.0022978,0.0068934,0.0022978,0.0068934,0.0022978,0.0068934,0.0022978
780,42032,0.22284,0.00743,0.01161,0.15203,0.79632,0.99923,1,0.995,0.92502,0.99923,1,0.995,0.995,0.45013,0.01493,0.00015,0.19523,0.83817,0.0068637,0.0022879,0.0068637,0.0022879,0.0068637,0.0022879,0.0068637,0.0022879
781,42087.7,0.21274,0.00817,0.01277,0.14752,0.7903,0.99923,1,0.995,0.92519,0.99923,1,0.995,0.995,0.45047,0.01492,0.00015,0.19421,0.83826,0.006834,0.002278,0.006834,0.002278,0.006834,0.002278,0.006834,0.002278
782,42147.1,0.21917,0.00687,0.01339,0.14848,0.79735,0.99923,1,0.995,0.92523,0.99923,1,0.995,0.995,0.45019,0.01494,0.00015,0.1955,0.83824,0.0068043,0.0022681,0.0068043,0.0022681,0.0068043,0.0022681,0.0068043,0.0022681
783,42201,0.21828,0.00755,0.01198,0.14766,0.79173,0.99923,1,0.995,0.92525,0.99923,1,0.995,0.995,0.45061,0.01494,0.00015,0.19524,0.83827,0.0067746,0.0022582,0.0067746,0.0022582,0.0067746,0.0022582,0.0067746,0.0022582
784,42254.8,0.21255,0.00782,0.01064,0.14341,0.78967,0.99923,1,0.995,0.9251,0.99923,1,0.995,0.995,0.45087,0.01495,0.00015,0.19461,0.83828,0.0067449,0.0022483,0.0067449,0.0022483,0.0067449,0.0022483,0.0067449,0.0022483
785,42309.6,0.21411,0.00716,0.01406,0.14593,0.79245,0.99923,1,0.995,0.9251,0.99923,1,0.995,0.995,0.45023,0.01497,0.00015,0.19262,0.83837,0.0067152,0.0022384,0.0067152,0.0022384,0.0067152,0.0022384,0.0067152,0.0022384
786,42362.7,0.21927,0.00729,0.01321,0.14961,0.79179,0.99923,1,0.995,0.92424,0.99923,1,0.995,0.995,0.45002,0.01498,0.00015,0.19552,0.83825,0.0066855,0.0022285,0.0066855,0.0022285,0.0066855,0.0022285,0.0066855,0.0022285
787,42416.1,0.21398,0.00751,0.01277,0.14704,0.79262,0.99923,1,0.995,0.92508,0.99923,1,0.995,0.995,0.45005,0.01498,0.00015,0.19629,0.83828,0.0066558,0.0022186,0.0066558,0.0022186,0.0066558,0.0022186,0.0066558,0.0022186
788,42468.9,0.21825,0.00757,0.01166,0.14756,0.79367,0.99923,1,0.995,0.92517,0.99923,1,0.995,0.995,0.45065,0.01502,0.00015,0.19492,0.83831,0.0066261,0.0022087,0.0066261,0.0022087,0.0066261,0.0022087,0.0066261,0.0022087
789,42522.8,0.21001,0.00763,0.01293,0.1437,0.79271,0.99923,1,0.995,0.92517,0.99923,1,0.995,0.995,0.45125,0.015,0.00015,0.19797,0.83825,0.0065964,0.0021988,0.0065964,0.0021988,0.0065964,0.0021988,0.0065964,0.0021988
790,42575.7,0.21109,0.00773,0.01171,0.14368,0.7946,0.99923,1,0.995,0.92429,0.99923,1,0.995,0.995,0.45102,0.01498,0.00015,0.19624,0.83835,0.0065667,0.0021889,0.0065667,0.0021889,0.0065667,0.0021889,0.0065667,0.0021889
791,42629.5,0.2135,0.00764,0.01313,0.14532,0.79261,0.99923,1,0.995,0.92507,0.99923,1,0.995,0.995,0.45056,0.01499,0.00015,0.1956,0.8386,0.006537,0.002179,0.006537,0.002179,0.006537,0.002179,0.006537,0.002179
792,42684.3,0.21239,0.00794,0.01482,0.1448,0.79604,0.99923,1,0.995,0.92515,0.99923,1,0.995,0.995,0.45024,0.015,0.00015,0.19617,0.83833,0.0065073,0.0021691,0.0065073,0.0021691,0.0065073,0.0021691,0.0065073,0.0021691
793,42739,0.21176,0.00919,0.01417,0.14704,0.78777,0.99923,1,0.995,0.92425,0.99923,1,0.995,0.995,0.44982,0.015,0.00015,0.19671,0.83827,0.0064776,0.0021592,0.0064776,0.0021592,0.0064776,0.0021592,0.0064776,0.0021592
794,42792.3,0.21194,0.00636,0.01067,0.14329,0.79214,0.99923,1,0.995,0.92517,0.99923,1,0.995,0.995,0.45045,0.01502,0.00015,0.19707,0.83807,0.0064479,0.0021493,0.0064479,0.0021493,0.0064479,0.0021493,0.0064479,0.0021493
795,42847.8,0.21569,0.0081,0.01402,0.14675,0.79279,0.99923,1,0.995,0.9249,0.99923,1,0.995,0.995,0.45075,0.01509,0.00015,0.19729,0.83819,0.0064182,0.0021394,0.0064182,0.0021394,0.0064182,0.0021394,0.0064182,0.0021394
796,42901.1,0.21236,0.00736,0.01194,0.14525,0.78909,0.99923,1,0.995,0.92303,0.99923,1,0.995,0.995,0.45043,0.01506,0.00015,0.19628,0.83818,0.0063885,0.0021295,0.0063885,0.0021295,0.0063885,0.0021295,0.0063885,0.0021295
797,42955,0.21999,0.00837,0.01197,0.14793,0.79491,0.99923,1,0.995,0.92188,0.99923,1,0.995,0.995,0.4512,0.01507,0.00015,0.19647,0.83836,0.0063588,0.0021196,0.0063588,0.0021196,0.0063588,0.0021196,0.0063588,0.0021196
798,43008.5,0.20611,0.00925,0.0132,0.14244,0.79201,0.99923,1,0.995,0.92138,0.99923,1,0.995,0.995,0.45111,0.01511,0.00015,0.19747,0.83826,0.0063291,0.0021097,0.0063291,0.0021097,0.0063291,0.0021097,0.0063291,0.0021097
799,43062.1,0.20544,0.00678,0.01173,0.14484,0.79085,0.99924,1,0.995,0.92409,0.99924,1,0.995,0.995,0.45025,0.01514,0.00015,0.19546,0.83833,0.0062994,0.0020998,0.0062994,0.0020998,0.0062994,0.0020998,0.0062994,0.0020998
800,43115.8,0.21947,0.00851,0.01501,0.14939,0.79301,0.99924,1,0.995,0.92328,0.99924,1,0.995,0.995,0.451,0.01515,0.00015,0.1977,0.8383,0.0062697,0.0020899,0.0062697,0.0020899,0.0062697,0.0020899,0.0062697,0.0020899
801,43170.2,0.2158,0.00806,0.0171,0.14854,0.7938,0.99924,1,0.995,0.92284,0.99924,1,0.995,0.995,0.45013,0.01512,0.00015,0.19617,0.83834,0.00624,0.00208,0.00624,0.00208,0.00624,0.00208,0.00624,0.00208
802,43225.9,0.21329,0.00844,0.01267,0.14513,0.79435,0.99924,1,0.995,0.92276,0.99924,1,0.995,0.995,0.45097,0.01514,0.00015,0.19658,0.83851,0.0062103,0.0020701,0.0062103,0.0020701,0.0062103,0.0020701,0.0062103,0.0020701
803,43282.3,0.21248,0.0079,0.01233,0.14502,0.78906,0.99924,1,0.995,0.92184,0.99924,1,0.995,0.995,0.45111,0.01515,0.00015,0.19547,0.83831,0.0061806,0.0020602,0.0061806,0.0020602,0.0061806,0.0020602,0.0061806,0.0020602
804,43338.4,0.21222,0.0091,0.01003,0.14395,0.78666,0.99924,1,0.995,0.92202,0.99924,1,0.995,0.995,0.45157,0.01518,0.00015,0.19778,0.83843,0.0061509,0.0020503,0.0061509,0.0020503,0.0061509,0.0020503,0.0061509,0.0020503
805,43392.4,0.22094,0.00773,0.01661,0.14677,0.79425,0.99923,1,0.995,0.92296,0.99923,1,0.995,0.995,0.45065,0.01518,0.00015,0.19587,0.83855,0.0061212,0.0020404,0.0061212,0.0020404,0.0061212,0.0020404,0.0061212,0.0020404
806,43445.6,0.21108,0.00742,0.01183,0.14422,0.78965,0.99923,1,0.995,0.92277,0.99923,1,0.995,0.995,0.45027,0.01521,0.00015,0.19532,0.83846,0.0060915,0.0020305,0.0060915,0.0020305,0.0060915,0.0020305,0.0060915,0.0020305
807,43499.8,0.20852,0.00752,0.01054,0.14307,0.78978,0.99923,1,0.995,0.92219,0.99923,1,0.995,0.995,0.45127,0.01521,0.00015,0.19702,0.83847,0.0060618,0.0020206,0.0060618,0.0020206,0.0060618,0.0020206,0.0060618,0.0020206
808,43553.6,0.20954,0.00635,0.00917,0.14379,0.78705,0.99923,1,0.995,0.92223,0.99923,1,0.995,0.995,0.45168,0.01521,0.00015,0.19691,0.83853,0.0060321,0.0020107,0.0060321,0.0020107,0.0060321,0.0020107,0.0060321,0.0020107
809,43607.9,0.21097,0.00675,0.0113,0.14472,0.79094,0.99923,1,0.995,0.92288,0.99923,1,0.995,0.995,0.45149,0.01525,0.00015,0.19625,0.83858,0.0060024,0.0020008,0.0060024,0.0020008,0.0060024,0.0020008,0.0060024,0.0020008
810,43661,0.21,0.00679,0.0131,0.1445,0.78835,0.99923,1,0.995,0.92289,0.99923,1,0.995,0.995,0.45129,0.01526,0.00014,0.196,0.83838,0.0059727,0.0019909,0.0059727,0.0019909,0.0059727,0.0019909,0.0059727,0.0019909
811,43716.9,0.20933,0.00696,0.01016,0.14436,0.79087,0.99924,1,0.995,0.92312,0.99924,1,0.995,0.995,0.45051,0.01529,0.00014,0.19481,0.83831,0.005943,0.001981,0.005943,0.001981,0.005943,0.001981,0.005943,0.001981
812,43770.1,0.21085,0.00701,0.01198,0.1442,0.79231,0.99924,1,0.995,0.92212,0.99924,1,0.995,0.995,0.45021,0.01529,0.00014,0.19498,0.83826,0.0059133,0.0019711,0.0059133,0.0019711,0.0059133,0.0019711,0.0059133,0.0019711
813,43824.8,0.20607,0.00705,0.0145,0.14181,0.78773,0.99924,1,0.995,0.92208,0.99924,1,0.995,0.995,0.45091,0.01532,0.00014,0.19654,0.8384,0.0058836,0.0019612,0.0058836,0.0019612,0.0058836,0.0019612,0.0058836,0.0019612
814,43879.5,0.21024,0.00868,0.01527,0.1451,0.79384,0.99924,1,0.995,0.9231,0.99924,1,0.995,0.995,0.45149,0.01534,0.00014,0.19661,0.83826,0.0058539,0.0019513,0.0058539,0.0019513,0.0058539,0.0019513,0.0058539,0.0019513
815,43935.8,0.21115,0.00727,0.01451,0.14103,0.79333,0.99924,1,0.995,0.92314,0.99924,1,0.995,0.995,0.45174,0.01534,0.00014,0.1964,0.83823,0.0058242,0.0019414,0.0058242,0.0019414,0.0058242,0.0019414,0.0058242,0.0019414
816,43989.1,0.20604,0.00805,0.0107,0.1402,0.79079,0.99924,1,0.995,0.92305,0.99924,1,0.995,0.995,0.45052,0.01536,0.00014,0.19482,0.83805,0.0057945,0.0019315,0.0057945,0.0019315,0.0057945,0.0019315,0.0057945,0.0019315
817,44042.9,0.20175,0.00773,0.01065,0.14034,0.78901,0.99924,1,0.995,0.92305,0.99924,1,0.995,0.995,0.44999,0.01537,0.00014,0.19386,0.83841,0.0057648,0.0019216,0.0057648,0.0019216,0.0057648,0.0019216,0.0057648,0.0019216
818,44096.3,0.20908,0.00847,0.01393,0.14451,0.79262,0.99924,1,0.995,0.92299,0.99924,1,0.995,0.995,0.45131,0.01537,0.00014,0.19529,0.83855,0.0057351,0.0019117,0.0057351,0.0019117,0.0057351,0.0019117,0.0057351,0.0019117
819,44150.3,0.20745,0.00724,0.01085,0.14095,0.78833,0.99924,1,0.995,0.92388,0.99924,1,0.995,0.995,0.45189,0.0154,0.00014,0.19687,0.83851,0.0057054,0.0019018,0.0057054,0.0019018,0.0057054,0.0019018,0.0057054,0.0019018
820,44203.4,0.20415,0.00616,0.01294,0.1402,0.79138,0.99924,1,0.995,0.92324,0.99924,1,0.995,0.995,0.45095,0.01541,0.00014,0.19585,0.83846,0.0056757,0.0018919,0.0056757,0.0018919,0.0056757,0.0018919,0.0056757,0.0018919
821,44258.4,0.20921,0.00771,0.01219,0.14389,0.78986,0.99924,1,0.995,0.92305,0.99924,1,0.995,0.995,0.45135,0.01543,0.00013,0.1973,0.83859,0.005646,0.001882,0.005646,0.001882,0.005646,0.001882,0.005646,0.001882
822,44312.6,0.20701,0.00713,0.01504,0.14103,0.78994,0.99924,1,0.995,0.92252,0.99924,1,0.995,0.995,0.4508,0.01545,0.00013,0.19616,0.83865,0.0056163,0.0018721,0.0056163,0.0018721,0.0056163,0.0018721,0.0056163,0.0018721
823,44367,0.19967,0.00668,0.01103,0.1375,0.78513,0.99924,1,0.995,0.92252,0.99924,1,0.995,0.995,0.45161,0.01545,0.00013,0.19713,0.83877,0.0055866,0.0018622,0.0055866,0.0018622,0.0055866,0.0018622,0.0055866,0.0018622
824,44421.7,0.20709,0.00722,0.01499,0.14315,0.78786,0.99924,1,0.995,0.92312,0.99924,1,0.995,0.995,0.45143,0.01545,0.00013,0.19572,0.83867,0.0055569,0.0018523,0.0055569,0.0018523,0.0055569,0.0018523,0.0055569,0.0018523
825,44475.3,0.20389,0.00673,0.00941,0.1416,0.78678,0.99924,1,0.995,0.92252,0.99924,1,0.995,0.995,0.45067,0.01547,0.00013,0.19678,0.83891,0.0055272,0.0018424,0.0055272,0.0018424,0.0055272,0.0018424,0.0055272,0.0018424
826,44528.6,0.20008,0.00676,0.01119,0.1389,0.78647,0.99924,1,0.995,0.92312,0.99924,1,0.995,0.995,0.45085,0.01549,0.00013,0.19738,0.83887,0.0054975,0.0018325,0.0054975,0.0018325,0.0054975,0.0018325,0.0054975,0.0018325
827,44583.3,0.20562,0.00625,0.01073,0.14188,0.78998,0.99924,1,0.995,0.92312,0.99924,1,0.995,0.995,0.45196,0.0155,0.00013,0.19876,0.83894,0.0054678,0.0018226,0.0054678,0.0018226,0.0054678,0.0018226,0.0054678,0.0018226
828,44639.5,0.21249,0.00703,0.01336,0.14507,0.79541,0.99923,1,0.995,0.92343,0.99923,1,0.995,0.995,0.45137,0.01552,0.00013,0.19652,0.83887,0.0054381,0.0018127,0.0054381,0.0018127,0.0054381,0.0018127,0.0054381,0.0018127
829,44695.2,0.20586,0.00701,0.00982,0.1389,0.78786,0.99923,1,0.995,0.92208,0.99923,1,0.995,0.995,0.45215,0.01553,0.00013,0.19765,0.83897,0.0054084,0.0018028,0.0054084,0.0018028,0.0054084,0.0018028,0.0054084,0.0018028
830,44749.9,0.21078,0.00778,0.01605,0.14248,0.7889,0.99923,1,0.995,0.922,0.99923,1,0.995,0.995,0.45083,0.01554,0.00013,0.195,0.83894,0.0053787,0.0017929,0.0053787,0.0017929,0.0053787,0.0017929,0.0053787,0.0017929
831,44802.6,0.20479,0.00824,0.01361,0.14254,0.79153,0.99923,1,0.995,0.922,0.99923,1,0.995,0.995,0.45085,0.01556,0.00013,0.19631,0.83907,0.005349,0.001783,0.005349,0.001783,0.005349,0.001783,0.005349,0.001783
832,44855.5,0.20571,0.0092,0.01258,0.14163,0.78682,0.99923,1,0.995,0.92341,0.99923,1,0.995,0.995,0.45136,0.01557,0.00013,0.19728,0.83909,0.0053193,0.0017731,0.0053193,0.0017731,0.0053193,0.0017731,0.0053193,0.0017731
833,44908.5,0.20381,0.00655,0.01338,0.14024,0.79396,0.99923,1,0.995,0.92525,0.99923,1,0.995,0.995,0.4514,0.0156,0.00013,0.19874,0.8391,0.0052896,0.0017632,0.0052896,0.0017632,0.0052896,0.0017632,0.0052896,0.0017632
834,44961.8,0.20474,0.00686,0.0138,0.14133,0.79398,0.99923,1,0.995,0.92312,0.99923,1,0.995,0.995,0.45136,0.01561,0.00013,0.19716,0.83904,0.0052599,0.0017533,0.0052599,0.0017533,0.0052599,0.0017533,0.0052599,0.0017533
835,45014.4,0.20288,0.00638,0.0129,0.13915,0.79098,0.99923,1,0.995,0.92314,0.99923,1,0.995,0.995,0.45147,0.01562,0.00013,0.19786,0.83918,0.0052302,0.0017434,0.0052302,0.0017434,0.0052302,0.0017434,0.0052302,0.0017434
836,45067.5,0.19802,0.00699,0.01098,0.13862,0.78621,0.99923,1,0.995,0.92379,0.99923,1,0.995,0.995,0.45126,0.01564,0.00013,0.19925,0.83906,0.0052005,0.0017335,0.0052005,0.0017335,0.0052005,0.0017335,0.0052005,0.0017335
837,45120,0.20363,0.0077,0.01085,0.14238,0.79202,0.99923,1,0.995,0.92379,0.99923,1,0.995,0.995,0.45111,0.01566,0.00013,0.19708,0.83919,0.0051708,0.0017236,0.0051708,0.0017236,0.0051708,0.0017236,0.0051708,0.0017236
838,45173.1,0.19864,0.00762,0.0102,0.13638,0.78629,0.99923,1,0.995,0.92368,0.99923,1,0.995,0.995,0.45061,0.01568,0.00013,0.19774,0.83939,0.0051411,0.0017137,0.0051411,0.0017137,0.0051411,0.0017137,0.0051411,0.0017137
839,45226.6,0.20416,0.007,0.01151,0.13932,0.79018,0.99923,1,0.995,0.92309,0.99923,1,0.995,0.995,0.45121,0.0157,0.00013,0.19732,0.8392,0.0051114,0.0017038,0.0051114,0.0017038,0.0051114,0.0017038,0.0051114,0.0017038
840,45283,0.20537,0.00744,0.00942,0.13983,0.78855,0.99923,1,0.995,0.92268,0.99923,1,0.995,0.995,0.45215,0.01571,0.00013,0.19841,0.83925,0.0050817,0.0016939,0.0050817,0.0016939,0.0050817,0.0016939,0.0050817,0.0016939
841,45335.3,0.20181,0.00737,0.01225,0.13731,0.78845,0.99923,1,0.995,0.92287,0.99923,1,0.995,0.995,0.45134,0.01575,0.00013,0.19656,0.83916,0.005052,0.001684,0.005052,0.001684,0.005052,0.001684,0.005052,0.001684
842,45389,0.19881,0.00668,0.01082,0.13838,0.78771,0.99923,1,0.995,0.92392,0.99923,1,0.995,0.995,0.45181,0.01578,0.00013,0.19728,0.83923,0.0050223,0.0016741,0.0050223,0.0016741,0.0050223,0.0016741,0.0050223,0.0016741
843,45443.8,0.20204,0.00844,0.01242,0.13931,0.78942,0.99923,1,0.995,0.92324,0.99923,1,0.995,0.995,0.4506,0.01581,0.00013,0.19814,0.83921,0.0049926,0.0016642,0.0049926,0.0016642,0.0049926,0.0016642,0.0049926,0.0016642
844,45498.2,0.20084,0.00689,0.00933,0.13998,0.78713,0.99923,1,0.995,0.92324,0.99923,1,0.995,0.995,0.45118,0.01582,0.00013,0.19845,0.83936,0.0049629,0.0016543,0.0049629,0.0016543,0.0049629,0.0016543,0.0049629,0.0016543
845,45550.9,0.19915,0.00716,0.01123,0.13724,0.78994,0.99923,1,0.995,0.92324,0.99923,1,0.995,0.995,0.45092,0.01579,0.00013,0.19749,0.83935,0.0049332,0.0016444,0.0049332,0.0016444,0.0049332,0.0016444,0.0049332,0.0016444
846,45603.6,0.19774,0.00665,0.01454,0.14015,0.78338,0.99923,1,0.995,0.92325,0.99923,1,0.995,0.995,0.45118,0.01583,0.00013,0.19558,0.83958,0.0049035,0.0016345,0.0049035,0.0016345,0.0049035,0.0016345,0.0049035,0.0016345
847,45657.4,0.20159,0.00701,0.01324,0.13752,0.78945,0.99923,1,0.995,0.92325,0.99923,1,0.995,0.995,0.45113,0.01584,0.00013,0.19615,0.83948,0.0048738,0.0016246,0.0048738,0.0016246,0.0048738,0.0016246,0.0048738,0.0016246
848,45710.1,0.20484,0.0076,0.01333,0.14097,0.78786,0.99923,1,0.995,0.92591,0.99923,1,0.995,0.995,0.45092,0.01588,0.00013,0.19603,0.83953,0.0048441,0.0016147,0.0048441,0.0016147,0.0048441,0.0016147,0.0048441,0.0016147
849,45763.1,0.19722,0.00658,0.01237,0.13833,0.7899,0.99923,1,0.995,0.92402,0.99923,1,0.995,0.995,0.45078,0.01588,0.00013,0.19632,0.83933,0.0048144,0.0016048,0.0048144,0.0016048,0.0048144,0.0016048,0.0048144,0.0016048
850,45816.4,0.20634,0.00722,0.01316,0.1415,0.79263,0.99923,1,0.995,0.92503,0.99923,1,0.995,0.995,0.45129,0.01592,0.00013,0.19844,0.83958,0.0047847,0.0015949,0.0047847,0.0015949,0.0047847,0.0015949,0.0047847,0.0015949
851,45871.2,0.19741,0.00727,0.01183,0.13641,0.78886,0.99923,1,0.995,0.92513,0.99923,1,0.995,0.995,0.4509,0.01593,0.00013,0.19719,0.83949,0.004755,0.001585,0.004755,0.001585,0.004755,0.001585,0.004755,0.001585
852,45924.3,0.20084,0.00638,0.0128,0.1398,0.79024,0.99923,1,0.995,0.92265,0.99923,1,0.995,0.995,0.45085,0.01594,0.00013,0.19562,0.8394,0.0047253,0.0015751,0.0047253,0.0015751,0.0047253,0.0015751,0.0047253,0.0015751
853,45977.8,0.20072,0.00718,0.01294,0.13603,0.78912,0.99923,1,0.995,0.92187,0.99923,1,0.995,0.995,0.4506,0.01595,0.00013,0.19639,0.8395,0.0046956,0.0015652,0.0046956,0.0015652,0.0046956,0.0015652,0.0046956,0.0015652
854,46031.3,0.20079,0.00703,0.01354,0.13722,0.79137,0.99923,1,0.995,0.92384,0.99923,1,0.995,0.995,0.45052,0.01597,0.00013,0.19617,0.83945,0.0046659,0.0015553,0.0046659,0.0015553,0.0046659,0.0015553,0.0046659,0.0015553
855,46084.5,0.19714,0.00707,0.0113,0.13533,0.79036,0.99923,1,0.995,0.92386,0.99923,1,0.995,0.995,0.45116,0.01598,0.00013,0.19719,0.83952,0.0046362,0.0015454,0.0046362,0.0015454,0.0046362,0.0015454,0.0046362,0.0015454
856,46138.1,0.20338,0.00732,0.01161,0.13894,0.79055,0.99923,1,0.995,0.92187,0.99923,1,0.995,0.995,0.45086,0.01603,0.00012,0.19727,0.83965,0.0046065,0.0015355,0.0046065,0.0015355,0.0046065,0.0015355,0.0046065,0.0015355
857,46190.5,0.19959,0.00769,0.01439,0.13921,0.78691,0.99923,1,0.995,0.92279,0.99923,1,0.995,0.995,0.45086,0.01606,0.00013,0.19511,0.83961,0.0045768,0.0015256,0.0045768,0.0015256,0.0045768,0.0015256,0.0045768,0.0015256
858,46246.3,0.19852,0.0063,0.00938,0.13654,0.7916,0.99923,1,0.995,0.9228,0.99923,1,0.995,0.995,0.451,0.01611,0.00013,0.19416,0.83932,0.0045471,0.0015157,0.0045471,0.0015157,0.0045471,0.0015157,0.0045471,0.0015157
859,46300.6,0.19496,0.00645,0.01042,0.13506,0.78243,0.99924,1,0.995,0.92195,0.99924,1,0.995,0.995,0.45174,0.01613,0.00012,0.1972,0.83951,0.0045174,0.0015058,0.0045174,0.0015058,0.0045174,0.0015058,0.0045174,0.0015058
860,46354.3,0.20022,0.00618,0.01195,0.13685,0.78712,0.99924,1,0.995,0.92195,0.99924,1,0.995,0.995,0.45138,0.01613,0.00013,0.19642,0.83953,0.0044877,0.0014959,0.0044877,0.0014959,0.0044877,0.0014959,0.0044877,0.0014959
861,46408.2,0.19917,0.00677,0.01281,0.13806,0.78865,0.99924,1,0.995,0.92195,0.99924,1,0.995,0.995,0.45075,0.01616,0.00012,0.19895,0.8397,0.004458,0.001486,0.004458,0.001486,0.004458,0.001486,0.004458,0.001486
862,46460.9,0.19976,0.00673,0.01393,0.13812,0.78605,0.99923,1,0.995,0.92182,0.99923,1,0.995,0.995,0.45082,0.01616,0.00012,0.19996,0.83965,0.0044283,0.0014761,0.0044283,0.0014761,0.0044283,0.0014761,0.0044283,0.0014761
863,46514.1,0.19649,0.0069,0.01042,0.13622,0.78795,0.99924,1,0.995,0.92259,0.99924,1,0.995,0.995,0.45127,0.01619,0.00012,0.19726,0.83957,0.0043986,0.0014662,0.0043986,0.0014662,0.0043986,0.0014662,0.0043986,0.0014662
864,46566.1,0.19718,0.00698,0.00742,0.13755,0.79178,0.99924,1,0.995,0.92183,0.99924,1,0.995,0.995,0.45091,0.01617,0.00012,0.19518,0.83973,0.0043689,0.0014563,0.0043689,0.0014563,0.0043689,0.0014563,0.0043689,0.0014563
865,46618.6,0.19305,0.00643,0.00996,0.13351,0.78465,0.99924,1,0.995,0.92205,0.99924,1,0.995,0.995,0.45147,0.0162,0.00012,0.19603,0.83971,0.0043392,0.0014464,0.0043392,0.0014464,0.0043392,0.0014464,0.0043392,0.0014464
866,46671.6,0.1948,0.0066,0.0094,0.13554,0.78857,0.99923,1,0.995,0.92476,0.99923,1,0.995,0.995,0.45129,0.01623,0.00012,0.19806,0.83965,0.0043095,0.0014365,0.0043095,0.0014365,0.0043095,0.0014365,0.0043095,0.0014365
867,46724.2,0.19925,0.00652,0.01012,0.13431,0.78802,0.99923,1,0.995,0.9232,0.99923,1,0.995,0.995,0.45169,0.01627,0.00012,0.19937,0.83968,0.0042798,0.0014266,0.0042798,0.0014266,0.0042798,0.0014266,0.0042798,0.0014266
868,46776.8,0.19705,0.00635,0.01235,0.13651,0.78637,0.99924,1,0.995,0.92403,0.99924,1,0.995,0.995,0.45095,0.01628,0.00012,0.19567,0.83976,0.0042501,0.0014167,0.0042501,0.0014167,0.0042501,0.0014167,0.0042501,0.0014167
869,46829.5,0.19768,0.00685,0.00981,0.13552,0.78789,0.99924,1,0.995,0.9231,0.99924,1,0.995,0.995,0.45199,0.0163,0.00012,0.19755,0.83977,0.0042204,0.0014068,0.0042204,0.0014068,0.0042204,0.0014068,0.0042204,0.0014068
870,46884.4,0.19137,0.00639,0.00977,0.13253,0.77927,0.99924,1,0.995,0.92298,0.99924,1,0.995,0.995,0.45192,0.01634,0.00012,0.19827,0.83988,0.0041907,0.0013969,0.0041907,0.0013969,0.0041907,0.0013969,0.0041907,0.0013969
871,46937.3,0.19542,0.00671,0.01356,0.13362,0.79066,0.99924,1,0.995,0.92292,0.99924,1,0.995,0.995,0.45175,0.01635,0.00012,0.19752,0.83984,0.004161,0.001387,0.004161,0.001387,0.004161,0.001387,0.004161,0.001387
872,46990.6,0.18721,0.00635,0.00995,0.13269,0.78232,0.99923,1,0.995,0.92368,0.99923,1,0.995,0.995,0.45151,0.01638,0.00012,0.19774,0.83982,0.0041313,0.0013771,0.0041313,0.0013771,0.0041313,0.0013771,0.0041313,0.0013771
873,47043.3,0.19502,0.00627,0.01146,0.13532,0.79022,0.99924,1,0.995,0.92218,0.99924,1,0.995,0.995,0.45104,0.01642,0.00012,0.19795,0.83989,0.0041016,0.0013672,0.0041016,0.0013672,0.0041016,0.0013672,0.0041016,0.0013672
874,47096.2,0.19894,0.00607,0.01147,0.13536,0.78742,0.99924,1,0.995,0.92313,0.99924,1,0.995,0.995,0.45174,0.01644,0.00012,0.19699,0.84014,0.0040719,0.0013573,0.0040719,0.0013573,0.0040719,0.0013573,0.0040719,0.0013573
875,47149.2,0.19175,0.00613,0.00882,0.13047,0.78679,0.99924,1,0.995,0.92305,0.99924,1,0.995,0.995,0.45143,0.01647,0.00012,0.19629,0.84005,0.0040422,0.0013474,0.0040422,0.0013474,0.0040422,0.0013474,0.0040422,0.0013474
876,47202.3,0.19215,0.00613,0.01073,0.13315,0.78554,0.99924,1,0.995,0.92398,0.99924,1,0.995,0.995,0.45219,0.01649,0.00012,0.19837,0.84021,0.0040125,0.0013375,0.0040125,0.0013375,0.0040125,0.0013375,0.0040125,0.0013375
877,47255.2,0.19236,0.00658,0.00984,0.13256,0.78695,0.99924,1,0.995,0.92399,0.99924,1,0.995,0.995,0.45183,0.01653,0.00012,0.19702,0.84017,0.0039828,0.0013276,0.0039828,0.0013276,0.0039828,0.0013276,0.0039828,0.0013276
878,47308,0.18996,0.00592,0.00894,0.13186,0.78636,0.99924,1,0.995,0.92341,0.99924,1,0.995,0.995,0.45128,0.01655,0.00012,0.19653,0.8402,0.0039531,0.0013177,0.0039531,0.0013177,0.0039531,0.0013177,0.0039531,0.0013177
879,47362.1,0.19608,0.00637,0.01055,0.13415,0.79189,0.99924,1,0.995,0.92324,0.99924,1,0.995,0.995,0.45134,0.01657,0.00012,0.19698,0.84013,0.0039234,0.0013078,0.0039234,0.0013078,0.0039234,0.0013078,0.0039234,0.0013078
880,47415.5,0.19169,0.00704,0.01218,0.13206,0.78674,0.99924,1,0.995,0.92298,0.99924,1,0.995,0.995,0.45178,0.01658,0.00012,0.19749,0.8402,0.0038937,0.0012979,0.0038937,0.0012979,0.0038937,0.0012979,0.0038937,0.0012979
881,47468.9,0.19065,0.00622,0.01218,0.13266,0.78775,0.99924,1,0.995,0.92425,0.99924,1,0.995,0.995,0.45175,0.01658,0.00012,0.19695,0.84012,0.003864,0.001288,0.003864,0.001288,0.003864,0.001288,0.003864,0.001288
882,47522.9,0.19104,0.00642,0.01092,0.13275,0.78671,0.99924,1,0.995,0.92344,0.99924,1,0.995,0.995,0.45154,0.01657,0.00012,0.19699,0.84036,0.0038343,0.0012781,0.0038343,0.0012781,0.0038343,0.0012781,0.0038343,0.0012781
883,47575.4,0.19199,0.00636,0.01131,0.13365,0.7882,0.99924,1,0.995,0.92344,0.99924,1,0.995,0.995,0.45134,0.0166,0.00012,0.19673,0.84036,0.0038046,0.0012682,0.0038046,0.0012682,0.0038046,0.0012682,0.0038046,0.0012682
884,47627.6,0.19493,0.00736,0.0124,0.13209,0.78527,0.99924,1,0.995,0.92326,0.99924,1,0.995,0.995,0.45164,0.0166,0.00012,0.1933,0.84024,0.0037749,0.0012583,0.0037749,0.0012583,0.0037749,0.0012583,0.0037749,0.0012583
885,47680.3,0.18757,0.0062,0.01068,0.13035,0.78411,0.99924,1,0.995,0.92319,0.99924,1,0.995,0.995,0.45203,0.01663,0.00012,0.19815,0.8402,0.0037452,0.0012484,0.0037452,0.0012484,0.0037452,0.0012484,0.0037452,0.0012484
886,47732.4,0.19339,0.00667,0.01048,0.13402,0.78787,0.99924,1,0.995,0.9241,0.99924,1,0.995,0.995,0.45125,0.01664,0.00012,0.19716,0.84037,0.0037155,0.0012385,0.0037155,0.0012385,0.0037155,0.0012385,0.0037155,0.0012385
887,47784.7,0.19399,0.0069,0.01088,0.13231,0.79301,0.99924,1,0.995,0.92357,0.99924,1,0.995,0.995,0.45143,0.01667,0.00012,0.19673,0.84035,0.0036858,0.0012286,0.0036858,0.0012286,0.0036858,0.0012286,0.0036858,0.0012286
888,47837.2,0.19227,0.0065,0.01123,0.1328,0.78503,0.99924,1,0.995,0.92364,0.99924,1,0.995,0.995,0.45156,0.01668,0.00012,0.1963,0.84044,0.0036561,0.0012187,0.0036561,0.0012187,0.0036561,0.0012187,0.0036561,0.0012187
889,47891.9,0.18581,0.00612,0.01081,0.1286,0.78735,0.99924,1,0.995,0.9245,0.99924,1,0.995,0.995,0.45199,0.01671,0.00012,0.19837,0.84034,0.0036264,0.0012088,0.0036264,0.0012088,0.0036264,0.0012088,0.0036264,0.0012088
890,47944.3,0.18953,0.00663,0.01222,0.1301,0.78709,0.99924,1,0.995,0.92472,0.99924,1,0.995,0.995,0.45245,0.01671,0.00012,0.19738,0.84037,0.0035967,0.0011989,0.0035967,0.0011989,0.0035967,0.0011989,0.0035967,0.0011989
891,47996.8,0.18544,0.00602,0.01064,0.12885,0.78699,0.99924,1,0.995,0.92175,0.99924,1,0.995,0.995,0.45212,0.01671,0.00012,0.19818,0.8405,0.003567,0.001189,0.003567,0.001189,0.003567,0.001189,0.003567,0.001189
892,48049.4,0.19608,0.00724,0.01205,0.13475,0.7905,0.99924,1,0.995,0.9243,0.99924,1,0.995,0.995,0.45079,0.01673,0.00012,0.1986,0.84047,0.0035373,0.0011791,0.0035373,0.0011791,0.0035373,0.0011791,0.0035373,0.0011791
893,48101.6,0.19048,0.00711,0.01462,0.13176,0.79135,0.99924,1,0.995,0.92424,0.99924,1,0.995,0.995,0.4511,0.01675,0.00012,0.19861,0.84054,0.0035076,0.0011692,0.0035076,0.0011692,0.0035076,0.0011692,0.0035076,0.0011692
894,48153.9,0.18523,0.00677,0.01134,0.12916,0.7863,0.99924,1,0.995,0.92267,0.99924,1,0.995,0.995,0.45234,0.01676,0.00012,0.19818,0.84051,0.0034779,0.0011593,0.0034779,0.0011593,0.0034779,0.0011593,0.0034779,0.0011593
895,48205.9,0.18559,0.00657,0.0085,0.12982,0.78658,0.99924,1,0.995,0.92438,0.99924,1,0.995,0.995,0.45262,0.01677,0.00012,0.19442,0.84047,0.0034482,0.0011494,0.0034482,0.0011494,0.0034482,0.0011494,0.0034482,0.0011494
896,48258.3,0.18574,0.00692,0.01266,0.12911,0.78546,0.99924,1,0.995,0.92438,0.99924,1,0.995,0.995,0.45234,0.01679,0.00012,0.19509,0.84058,0.0034185,0.0011395,0.0034185,0.0011395,0.0034185,0.0011395,0.0034185,0.0011395
897,48310.7,0.18896,0.00667,0.01066,0.13066,0.79043,0.99924,1,0.995,0.92454,0.99924,1,0.995,0.995,0.45202,0.0168,0.00012,0.19863,0.84052,0.0033888,0.0011296,0.0033888,0.0011296,0.0033888,0.0011296,0.0033888,0.0011296
898,48362.9,0.18657,0.00633,0.00977,0.12974,0.78482,0.99924,1,0.995,0.92493,0.99924,1,0.995,0.995,0.45128,0.01682,0.00012,0.19861,0.84058,0.0033591,0.0011197,0.0033591,0.0011197,0.0033591,0.0011197,0.0033591,0.0011197
899,48415.3,0.18781,0.00681,0.01035,0.12942,0.7872,0.99924,1,0.995,0.92517,0.99924,1,0.995,0.995,0.45221,0.01684,0.00012,0.20011,0.84055,0.0033294,0.0011098,0.0033294,0.0011098,0.0033294,0.0011098,0.0033294,0.0011098
900,48467.3,0.18531,0.00593,0.01056,0.12731,0.78485,0.99924,1,0.995,0.92404,0.99924,1,0.995,0.995,0.45242,0.01684,0.00012,0.19965,0.84065,0.0032997,0.0010999,0.0032997,0.0010999,0.0032997,0.0010999,0.0032997,0.0010999
901,48519.6,0.18784,0.00629,0.00999,0.13071,0.78633,0.99924,1,0.995,0.92337,0.99924,1,0.995,0.995,0.45224,0.01687,0.00012,0.19438,0.84062,0.00327,0.00109,0.00327,0.00109,0.00327,0.00109,0.00327,0.00109
902,48571.8,0.194,0.00644,0.01289,0.13237,0.79029,0.99924,1,0.995,0.92177,0.99924,1,0.995,0.995,0.45257,0.01689,0.00012,0.19667,0.8407,0.0032403,0.0010801,0.0032403,0.0010801,0.0032403,0.0010801,0.0032403,0.0010801
903,48624,0.18447,0.00694,0.0076,0.12486,0.78251,0.99924,1,0.995,0.92266,0.99924,1,0.995,0.995,0.45307,0.01692,0.00012,0.19726,0.8407,0.0032106,0.0010702,0.0032106,0.0010702,0.0032106,0.0010702,0.0032106,0.0010702
904,48676,0.18759,0.0056,0.00724,0.1298,0.78638,0.99924,1,0.995,0.92438,0.99924,1,0.995,0.995,0.45277,0.01688,0.00012,0.20039,0.84076,0.0031809,0.0010603,0.0031809,0.0010603,0.0031809,0.0010603,0.0031809,0.0010603
905,48728.5,0.18826,0.00624,0.00928,0.1286,0.7839,0.99924,1,0.995,0.92447,0.99924,1,0.995,0.995,0.45324,0.01692,0.00012,0.20016,0.8409,0.0031512,0.0010504,0.0031512,0.0010504,0.0031512,0.0010504,0.0031512,0.0010504
906,48781.1,0.19757,0.00821,0.01275,0.13853,0.78939,0.99924,1,0.995,0.92266,0.99924,1,0.995,0.995,0.45233,0.01695,0.00012,0.19947,0.84074,0.0031215,0.0010405,0.0031215,0.0010405,0.0031215,0.0010405,0.0031215,0.0010405
907,48833.2,0.18527,0.00689,0.01121,0.12849,0.78497,0.99923,1,0.995,0.92521,0.99923,1,0.995,0.995,0.45235,0.01697,0.00012,0.1973,0.84081,0.0030918,0.0010306,0.0030918,0.0010306,0.0030918,0.0010306,0.0030918,0.0010306
908,48885.6,0.18073,0.00573,0.00789,0.12562,0.78588,0.99923,1,0.995,0.92192,0.99923,1,0.995,0.995,0.45205,0.01699,0.00012,0.19747,0.84086,0.0030621,0.0010207,0.0030621,0.0010207,0.0030621,0.0010207,0.0030621,0.0010207
909,48938.5,0.19009,0.0061,0.00863,0.12905,0.78716,0.99923,1,0.995,0.92431,0.99923,1,0.995,0.995,0.45222,0.01703,0.00012,0.19794,0.84083,0.0030324,0.0010108,0.0030324,0.0010108,0.0030324,0.0010108,0.0030324,0.0010108
910,48990.9,0.18499,0.00677,0.01089,0.12753,0.7882,0.99924,1,0.995,0.9219,0.99924,1,0.995,0.995,0.45272,0.01702,0.00012,0.2001,0.841,0.0030027,0.0010009,0.0030027,0.0010009,0.0030027,0.0010009,0.0030027,0.0010009
911,49042.8,0.18678,0.00607,0.01024,0.12894,0.78369,0.99923,1,0.995,0.92188,0.99923,1,0.995,0.995,0.453,0.01704,0.00012,0.20065,0.84096,0.002973,0.000991,0.002973,0.000991,0.002973,0.000991,0.002973,0.000991
912,49096.1,0.18545,0.00614,0.01053,0.12586,0.78597,0.99924,1,0.995,0.92412,0.99924,1,0.995,0.995,0.45318,0.01705,0.00012,0.20166,0.84106,0.0029433,0.0009811,0.0029433,0.0009811,0.0029433,0.0009811,0.0029433,0.0009811
913,49148.2,0.18468,0.00605,0.01463,0.12903,0.7861,0.99924,1,0.995,0.92093,0.99924,1,0.995,0.995,0.45204,0.01705,0.00012,0.19749,0.84089,0.0029136,0.0009712,0.0029136,0.0009712,0.0029136,0.0009712,0.0029136,0.0009712
914,49200.6,0.18618,0.00647,0.01279,0.12686,0.78762,0.99924,1,0.995,0.92261,0.99924,1,0.995,0.995,0.45165,0.01706,0.00012,0.19574,0.84092,0.0028839,0.0009613,0.0028839,0.0009613,0.0028839,0.0009613,0.0028839,0.0009613
915,49253.3,0.18925,0.00635,0.01054,0.12933,0.78558,0.99924,1,0.995,0.92427,0.99924,1,0.995,0.995,0.45088,0.01706,0.00012,0.19448,0.84099,0.0028542,0.0009514,0.0028542,0.0009514,0.0028542,0.0009514,0.0028542,0.0009514
916,49306.6,0.18563,0.00656,0.01143,0.1279,0.78798,0.99924,1,0.995,0.92325,0.99924,1,0.995,0.995,0.45199,0.01707,0.00012,0.19606,0.84099,0.0028245,0.0009415,0.0028245,0.0009415,0.0028245,0.0009415,0.0028245,0.0009415
917,49359.3,0.17887,0.00502,0.00956,0.12591,0.78148,0.99924,1,0.995,0.92085,0.99924,1,0.995,0.995,0.45317,0.0171,0.00012,0.20178,0.84119,0.0027948,0.0009316,0.0027948,0.0009316,0.0027948,0.0009316,0.0027948,0.0009316
918,49412.1,0.17881,0.00577,0.00915,0.12417,0.78299,0.99924,1,0.995,0.92093,0.99924,1,0.995,0.995,0.45244,0.0171,0.00012,0.20333,0.84108,0.0027651,0.0009217,0.0027651,0.0009217,0.0027651,0.0009217,0.0027651,0.0009217
919,49465,0.1861,0.00645,0.00995,0.12772,0.78578,0.99924,1,0.995,0.92346,0.99924,1,0.995,0.995,0.45241,0.01712,0.00012,0.2015,0.84103,0.0027354,0.0009118,0.0027354,0.0009118,0.0027354,0.0009118,0.0027354,0.0009118
920,49517.1,0.18279,0.00568,0.00841,0.1272,0.78559,0.99924,1,0.995,0.92357,0.99924,1,0.995,0.995,0.45263,0.01711,0.00012,0.20059,0.84123,0.0027057,0.0009019,0.0027057,0.0009019,0.0027057,0.0009019,0.0027057,0.0009019
921,49571.9,0.18603,0.0055,0.0104,0.12737,0.7801,0.99924,1,0.995,0.92207,0.99924,1,0.995,0.995,0.45218,0.01715,0.00012,0.19675,0.84105,0.002676,0.000892,0.002676,0.000892,0.002676,0.000892,0.002676,0.000892
922,49623.8,0.17699,0.00599,0.01062,0.12409,0.78534,0.99924,1,0.995,0.92205,0.99924,1,0.995,0.995,0.45176,0.01715,0.00012,0.19652,0.84119,0.0026463,0.0008821,0.0026463,0.0008821,0.0026463,0.0008821,0.0026463,0.0008821
923,49676.1,0.18188,0.00583,0.01052,0.12626,0.78291,0.99924,1,0.995,0.92356,0.99924,1,0.995,0.995,0.45255,0.01716,0.00012,0.20135,0.84109,0.0026166,0.0008722,0.0026166,0.0008722,0.0026166,0.0008722,0.0026166,0.0008722
924,49728.5,0.17909,0.00576,0.0096,0.12326,0.78673,0.99924,1,0.995,0.92367,0.99924,1,0.995,0.995,0.4517,0.01717,0.00012,0.20374,0.84123,0.0025869,0.0008623,0.0025869,0.0008623,0.0025869,0.0008623,0.0025869,0.0008623
925,49780.7,0.18361,0.00653,0.00856,0.12637,0.78621,0.99924,1,0.995,0.92333,0.99924,1,0.995,0.995,0.4521,0.01717,0.00012,0.20078,0.84116,0.0025572,0.0008524,0.0025572,0.0008524,0.0025572,0.0008524,0.0025572,0.0008524
926,49833,0.18347,0.00663,0.00968,0.12515,0.7832,0.99924,1,0.995,0.92334,0.99924,1,0.995,0.995,0.45142,0.01719,0.00012,0.19989,0.84117,0.0025275,0.0008425,0.0025275,0.0008425,0.0025275,0.0008425,0.0025275,0.0008425
927,49884.9,0.18184,0.00571,0.00851,0.12454,0.78502,0.99924,1,0.995,0.92252,0.99924,1,0.995,0.995,0.45214,0.01723,0.00012,0.19984,0.84113,0.0024978,0.0008326,0.0024978,0.0008326,0.0024978,0.0008326,0.0024978,0.0008326
928,49937.2,0.18125,0.00594,0.00915,0.12535,0.78452,0.99924,1,0.995,0.92431,0.99924,1,0.995,0.995,0.45184,0.01723,0.00012,0.20166,0.84118,0.0024681,0.0008227,0.0024681,0.0008227,0.0024681,0.0008227,0.0024681,0.0008227
929,49989.3,0.17949,0.00587,0.00982,0.12438,0.78283,0.99924,1,0.995,0.92073,0.99924,1,0.995,0.995,0.45252,0.01725,0.00012,0.20009,0.84123,0.0024384,0.0008128,0.0024384,0.0008128,0.0024384,0.0008128,0.0024384,0.0008128
930,50041.5,0.17837,0.00676,0.01196,0.1237,0.78335,0.99924,1,0.995,0.92428,0.99924,1,0.995,0.995,0.452,0.01727,0.00012,0.20077,0.84118,0.0024087,0.0008029,0.0024087,0.0008029,0.0024087,0.0008029,0.0024087,0.0008029
931,50093.5,0.17932,0.00604,0.00982,0.12509,0.78605,0.99924,1,0.995,0.92425,0.99924,1,0.995,0.995,0.45247,0.01725,0.00012,0.20196,0.84152,0.002379,0.000793,0.002379,0.000793,0.002379,0.000793,0.002379,0.000793
932,50146,0.18299,0.0069,0.01088,0.12557,0.78743,0.99924,1,0.995,0.92336,0.99924,1,0.995,0.995,0.45322,0.01725,0.00012,0.20071,0.84155,0.0023493,0.0007831,0.0023493,0.0007831,0.0023493,0.0007831,0.0023493,0.0007831
933,50198.4,0.18071,0.00542,0.00883,0.12366,0.78557,0.99924,1,0.995,0.92425,0.99924,1,0.995,0.995,0.4523,0.01725,0.00012,0.20095,0.84145,0.0023196,0.0007732,0.0023196,0.0007732,0.0023196,0.0007732,0.0023196,0.0007732
934,50250.5,0.17625,0.00524,0.01008,0.12124,0.78659,0.99924,1,0.995,0.92321,0.99924,1,0.995,0.995,0.4525,0.01727,0.00012,0.20122,0.84152,0.0022899,0.0007633,0.0022899,0.0007633,0.0022899,0.0007633,0.0022899,0.0007633
935,50302.8,0.1805,0.00549,0.00867,0.12485,0.78456,0.99924,1,0.995,0.92447,0.99924,1,0.995,0.995,0.45244,0.01731,0.00012,0.19968,0.84144,0.0022602,0.0007534,0.0022602,0.0007534,0.0022602,0.0007534,0.0022602,0.0007534
936,50354.9,0.17618,0.00545,0.01133,0.12216,0.78719,0.99924,1,0.995,0.9244,0.99924,1,0.995,0.995,0.45341,0.01732,0.00011,0.20131,0.84145,0.0022305,0.0007435,0.0022305,0.0007435,0.0022305,0.0007435,0.0022305,0.0007435
937,50407.2,0.18206,0.00657,0.01211,0.12542,0.78693,0.99924,1,0.995,0.92013,0.99924,1,0.995,0.995,0.4524,0.01731,0.00011,0.20098,0.84164,0.0022008,0.0007336,0.0022008,0.0007336,0.0022008,0.0007336,0.0022008,0.0007336
938,50459.9,0.17931,0.00592,0.01316,0.12347,0.78281,0.99924,1,0.995,0.92173,0.99924,1,0.995,0.995,0.45199,0.01733,0.00011,0.19912,0.84172,0.0021711,0.0007237,0.0021711,0.0007237,0.0021711,0.0007237,0.0021711,0.0007237
939,50512.5,0.17779,0.00644,0.00978,0.12341,0.77925,0.99924,1,0.995,0.92262,0.99924,1,0.995,0.995,0.45253,0.01734,0.00011,0.20097,0.84175,0.0021414,0.0007138,0.0021414,0.0007138,0.0021414,0.0007138,0.0021414,0.0007138
940,50564.7,0.17935,0.00601,0.01112,0.12268,0.78291,0.99924,1,0.995,0.92448,0.99924,1,0.995,0.995,0.45243,0.01737,0.00011,0.2005,0.8418,0.0021117,0.0007039,0.0021117,0.0007039,0.0021117,0.0007039,0.0021117,0.0007039
941,50617.1,0.17846,0.00636,0.01036,0.12401,0.78316,0.99924,1,0.995,0.92355,0.99924,1,0.995,0.995,0.45303,0.01514,0.0001,0.19807,0.8418,0.002082,0.000694,0.002082,0.000694,0.002082,0.000694,0.002082,0.000694
942,50669.4,0.17813,0.00651,0.01051,0.12238,0.78466,0.99925,1,0.995,0.92432,0.99925,1,0.995,0.995,0.45245,0.01517,0.0001,0.20033,0.84161,0.0020523,0.0006841,0.0020523,0.0006841,0.0020523,0.0006841,0.0020523,0.0006841
943,50721.6,0.17978,0.00641,0.01107,0.12324,0.78324,0.99925,1,0.995,0.92349,0.99925,1,0.995,0.995,0.45201,0.01518,0.0001,0.19963,0.84173,0.0020226,0.0006742,0.0020226,0.0006742,0.0020226,0.0006742,0.0020226,0.0006742
944,50774.8,0.17866,0.00569,0.01123,0.12339,0.78708,0.99925,1,0.995,0.92438,0.99925,1,0.995,0.995,0.45205,0.01519,0.0001,0.2006,0.84178,0.0019929,0.0006643,0.0019929,0.0006643,0.0019929,0.0006643,0.0019929,0.0006643
945,50827.2,0.17283,0.007,0.00909,0.11915,0.77867,0.99925,1,0.995,0.92342,0.99925,1,0.995,0.995,0.45224,0.01519,0.0001,0.2016,0.84183,0.0019632,0.0006544,0.0019632,0.0006544,0.0019632,0.0006544,0.0019632,0.0006544
946,50879.4,0.18087,0.00565,0.01122,0.12356,0.78599,0.99925,1,0.995,0.92245,0.99925,1,0.995,0.995,0.45227,0.01522,0.0001,0.20209,0.84183,0.0019335,0.0006445,0.0019335,0.0006445,0.0019335,0.0006445,0.0019335,0.0006445
947,50931.5,0.18085,0.00578,0.00947,0.1255,0.78658,0.99925,1,0.995,0.92254,0.99925,1,0.995,0.995,0.45311,0.01524,0.0001,0.1996,0.84195,0.0019038,0.0006346,0.0019038,0.0006346,0.0019038,0.0006346,0.0019038,0.0006346
948,50983.9,0.17675,0.00571,0.01454,0.12084,0.78884,0.99925,1,0.995,0.92251,0.99925,1,0.995,0.995,0.4535,0.01527,0.0001,0.19995,0.84194,0.0018741,0.0006247,0.0018741,0.0006247,0.0018741,0.0006247,0.0018741,0.0006247
949,51038.1,0.17327,0.00647,0.01297,0.12076,0.78751,0.99924,1,0.995,0.92266,0.99924,1,0.995,0.995,0.45239,0.01534,0.0001,0.20038,0.84179,0.0018444,0.0006148,0.0018444,0.0006148,0.0018444,0.0006148,0.0018444,0.0006148
950,51090.2,0.17039,0.00547,0.01159,0.11824,0.78354,0.99924,1,0.995,0.92325,0.99924,1,0.995,0.995,0.45246,0.01536,0.0001,0.19889,0.84198,0.0018147,0.0006049,0.0018147,0.0006049,0.0018147,0.0006049,0.0018147,0.0006049
951,51142.9,0.17811,0.00523,0.00904,0.1225,0.7898,0.99924,1,0.995,0.9246,0.99924,1,0.995,0.995,0.45212,0.01543,0.0001,0.20035,0.84183,0.001785,0.000595,0.001785,0.000595,0.001785,0.000595,0.001785,0.000595
952,51194.9,0.17238,0.00576,0.01066,0.11763,0.78119,0.99924,1,0.995,0.92462,0.99924,1,0.995,0.995,0.45282,0.01545,0.0001,0.19977,0.84195,0.0017553,0.0005851,0.0017553,0.0005851,0.0017553,0.0005851,0.0017553,0.0005851
953,51247,0.17518,0.00616,0.00981,0.11873,0.78243,0.99924,1,0.995,0.92464,0.99924,1,0.995,0.995,0.45238,0.01548,0.0001,0.20104,0.84184,0.0017256,0.0005752,0.0017256,0.0005752,0.0017256,0.0005752,0.0017256,0.0005752
954,51299.1,0.17225,0.00573,0.01176,0.11829,0.7851,0.99924,1,0.995,0.92334,0.99924,1,0.995,0.995,0.45238,0.01551,0.0001,0.20115,0.84194,0.0016959,0.0005653,0.0016959,0.0005653,0.0016959,0.0005653,0.0016959,0.0005653
955,51351.7,0.17359,0.00584,0.00994,0.11891,0.78229,0.99924,1,0.995,0.92465,0.99924,1,0.995,0.995,0.45217,0.01552,0.0001,0.19936,0.84191,0.0016662,0.0005554,0.0016662,0.0005554,0.0016662,0.0005554,0.0016662,0.0005554
956,51403.9,0.17123,0.00611,0.00913,0.11747,0.78548,0.99924,1,0.995,0.92376,0.99924,1,0.995,0.995,0.45244,0.01555,0.0001,0.20291,0.84189,0.0016365,0.0005455,0.0016365,0.0005455,0.0016365,0.0005455,0.0016365,0.0005455
957,51456.4,0.1744,0.00553,0.00974,0.11911,0.78754,0.99924,1,0.995,0.92216,0.99924,1,0.995,0.995,0.45365,0.01558,0.0001,0.20009,0.84181,0.0016068,0.0005356,0.0016068,0.0005356,0.0016068,0.0005356,0.0016068,0.0005356
958,51508.6,0.17971,0.00505,0.01094,0.12042,0.78595,0.99924,1,0.995,0.92244,0.99924,1,0.995,0.995,0.45345,0.01559,0.0001,0.2007,0.84177,0.0015771,0.0005257,0.0015771,0.0005257,0.0015771,0.0005257,0.0015771,0.0005257
959,51560.9,0.1744,0.00533,0.01125,0.11982,0.78828,0.99924,1,0.995,0.9238,0.99924,1,0.995,0.995,0.45199,0.01561,0.0001,0.20201,0.84173,0.0015474,0.0005158,0.0015474,0.0005158,0.0015474,0.0005158,0.0015474,0.0005158
960,51613.3,0.18154,0.00589,0.00767,0.126,0.7855,0.99924,1,0.995,0.92367,0.99924,1,0.995,0.995,0.4525,0.01564,0.0001,0.20338,0.84186,0.0015177,0.0005059,0.0015177,0.0005059,0.0015177,0.0005059,0.0015177,0.0005059
961,51665.5,0.17271,0.00554,0.00982,0.11862,0.786,0.99924,1,0.995,0.92283,0.99924,1,0.995,0.995,0.45242,0.01564,0.0001,0.20196,0.84206,0.001488,0.000496,0.001488,0.000496,0.001488,0.000496,0.001488,0.000496
962,51718,0.17026,0.00577,0.00789,0.11913,0.78377,0.99924,1,0.995,0.9221,0.99924,1,0.995,0.995,0.45429,0.01566,0.0001,0.20126,0.84213,0.0014583,0.0004861,0.0014583,0.0004861,0.0014583,0.0004861,0.0014583,0.0004861
963,51770,0.17323,0.00604,0.00809,0.11856,0.78163,0.99924,1,0.995,0.92218,0.99924,1,0.995,0.995,0.45417,0.01566,0.0001,0.20144,0.84212,0.0014286,0.0004762,0.0014286,0.0004762,0.0014286,0.0004762,0.0014286,0.0004762
964,51822.6,0.17455,0.00581,0.01054,0.1198,0.78247,0.99924,1,0.995,0.92123,0.99924,1,0.995,0.995,0.45426,0.01569,0.0001,0.20314,0.84207,0.0013989,0.0004663,0.0013989,0.0004663,0.0013989,0.0004663,0.0013989,0.0004663
965,51876.6,0.17874,0.00554,0.0104,0.12207,0.7902,0.99924,1,0.995,0.92295,0.99924,1,0.995,0.995,0.45241,0.0157,0.0001,0.2037,0.84188,0.0013692,0.0004564,0.0013692,0.0004564,0.0013692,0.0004564,0.0013692,0.0004564
966,51929,0.17171,0.00538,0.0088,0.11853,0.78796,0.99924,1,0.995,0.92232,0.99924,1,0.995,0.995,0.45342,0.01571,0.0001,0.20097,0.84215,0.0013395,0.0004465,0.0013395,0.0004465,0.0013395,0.0004465,0.0013395,0.0004465
967,51981,0.17217,0.00534,0.0092,0.11861,0.78612,0.99924,1,0.995,0.92294,0.99924,1,0.995,0.995,0.45309,0.01571,0.0001,0.20122,0.84219,0.0013098,0.0004366,0.0013098,0.0004366,0.0013098,0.0004366,0.0013098,0.0004366
968,52033.4,0.17227,0.00658,0.00824,0.11792,0.7823,0.99924,1,0.995,0.92142,0.99924,1,0.995,0.995,0.45374,0.01572,0.0001,0.2022,0.84208,0.0012801,0.0004267,0.0012801,0.0004267,0.0012801,0.0004267,0.0012801,0.0004267
969,52085.9,0.17354,0.00537,0.00919,0.12004,0.78341,0.99924,1,0.995,0.92148,0.99924,1,0.995,0.995,0.45496,0.01572,0.0001,0.20141,0.84217,0.0012504,0.0004168,0.0012504,0.0004168,0.0012504,0.0004168,0.0012504,0.0004168
970,52138,0.17405,0.00516,0.00996,0.1198,0.78489,0.99924,1,0.995,0.92162,0.99924,1,0.995,0.995,0.45422,0.01573,0.0001,0.20213,0.84222,0.0012207,0.0004069,0.0012207,0.0004069,0.0012207,0.0004069,0.0012207,0.0004069
971,52190.6,0.16992,0.00578,0.01102,0.11786,0.78355,0.99923,1,0.995,0.92407,0.99923,1,0.995,0.995,0.45219,0.01575,9e-05,0.20468,0.84206,0.001191,0.000397,0.001191,0.000397,0.001191,0.000397,0.001191,0.000397
972,52243.4,0.174,0.00565,0.01133,0.11862,0.78796,0.99923,1,0.995,0.92319,0.99923,1,0.995,0.995,0.45249,0.01576,9e-05,0.20485,0.84209,0.0011613,0.0003871,0.0011613,0.0003871,0.0011613,0.0003871,0.0011613,0.0003871
973,52298.7,0.16827,0.00527,0.00856,0.11504,0.78623,0.99923,1,0.995,0.92256,0.99923,1,0.995,0.995,0.45388,0.01579,9e-05,0.20109,0.84211,0.0011316,0.0003772,0.0011316,0.0003772,0.0011316,0.0003772,0.0011316,0.0003772
974,52354.7,0.16742,0.006,0.00942,0.11695,0.78168,0.99923,1,0.995,0.92243,0.99923,1,0.995,0.995,0.4538,0.01579,9e-05,0.20234,0.84204,0.0011019,0.0003673,0.0011019,0.0003673,0.0011019,0.0003673,0.0011019,0.0003673
975,52409.4,0.17004,0.00599,0.00937,0.11703,0.7849,0.99923,1,0.995,0.92396,0.99923,1,0.995,0.995,0.45252,0.0158,9e-05,0.20325,0.84212,0.0010722,0.0003574,0.0010722,0.0003574,0.0010722,0.0003574,0.0010722,0.0003574
976,52461.7,0.17334,0.00626,0.00937,0.11948,0.78237,0.99923,1,0.995,0.92246,0.99923,1,0.995,0.995,0.45333,0.0158,9e-05,0.20223,0.84216,0.0010425,0.0003475,0.0010425,0.0003475,0.0010425,0.0003475,0.0010425,0.0003475
977,52514.8,0.16869,0.00584,0.01153,0.1187,0.78014,0.99923,1,0.995,0.92398,0.99923,1,0.995,0.995,0.45255,0.01583,9e-05,0.20467,0.84218,0.0010128,0.0003376,0.0010128,0.0003376,0.0010128,0.0003376,0.0010128,0.0003376
978,52568,0.17501,0.00559,0.01063,0.11825,0.78644,0.99923,1,0.995,0.92246,0.99923,1,0.995,0.995,0.45344,0.01584,9e-05,0.20371,0.842,0.0009831,0.0003277,0.0009831,0.0003277,0.0009831,0.0003277,0.0009831,0.0003277
979,52620.6,0.16876,0.00523,0.00903,0.11771,0.7842,0.99923,1,0.995,0.92331,0.99923,1,0.995,0.995,0.45438,0.01583,9e-05,0.20326,0.84213,0.0009534,0.0003178,0.0009534,0.0003178,0.0009534,0.0003178,0.0009534,0.0003178
980,52673.7,0.17114,0.00578,0.00833,0.11887,0.78808,0.99923,1,0.995,0.92398,0.99923,1,0.995,0.995,0.45313,0.01585,9e-05,0.20426,0.84219,0.0009237,0.0003079,0.0009237,0.0003079,0.0009237,0.0003079,0.0009237,0.0003079
981,52726,0.16597,0.00512,0.0076,0.11482,0.78469,0.99923,1,0.995,0.92228,0.99923,1,0.995,0.995,0.45396,0.01584,9e-05,0.20288,0.84216,0.000894,0.000298,0.000894,0.000298,0.000894,0.000298,0.000894,0.000298
982,52780.5,0.16865,0.00534,0.00841,0.11792,0.78278,0.99923,1,0.995,0.92317,0.99923,1,0.995,0.995,0.45312,0.01587,9e-05,0.2033,0.84228,0.0008643,0.0002881,0.0008643,0.0002881,0.0008643,0.0002881,0.0008643,0.0002881
983,52834.9,0.16898,0.00618,0.00986,0.11722,0.78169,0.99923,1,0.995,0.92403,0.99923,1,0.995,0.995,0.45298,0.01587,9e-05,0.20424,0.84234,0.0008346,0.0002782,0.0008346,0.0002782,0.0008346,0.0002782,0.0008346,0.0002782
984,52887.6,0.16935,0.00648,0.01194,0.1153,0.78089,0.99923,1,0.995,0.92272,0.99923,1,0.995,0.995,0.45439,0.01585,9e-05,0.20525,0.8423,0.0008049,0.0002683,0.0008049,0.0002683,0.0008049,0.0002683,0.0008049,0.0002683
985,52940.2,0.17111,0.00699,0.01257,0.11937,0.78747,0.99923,1,0.995,0.92043,0.99923,1,0.995,0.995,0.45417,0.01585,9e-05,0.20392,0.84231,0.0007752,0.0002584,0.0007752,0.0002584,0.0007752,0.0002584,0.0007752,0.0002584
986,52994.2,0.16686,0.00536,0.00979,0.11527,0.78324,0.99923,1,0.995,0.92473,0.99923,1,0.995,0.995,0.4531,0.01585,9e-05,0.2027,0.84234,0.0007455,0.0002485,0.0007455,0.0002485,0.0007455,0.0002485,0.0007455,0.0002485
987,53046.7,0.16723,0.00552,0.00848,0.11711,0.78211,0.99923,1,0.995,0.92557,0.99923,1,0.995,0.995,0.45205,0.01586,9e-05,0.20325,0.84235,0.0007158,0.0002386,0.0007158,0.0002386,0.0007158,0.0002386,0.0007158,0.0002386
988,53099.2,0.16902,0.00565,0.01351,0.11704,0.78393,0.99923,1,0.995,0.9217,0.99923,1,0.995,0.995,0.45265,0.01586,9e-05,0.20338,0.84257,0.0006861,0.0002287,0.0006861,0.0002287,0.0006861,0.0002287,0.0006861,0.0002287
989,53152,0.16858,0.00543,0.00971,0.11531,0.79029,0.99923,1,0.995,0.92553,0.99923,1,0.995,0.995,0.45332,0.01587,9e-05,0.20308,0.84254,0.0006564,0.0002188,0.0006564,0.0002188,0.0006564,0.0002188,0.0006564,0.0002188
990,53204.1,0.17039,0.00535,0.01187,0.11822,0.78576,0.99923,1,0.995,0.92404,0.99923,1,0.995,0.995,0.4543,0.01588,9e-05,0.20254,0.84245,0.0006267,0.0002089,0.0006267,0.0002089,0.0006267,0.0002089,0.0006267,0.0002089
991,53258.8,0.13202,0.00364,0.00099,0.09503,0.76077,0.99923,1,0.995,0.92313,0.99923,1,0.995,0.995,0.45412,0.01591,9e-05,0.20289,0.84249,0.000597,0.000199,0.000597,0.000199,0.000597,0.000199,0.000597,0.000199
992,53310.9,0.13526,0.00381,0.00134,0.09639,0.76303,0.99923,1,0.995,0.92556,0.99923,1,0.995,0.995,0.45259,0.01593,9e-05,0.20278,0.8425,0.0005673,0.0001891,0.0005673,0.0001891,0.0005673,0.0001891,0.0005673,0.0001891
993,53363.3,0.13369,0.00367,0.00324,0.09617,0.75705,0.99924,1,0.995,0.92554,0.99924,1,0.995,0.995,0.45376,0.01597,9e-05,0.20367,0.84247,0.0005376,0.0001792,0.0005376,0.0001792,0.0005376,0.0001792,0.0005376,0.0001792
994,53415.8,0.13116,0.00468,0.00257,0.09522,0.76357,0.99924,1,0.995,0.92565,0.99924,1,0.995,0.995,0.45266,0.01599,9e-05,0.20405,0.8425,0.0005079,0.0001693,0.0005079,0.0001693,0.0005079,0.0001693,0.0005079,0.0001693
995,53468.8,0.12889,0.00335,0.00246,0.09308,0.76431,0.99924,1,0.995,0.91932,0.99924,1,0.995,0.995,0.45414,0.01602,9e-05,0.2016,0.84259,0.0004782,0.0001594,0.0004782,0.0001594,0.0004782,0.0001594,0.0004782,0.0001594
996,53522.4,0.12883,0.00357,0.00281,0.09354,0.75855,0.99924,1,0.995,0.92183,0.99924,1,0.995,0.995,0.4536,0.01603,9e-05,0.2023,0.84259,0.0004485,0.0001495,0.0004485,0.0001495,0.0004485,0.0001495,0.0004485,0.0001495
997,53575.1,0.12811,0.00367,0.00147,0.09292,0.7623,0.99924,1,0.995,0.92413,0.99924,1,0.995,0.995,0.45347,0.01603,9e-05,0.20293,0.8425,0.0004188,0.0001396,0.0004188,0.0001396,0.0004188,0.0001396,0.0004188,0.0001396
998,53627.7,0.13113,0.00348,0.00113,0.09429,0.76269,0.99924,1,0.995,0.92341,0.99924,1,0.995,0.995,0.45348,0.01608,9e-05,0.20315,0.84271,0.0003891,0.0001297,0.0003891,0.0001297,0.0003891,0.0001297,0.0003891,0.0001297
999,53679.7,0.12897,0.00339,0.00081,0.09201,0.76253,0.99924,1,0.995,0.92275,0.99924,1,0.995,0.995,0.4534,0.01606,9e-05,0.20552,0.84264,0.0003594,0.0001198,0.0003594,0.0001198,0.0003594,0.0001198,0.0003594,0.0001198
1000,53733,0.1287,0.00353,0.00073,0.09395,0.76556,0.99924,1,0.995,0.92341,0.99924,1,0.995,0.995,0.45302,0.01608,9e-05,0.20382,0.84276,0.0003297,0.0001099,0.0003297,0.0001099,0.0003297,0.0001099,0.0003297,0.0001099
