epoch,time,train/box_loss,train/pose_loss,train/kobj_loss,train/cls_loss,train/dfl_loss,metrics/precision(B),metrics/recall(B),metrics/mAP50(B),metrics/mAP50-95(B),metrics/precision(P),metrics/recall(P),metrics/mAP50(P),metrics/mAP50-95(P),val/box_loss,val/pose_loss,val/kobj_loss,val/cls_loss,val/dfl_loss,lr/pg0,lr/pg1,lr/pg2
1,42.2347,1.12065,0.67885,0.41307,1.34626,1.10825,0.90648,0.86957,0.92129,0.6939,0.97407,0.81691,0.95875,0.89861,0.89005,0.31699,0.17595,1.21757,0.9805,0.000658537,0.000658537,0.000658537
2,61.6068,1.03554,0.33154,0.25763,0.78162,1.04649,0.87688,0.84783,0.88965,0.6544,0.89937,0.86957,0.90389,0.84012,1.14681,0.51462,0.16787,1.19103,1.06921,0.00132356,0.00132356,0.00132356
3,80.2264,1.03418,0.29604,0.23998,0.80679,1.05445,0.74974,0.84783,0.86502,0.6428,0.75051,0.86957,0.88142,0.80328,0.98427,0.29792,0.16213,2.62363,0.98811,0.00198694,0.00198694,0.00198694
4,98.9857,1.09575,0.31567,0.19333,0.76308,1.06602,0.93682,0.76087,0.86877,0.62581,0.90488,0.78261,0.91652,0.88303,1.03255,0.32268,0.15868,1.14588,1.0107,0.00199257,0.00199257,0.00199257
5,117.584,1.00101,0.29582,0.20607,0.74782,1.01924,0.43488,0.78261,0.39714,0.30898,0.43488,0.78261,0.4106,0.40353,nan,nan,nan,nan,nan,0.0019901,0.0019901,0.0019901
6,136.335,0.99211,0.26835,0.18033,0.7353,1.03782,0.92064,0.86957,0.91754,0.68778,0.94366,0.8913,0.92872,0.9217,1.04368,0.23739,0.11888,1.67479,1.04514,0.00198762,0.00198762,0.00198762
7,155.407,1.00513,0.2811,0.19009,0.73618,1.04618,0.93501,0.9384,0.97977,0.74134,1,0.9433,0.98824,0.97383,0.93227,0.22857,0.12714,0.9838,0.97287,0.00198515,0.00198515,0.00198515
8,174.497,0.99546,0.249,0.18581,0.68865,1.02518,0.91885,0.91304,0.95682,0.73622,0.91885,0.91304,0.97,0.965,1.00152,0.19961,0.08766,0.71622,0.98023,0.00198268,0.00198268,0.00198268
9,193.661,0.91766,0.21618,0.15197,0.64585,0.99872,0.97749,0.94394,0.98591,0.79445,0.97749,0.94394,0.98591,0.98284,0.83996,0.14503,0.06876,0.58471,0.90655,0.0019802,0.0019802,0.0019802
10,212.758,0.90084,0.22499,0.16583,0.62575,1.00166,0.95344,0.97826,0.96956,0.78703,0.95344,0.97826,0.97826,0.97111,0.89118,0.20153,0.07675,0.60436,0.95797,0.00197773,0.00197773,0.00197773
11,231.473,0.88684,0.19856,0.1601,0.61789,0.99023,0.93735,0.95652,0.96484,0.8005,0.93735,0.95652,0.97638,0.97265,0.83685,0.12509,0.05525,0.69569,0.93569,0.00197525,0.00197525,0.00197525
12,250.237,0.87798,0.19907,0.14408,0.61351,0.98439,0.9965,0.95652,0.97689,0.80582,0.9965,0.95652,0.97941,0.96885,0.82408,0.15418,0.0457,0.69372,0.92316,0.00197277,0.00197277,0.00197277
13,269.808,0.82373,0.16985,0.13748,0.58179,0.96542,1,0.92412,0.97668,0.78864,1,0.92412,0.99019,0.98191,0.81592,0.18906,0.04311,0.6346,0.92114,0.0019703,0.0019703,0.0019703
14,288.569,0.85758,0.18139,0.16477,0.59622,0.98949,0.97869,0.99854,0.99415,0.82952,0.97869,0.99854,0.99415,0.98923,0.73589,0.16445,0.05015,0.55231,0.90184,0.00196782,0.00196782,0.00196782
15,307.571,0.84065,0.17758,0.14793,0.56678,0.95837,0.95149,0.95652,0.97745,0.81773,0.95602,0.94528,0.98133,0.97603,0.67803,0.12928,0.04951,0.6149,0.87029,0.00196535,0.00196535,0.00196535
16,326.24,0.81772,0.15572,0.13227,0.54842,0.97168,0.97652,0.95652,0.97501,0.82075,0.97652,0.95652,0.991,0.991,0.86852,0.11718,0.07906,0.58665,0.94656,0.00196287,0.00196287,0.00196287
17,344.944,0.82761,0.15225,0.13456,0.5524,0.96839,0.93637,0.97826,0.96754,0.80831,0.93729,0.97481,0.98834,0.98763,0.86123,0.09874,0.0535,0.68021,0.95201,0.0019604,0.0019604,0.0019604
18,363.701,0.81609,0.15105,0.1228,0.55217,0.95815,0.95932,0.95652,0.9736,0.83641,0.95932,0.95652,0.98275,0.97653,0.72892,0.11261,0.02526,0.54986,0.89208,0.00195793,0.00195793,0.00195793
19,382.442,0.7966,0.1409,0.12843,0.53491,0.96334,1,0.97126,0.99114,0.82949,1,0.97126,0.99114,0.99005,0.73264,0.10122,0.02456,0.46298,0.90321,0.00195545,0.00195545,0.00195545
20,401.692,0.81101,0.16217,0.14753,0.53834,0.96175,0.99701,0.95652,0.98564,0.8143,0.99701,0.95652,0.98564,0.98205,0.71361,0.11681,0.02319,0.50823,0.89414,0.00195298,0.00195298,0.00195298
21,420.312,0.79673,0.16309,0.14265,0.5389,0.95801,0.97774,0.95469,0.9754,0.80783,0.97774,0.95469,0.98879,0.98337,0.78062,0.11103,0.0482,0.48484,0.92573,0.0019505,0.0019505,0.0019505
22,438.978,0.80811,0.14389,0.11902,0.52828,0.96428,0.99491,0.95652,0.98934,0.82847,0.99491,0.95652,0.99184,0.98883,0.69642,0.13467,0.02925,0.46564,0.86974,0.00194803,0.00194803,0.00194803
23,457.623,0.78825,0.11884,0.12118,0.526,0.95361,1,0.97167,0.98468,0.82185,1,0.97167,0.99033,0.98992,0.75137,0.09157,0.04048,0.48952,0.88991,0.00194555,0.00194555,0.00194555
24,476.291,0.77635,0.1297,0.11825,0.52075,0.93984,0.97792,0.97826,0.9774,0.83582,0.97792,0.97826,0.98717,0.98713,0.77066,0.08071,0.03108,0.55368,0.89895,0.00194307,0.00194307,0.00194307
25,495.3,0.74025,0.11278,0.11602,0.49255,0.93041,0.97474,0.97826,0.9784,0.85045,0.97474,0.97826,0.99226,0.99226,0.70272,0.0816,0.04872,0.5343,0.86742,0.0019406,0.0019406,0.0019406
26,514.362,0.77869,0.11869,0.11154,0.51983,0.94806,0.97305,0.97826,0.97664,0.83699,0.97305,0.97826,0.99016,0.99016,0.68253,0.08458,0.03598,0.51876,0.8736,0.00193813,0.00193813,0.00193813
27,533.009,0.7391,0.13166,0.12093,0.50104,0.93095,0.99611,0.97826,0.99059,0.85612,0.99611,0.97826,0.99059,0.99059,0.70063,0.07756,0.0187,0.47138,0.87218,0.00193565,0.00193565,0.00193565
28,552.081,0.76575,0.13746,0.10399,0.49345,0.94081,0.99577,0.97826,0.97721,0.84008,0.99577,0.97826,0.99378,0.99353,0.72521,0.09727,0.02539,0.58577,0.90221,0.00193318,0.00193318,0.00193318
29,570.631,0.72992,0.11349,0.10423,0.49255,0.92231,1,0.94656,0.97625,0.84928,1,0.94656,0.99036,0.97511,0.64884,0.10103,0.01689,0.50697,0.87898,0.0019307,0.0019307,0.0019307
30,589.193,0.7104,0.10936,0.092,0.47125,0.91845,1,0.95448,0.9799,0.84352,1,0.95448,0.99073,0.97986,0.63226,0.11684,0.01599,0.41477,0.85412,0.00192823,0.00192823,0.00192823
31,607.81,0.73143,0.10736,0.12563,0.48886,0.92873,0.99549,0.97826,0.99269,0.83796,0.99549,0.97826,0.99378,0.98364,0.68885,0.10205,0.01954,0.43318,0.8762,0.00192575,0.00192575,0.00192575
32,626.529,0.72996,0.10643,0.10077,0.4846,0.92652,1,0.97637,0.99457,0.87046,1,0.97637,0.99457,0.99034,0.59517,0.11848,0.05076,0.4146,0.85463,0.00192328,0.00192328,0.00192328
33,645.615,0.73147,0.12467,0.11874,0.48049,0.9393,0.97816,0.97379,0.98807,0.84329,0.99176,0.97826,0.99378,0.98266,0.66281,0.12238,0.0173,0.43686,0.86207,0.0019208,0.0019208,0.0019208
34,664.326,0.72104,0.11791,0.10516,0.47271,0.92606,0.98203,0.97826,0.98636,0.85767,0.98203,0.97826,0.9934,0.9934,0.6439,0.09502,0.0137,0.43311,0.86515,0.00191833,0.00191833,0.00191833
35,683.07,0.71374,0.10369,0.10635,0.47976,0.91245,0.97372,0.95652,0.9844,0.85115,0.97372,0.95652,0.98774,0.98507,0.63987,0.09444,0.02484,0.45519,0.85398,0.00191585,0.00191585,0.00191585
36,701.73,0.7315,0.10232,0.1071,0.47344,0.92379,0.99597,0.97826,0.99378,0.83934,0.99597,0.97826,0.99378,0.99378,0.7863,0.06127,0.01532,0.45314,0.9007,0.00191338,0.00191338,0.00191338
37,720.376,0.72009,0.10565,0.09892,0.4694,0.9198,0.97336,0.95652,0.99248,0.85729,0.97336,0.95652,0.99248,0.99248,0.62172,0.05727,0.02366,0.42928,0.8808,0.0019109,0.0019109,0.0019109
38,739.857,0.70847,0.10376,0.10882,0.46318,0.93052,0.98795,0.95652,0.98295,0.83548,0.99437,0.97826,0.98557,0.98129,0.64082,0.09511,0.03025,0.53025,0.86098,0.00190843,0.00190843,0.00190843
39,758.52,0.69323,0.09806,0.1029,0.44564,0.90822,0.99342,0.93478,0.98472,0.83754,0.97808,0.96992,0.98999,0.98829,0.65936,0.10568,0.06309,0.48297,0.86185,0.00190595,0.00190595,0.00190595
40,777.21,0.69304,0.09574,0.10232,0.45335,0.91684,0.99455,0.93478,0.97603,0.83166,0.99455,0.93478,0.98783,0.98783,0.79641,0.07658,0.02699,0.5271,0.89728,0.00190348,0.00190348,0.00190348
41,796.832,0.70265,0.10343,0.09014,0.45432,0.92405,0.99704,0.97826,0.9934,0.85026,0.99704,0.97826,0.9934,0.99297,0.66005,0.06572,0.01789,0.43644,0.85202,0.001901,0.001901,0.001901
42,816.375,0.71736,0.10269,0.10718,0.46024,0.9326,0.97645,0.97826,0.99204,0.88508,0.97645,0.97826,0.99204,0.99002,0.66418,0.07772,0.02244,0.42264,0.86888,0.00189853,0.00189853,0.00189853
43,835.453,0.69129,0.0925,0.09047,0.462,0.91286,0.9951,0.97826,0.99417,0.86964,0.9951,0.97826,0.99417,0.98029,0.6453,0.10317,0.02604,0.38173,0.87702,0.00189605,0.00189605,0.00189605
44,854.145,0.69895,0.10208,0.11278,0.4564,0.92432,0.98778,0.95652,0.97414,0.85428,0.99802,0.97826,0.99236,0.97546,0.6619,0.11587,0.02896,0.46318,0.8838,0.00189357,0.00189357,0.00189357
45,873.609,0.6761,0.10069,0.09548,0.45066,0.90534,0.99816,0.97826,0.99114,0.87044,0.99816,0.97826,0.99457,0.99457,0.64919,0.04676,0.02348,0.46572,0.85696,0.0018911,0.0018911,0.0018911
46,893.277,0.67959,0.08662,0.08749,0.44654,0.91529,0.98905,0.97826,0.98679,0.83654,0.98905,0.97826,0.99304,0.99106,0.74354,0.07768,0.01768,0.48903,0.90047,0.00188863,0.00188863,0.00188863
47,912.078,0.68615,0.08183,0.08496,0.44542,0.9142,0.97781,0.97826,0.98915,0.85699,0.97781,0.97826,0.98915,0.98915,0.71583,0.05526,0.0352,0.47411,0.87725,0.00188615,0.00188615,0.00188615
48,931.022,0.69646,0.09112,0.08672,0.44481,0.91572,0.99588,0.95652,0.99048,0.85538,0.99588,0.95652,0.99048,0.98471,0.67625,0.10529,0.01607,0.46015,0.87652,0.00188368,0.00188368,0.00188368
49,949.731,0.67809,0.09339,0.09375,0.43221,0.91386,0.99471,0.97826,0.98873,0.84637,0.99471,0.97826,0.98873,0.98509,0.66989,0.07946,0.0313,0.44205,0.87439,0.0018812,0.0018812,0.0018812
50,968.501,0.68076,0.07977,0.08999,0.42498,0.91594,0.99327,0.97826,0.98679,0.85197,0.99327,0.97826,0.99236,0.99236,0.64386,0.07172,0.01247,0.44022,0.86837,0.00187872,0.00187872,0.00187872
51,987.186,0.66743,0.08624,0.09675,0.42914,0.91771,1,0.94944,0.97998,0.86199,0.99569,0.97826,0.99378,0.98303,0.6787,0.09058,0.02509,0.42151,0.87591,0.00187625,0.00187625,0.00187625
52,1005.99,0.65223,0.08595,0.08132,0.42842,0.89535,0.98625,0.97826,0.99236,0.87579,0.98625,0.97826,0.99378,0.99378,0.6769,0.04718,0.01842,0.402,0.85361,0.00187378,0.00187378,0.00187378
53,1024.76,0.68209,0.07698,0.08207,0.43298,0.90304,0.99285,0.95652,0.99255,0.86526,0.99285,0.95652,0.99255,0.99144,0.68979,0.07264,0.01728,0.44044,0.86079,0.0018713,0.0018713,0.0018713
54,1043.76,0.68446,0.08786,0.08701,0.43885,0.90551,0.99537,0.95652,0.97643,0.85565,0.99537,0.95652,0.9916,0.98533,0.72693,0.08461,0.0489,0.46753,0.91079,0.00186882,0.00186882,0.00186882
55,1062.5,0.65637,0.08122,0.08338,0.42642,0.91165,1,0.97668,0.9804,0.85647,1,0.97668,0.99204,0.99028,0.73059,0.04765,0.0481,0.46994,0.89288,0.00186635,0.00186635,0.00186635
56,1081.09,0.65305,0.08559,0.09945,0.41937,0.8947,0.99375,0.97826,0.97888,0.85832,0.99375,0.97826,0.99204,0.99204,0.67246,0.05851,0.01451,0.43897,0.87241,0.00186388,0.00186388,0.00186388
57,1099.82,0.67293,0.08211,0.09609,0.43656,0.9093,0.99532,0.97826,0.99059,0.86815,0.99532,0.97826,0.99086,0.99086,0.6661,0.0661,0.02962,0.4578,0.85542,0.0018614,0.0018614,0.0018614
58,1118.59,0.66828,0.08914,0.08037,0.42094,0.90096,0.99535,0.95652,0.99333,0.86613,1,0.97592,0.99457,0.9937,0.69407,0.07068,0.02266,0.42349,0.85785,0.00185892,0.00185892,0.00185892
59,1137.27,0.64628,0.07913,0.08671,0.42035,0.89918,0.97529,0.97826,0.99226,0.88212,1,0.97011,0.99417,0.98844,0.61379,0.10124,0.00944,0.44122,0.85537,0.00185645,0.00185645,0.00185645
60,1155.97,0.66892,0.07739,0.09557,0.42866,0.91224,0.97871,0.99949,0.99415,0.86583,0.97871,0.99949,0.99457,0.99088,0.6428,0.07154,0.02158,0.40938,0.85883,0.00185397,0.00185397,0.00185397
61,1174.64,0.64004,0.08133,0.09213,0.41525,0.89336,0.9985,0.97826,0.99417,0.87924,0.9985,0.97826,0.99417,0.99417,0.63173,0.05902,0.02153,0.39634,0.85513,0.0018515,0.0018515,0.0018515
62,1193.46,0.64226,0.07823,0.07914,0.41329,0.88988,0.99395,0.95652,0.99292,0.86543,0.99395,0.95652,0.99292,0.98913,0.60242,0.06755,0.02174,0.38448,0.84767,0.00184903,0.00184903,0.00184903
63,1212.62,0.66348,0.07986,0.0798,0.41228,0.89304,1,0.97769,0.99457,0.87377,1,0.97769,0.99457,0.99457,0.63172,0.0342,0.02391,0.38956,0.83529,0.00184655,0.00184655,0.00184655
64,1231.32,0.62933,0.07066,0.07996,0.40831,0.88748,1,0.97742,0.99173,0.88019,1,0.97742,0.9934,0.99139,0.59444,0.0714,0.02233,0.43483,0.83614,0.00184408,0.00184408,0.00184408
65,1250.5,0.62328,0.07137,0.0879,0.39724,0.90258,0.99002,0.93478,0.98904,0.87498,0.99002,0.93478,0.98904,0.98904,0.5889,0.06042,0.01595,0.42173,0.84409,0.0018416,0.0018416,0.0018416
66,1269.25,0.62258,0.07098,0.07996,0.40071,0.88872,0.99642,1,0.995,0.90823,0.99642,1,0.995,0.995,0.56129,0.04796,0.05509,0.35943,0.83688,0.00183912,0.00183912,0.00183912
67,1288.28,0.62888,0.07338,0.08573,0.4066,0.8951,1,0.99882,0.995,0.88591,1,0.99882,0.995,0.995,0.61121,0.03482,0.00703,0.38049,0.84948,0.00183665,0.00183665,0.00183665
68,1306.96,0.63441,0.06985,0.08196,0.41638,0.89706,0.97479,1,0.99415,0.88044,0.97479,1,0.99415,0.99415,0.64247,0.04549,0.0299,0.38662,0.86016,0.00183418,0.00183418,0.00183418
69,1325.76,0.64193,0.06742,0.07269,0.4116,0.90072,0.99809,0.97826,0.98937,0.86276,0.99809,0.97826,0.99204,0.99204,0.63232,0.03596,0.01207,0.42678,0.86323,0.0018317,0.0018317,0.0018317
70,1344.46,0.61876,0.0706,0.07734,0.39083,0.88499,0.97619,0.97826,0.99192,0.87714,0.97619,0.97826,0.99192,0.99128,0.59424,0.06682,0.01296,0.37809,0.84413,0.00182923,0.00182923,0.00182923
71,1363.21,0.62491,0.06351,0.06747,0.39279,0.88603,0.99592,0.97826,0.99378,0.86755,0.99592,0.97826,0.99378,0.99314,0.57134,0.06565,0.0275,0.3399,0.83813,0.00182675,0.00182675,0.00182675
72,1381.9,0.62325,0.07273,0.07655,0.40025,0.88172,1,0.977,0.99457,0.88154,1,0.977,0.99457,0.99228,0.60274,0.0424,0.02802,0.4119,0.84287,0.00182428,0.00182428,0.00182428
73,1400.5,0.59198,0.06387,0.06003,0.38492,0.8854,1,0.99833,0.995,0.87202,1,0.99833,0.995,0.995,0.60561,0.04404,0.0187,0.42283,0.86033,0.0018218,0.0018218,0.0018218
74,1419.31,0.62149,0.06519,0.07092,0.39645,0.88302,0.99756,0.97826,0.99378,0.8853,0.99756,0.97826,0.99378,0.99378,0.5386,0.06022,0.05509,0.35091,0.82562,0.00181932,0.00181932,0.00181932
75,1437.91,0.61912,0.06675,0.07567,0.40183,0.89346,0.99699,0.97826,0.99417,0.87492,0.99699,0.97826,0.99417,0.99417,0.59669,0.05057,0.01548,0.38058,0.83195,0.00181685,0.00181685,0.00181685
76,1456.62,0.61375,0.0703,0.0703,0.39914,0.88051,0.99727,0.97826,0.98833,0.88613,0.99727,0.97826,0.99236,0.99236,0.57959,0.04393,0.02339,0.49355,0.84316,0.00181438,0.00181438,0.00181438
77,1475.39,0.62234,0.06701,0.0778,0.39907,0.87843,0.9957,0.95652,0.99255,0.87867,1,0.97524,0.99417,0.99177,0.57329,0.08405,0.01386,0.35903,0.83619,0.0018119,0.0018119,0.0018119
78,1494.98,0.61356,0.07922,0.08373,0.39435,0.88589,1,0.97637,0.99378,0.8727,0.97865,0.99641,0.99457,0.99449,0.61428,0.06213,0.02033,0.35548,0.84869,0.00180943,0.00180943,0.00180943
79,1513.67,0.60968,0.06596,0.07183,0.37986,0.88696,0.99717,0.97826,0.99457,0.87448,0.99717,0.97826,0.99457,0.99457,0.62041,0.05102,0.03941,0.376,0.85327,0.00180695,0.00180695,0.00180695
80,1532.89,0.60472,0.07232,0.06932,0.38468,0.88036,1,0.97744,0.98853,0.88635,1,0.97744,0.99173,0.99173,0.60308,0.05304,0.01882,0.53222,0.86764,0.00180448,0.00180448,0.00180448
81,1551.85,0.61386,0.06153,0.06109,0.38175,0.88291,1,0.95303,0.9879,0.87479,1,0.95303,0.98894,0.98894,0.63954,0.04348,0.0112,0.45527,0.86909,0.001802,0.001802,0.001802
82,1570.77,0.6242,0.06218,0.06856,0.38442,0.89382,0.99116,0.97826,0.99236,0.8869,0.99116,0.97826,0.99236,0.9902,0.58246,0.05804,0.01688,0.43221,0.85346,0.00179952,0.00179952,0.00179952
83,1589.59,0.6095,0.06021,0.0644,0.37538,0.88015,0.9967,0.97826,0.9896,0.8702,0.9967,0.97826,0.99033,0.98786,0.61655,0.03863,0.02197,0.51727,0.86123,0.00179705,0.00179705,0.00179705
84,1608.4,0.61903,0.05969,0.07409,0.38706,0.88157,0.99819,0.97826,0.99417,0.88514,1,0.99816,0.995,0.99304,0.6168,0.04124,0.02049,0.37203,0.85292,0.00179458,0.00179458,0.00179458
85,1627.14,0.61027,0.06556,0.08718,0.38123,0.88727,1,0.99813,0.995,0.87528,1,0.99813,0.995,0.995,0.63161,0.0469,0.03282,0.39155,0.87122,0.0017921,0.0017921,0.0017921
86,1646,0.6067,0.06049,0.06153,0.37901,0.8836,0.99801,0.97826,0.99457,0.89289,0.99801,0.97826,0.99457,0.99457,0.55362,0.05346,0.04124,0.36901,0.83862,0.00178962,0.00178962,0.00178962
87,1664.78,0.61808,0.06948,0.05529,0.38492,0.89108,1,0.99844,0.995,0.87298,1,0.99844,0.995,0.99164,0.593,0.05458,0.04751,0.40578,0.85471,0.00178715,0.00178715,0.00178715
88,1683.42,0.59443,0.05439,0.07096,0.38145,0.87958,0.98711,0.97826,0.97845,0.85556,0.97735,1,0.995,0.99183,0.60173,0.05763,0.03425,0.49941,0.82672,0.00178468,0.00178468,0.00178468
89,1702.14,0.62136,0.05853,0.06838,0.39794,0.8816,0.99909,1,0.995,0.88007,0.99909,1,0.995,0.995,0.57641,0.04926,0.02694,0.34399,0.83434,0.0017822,0.0017822,0.0017822
90,1721.17,0.59366,0.05308,0.06721,0.38182,0.87557,0.99883,1,0.995,0.87409,0.99883,1,0.995,0.995,0.6115,0.04098,0.01877,0.33211,0.85557,0.00177973,0.00177973,0.00177973
91,1740.1,0.593,0.05973,0.07842,0.3765,0.88479,1,0.99848,0.995,0.90098,1,0.99848,0.995,0.9931,0.54256,0.06717,0.03483,0.36416,0.83946,0.00177725,0.00177725,0.00177725
92,1758.91,0.59269,0.05915,0.068,0.3808,0.87883,0.99639,0.97826,0.9934,0.8901,0.99639,0.97826,0.9934,0.9934,0.55886,0.04751,0.03656,0.36629,0.84617,0.00177477,0.00177477,0.00177477
93,1777.68,0.60005,0.05918,0.0561,0.38312,0.88296,0.97869,0.99845,0.99457,0.88051,0.97869,0.99845,0.99457,0.99457,0.57846,0.03379,0.00513,0.40659,0.85579,0.0017723,0.0017723,0.0017723
94,1796.92,0.6006,0.07535,0.07658,0.38552,0.88412,1,0.99865,0.995,0.88229,1,0.99865,0.995,0.995,0.59029,0.05087,0.01436,0.40671,0.84954,0.00176983,0.00176983,0.00176983
95,1815.74,0.58216,0.05974,0.07368,0.36931,0.87787,0.97539,0.97826,0.9934,0.8897,0.97539,0.97826,0.9934,0.9934,0.54416,0.03108,0.00822,0.35915,0.84505,0.00176735,0.00176735,0.00176735
96,1834.55,0.57193,0.0555,0.06498,0.36508,0.86958,1,0.99812,0.995,0.89862,1,0.99812,0.995,0.995,0.57513,0.02666,0.03108,0.35877,0.84382,0.00176487,0.00176487,0.00176487
97,1853.62,0.58498,0.05923,0.06653,0.37475,0.88665,0.99827,0.97826,0.9934,0.87857,0.99827,0.97826,0.99457,0.99457,0.66867,0.04948,0.03024,0.38725,0.87399,0.0017624,0.0017624,0.0017624
98,1872.53,0.60219,0.05304,0.05947,0.37146,0.87137,0.99832,0.97826,0.99304,0.87653,0.99832,0.97826,0.9934,0.9934,0.60526,0.04644,0.0319,0.45103,0.85371,0.00175993,0.00175993,0.00175993
99,1891.49,0.59075,0.06062,0.07306,0.38265,0.88269,0.998,0.97826,0.99417,0.86922,0.998,0.97826,0.99417,0.99083,0.60671,0.05787,0.03318,0.36599,0.8557,0.00175745,0.00175745,0.00175745
100,1910.31,0.57752,0.05918,0.05919,0.37146,0.87197,0.99622,0.97826,0.98894,0.86571,0.99622,0.97826,0.99304,0.99156,0.6613,0.07445,0.03974,0.47295,0.87016,0.00175497,0.00175497,0.00175497
101,1929.16,0.62048,0.06138,0.06647,0.38983,0.89475,1,0.96971,0.9934,0.87803,1,0.96971,0.99417,0.99049,0.62183,0.0496,0.02637,0.37932,0.85522,0.0017525,0.0017525,0.0017525
102,1948.27,0.5908,0.05085,0.05602,0.37934,0.8775,0.99718,0.97826,0.99417,0.87898,0.99718,0.97826,0.99457,0.99453,0.59069,0.03852,0.00296,0.37602,0.84545,0.00175003,0.00175003,0.00175003
103,1967.19,0.5849,0.05877,0.06229,0.37628,0.87708,0.99931,1,0.995,0.8762,0.99931,1,0.995,0.995,0.62202,0.02173,0.00988,0.35482,0.85192,0.00174755,0.00174755,0.00174755
104,1986.16,0.58321,0.04887,0.06432,0.3745,0.88212,0.99957,0.97826,0.99417,0.87548,0.99957,0.97826,0.99417,0.99417,0.60974,0.04095,0.0354,0.39088,0.86046,0.00174508,0.00174508,0.00174508
105,2005.09,0.58861,0.05975,0.06524,0.37134,0.87597,0.99858,0.97826,0.99457,0.87378,0.99858,0.97826,0.99457,0.99457,0.60663,0.04385,0.00762,0.39505,0.85631,0.0017426,0.0017426,0.0017426
106,2023.94,0.58173,0.04964,0.07701,0.36921,0.88366,0.99994,1,0.995,0.88223,0.99994,1,0.995,0.99371,0.59792,0.03772,0.01283,0.34163,0.85094,0.00174013,0.00174013,0.00174013
107,2043.01,0.57164,0.04229,0.0588,0.35127,0.87289,1,0.99955,0.995,0.87679,1,0.99955,0.995,0.995,0.65375,0.03467,0.03782,0.3639,0.85708,0.00173765,0.00173765,0.00173765
108,2062.91,0.59267,0.04839,0.06817,0.3634,0.87768,1,0.99937,0.995,0.88333,1,0.99937,0.995,0.995,0.56821,0.02484,0.02884,0.34515,0.84852,0.00173518,0.00173518,0.00173518
109,2082.43,0.58742,0.06175,0.05904,0.36832,0.87488,1,0.99844,0.995,0.89318,1,0.99844,0.995,0.995,0.55158,0.02603,0.0163,0.33281,0.83874,0.0017327,0.0017327,0.0017327
110,2101.39,0.5608,0.04972,0.06137,0.35114,0.86176,0.99292,0.97826,0.99378,0.89029,0.99292,0.97826,0.99378,0.99146,0.54283,0.03791,0.0277,0.34229,0.83091,0.00173023,0.00173023,0.00173023
111,2120.39,0.59153,0.04797,0.06335,0.36647,0.86893,1,0.99849,0.995,0.88956,1,0.99849,0.995,0.995,0.54674,0.03469,0.01082,0.39111,0.84169,0.00172775,0.00172775,0.00172775
112,2139.71,0.56963,0.05309,0.05048,0.35839,0.86445,1,0.99979,0.995,0.89132,1,0.99979,0.995,0.995,0.56904,0.03247,0.01721,0.36159,0.86463,0.00172527,0.00172527,0.00172527
113,2158.21,0.57506,0.04313,0.05413,0.36266,0.87048,1,0.998,0.995,0.89773,1,0.998,0.995,0.995,0.53811,0.03155,0.05927,0.36119,0.83223,0.0017228,0.0017228,0.0017228
114,2176.96,0.54933,0.04703,0.05985,0.35636,0.87024,0.97864,0.99589,0.99457,0.88724,0.97864,0.99589,0.99457,0.9942,0.59043,0.03991,0.03978,0.3802,0.84616,0.00172033,0.00172033,0.00172033
115,2195.7,0.56958,0.05364,0.05322,0.3662,0.8711,0.97869,0.99857,0.99457,0.88904,0.97869,0.99857,0.99457,0.99457,0.63271,0.03549,0.01031,0.40952,0.85994,0.00171785,0.00171785,0.00171785
116,2214.68,0.56778,0.05066,0.05072,0.35683,0.86576,0.99698,0.97826,0.99417,0.88383,1,0.9996,0.995,0.995,0.56401,0.04091,0.02364,0.35107,0.83163,0.00171537,0.00171537,0.00171537
117,2233.54,0.54951,0.04309,0.04954,0.35351,0.86322,0.9787,0.99896,0.99457,0.90322,0.9787,0.99896,0.99457,0.99457,0.56321,0.03335,0.03781,0.33968,0.83336,0.0017129,0.0017129,0.0017129
118,2252.66,0.55479,0.04935,0.05892,0.35305,0.86609,1,0.99874,0.995,0.89181,1,0.99874,0.995,0.99477,0.6199,0.04544,0.02247,0.39364,0.84915,0.00171043,0.00171043,0.00171043
119,2271.68,0.53904,0.0417,0.05614,0.34582,0.85999,1,0.99823,0.995,0.88033,1,0.99823,0.995,0.99492,0.63591,0.03482,0.02784,0.38742,0.85633,0.00170795,0.00170795,0.00170795
120,2291.49,0.56691,0.04891,0.05252,0.35357,0.87622,0.97581,0.97826,0.99373,0.8777,0.97581,0.97826,0.99373,0.99369,0.57178,0.02575,0.01688,0.36921,0.84512,0.00170548,0.00170548,0.00170548
121,2310.93,0.56401,0.04505,0.06177,0.35714,0.87489,1,0.99996,0.995,0.89623,1,0.99996,0.995,0.995,0.57097,0.02981,0.0124,0.37345,0.85008,0.001703,0.001703,0.001703
122,2329.83,0.58787,0.05605,0.06287,0.363,0.87158,1,0.99828,0.995,0.89347,1,0.99828,0.995,0.99274,0.57018,0.03897,0.03795,0.34303,0.83789,0.00170053,0.00170053,0.00170053
123,2349.04,0.55621,0.04197,0.06261,0.34901,0.86894,0.99835,0.97826,0.99417,0.88656,1,0.99857,0.995,0.99228,0.56651,0.02915,0.02751,0.37941,0.84855,0.00169805,0.00169805,0.00169805
124,2368.47,0.5761,0.04638,0.05556,0.3587,0.87653,0.97871,0.99952,0.99457,0.89803,0.97871,0.99952,0.99457,0.99457,0.5451,0.03327,0.0337,0.34295,0.8271,0.00169557,0.00169557,0.00169557
125,2387.51,0.57395,0.05199,0.05853,0.35633,0.85984,0.99399,0.97826,0.99378,0.86945,0.99399,0.97826,0.99378,0.99187,0.58916,0.03429,0.00629,0.35856,0.84682,0.0016931,0.0016931,0.0016931
126,2406.56,0.54641,0.04664,0.05449,0.34541,0.86144,0.97822,1,0.99372,0.89037,0.97822,1,0.99372,0.99372,0.60011,0.03686,0.0219,0.33218,0.84818,0.00169063,0.00169063,0.00169063
127,2425.28,0.54768,0.05489,0.05198,0.35166,0.85882,1,0.99722,0.995,0.88154,1,0.99722,0.995,0.99301,0.63892,0.03278,0.03244,0.3449,0.85449,0.00168815,0.00168815,0.00168815
128,2445.13,0.55762,0.05287,0.06363,0.35873,0.87259,0.97872,0.99979,0.99457,0.87327,0.97872,0.99979,0.99457,0.99457,0.59002,0.03064,0.02513,0.34314,0.84642,0.00168567,0.00168567,0.00168567
129,2464.9,0.53889,0.041,0.04562,0.34305,0.8637,0.99763,0.97826,0.99457,0.89404,0.99763,0.97826,0.99457,0.99457,0.57727,0.03166,0.02236,0.33274,0.83773,0.0016832,0.0016832,0.0016832
130,2485.44,0.54251,0.04568,0.05091,0.34851,0.86711,1,0.99796,0.995,0.8887,1,0.99796,0.995,0.995,0.60148,0.02755,0.02169,0.35317,0.84204,0.00168073,0.00168073,0.00168073
131,2504.98,0.55956,0.04563,0.04967,0.35236,0.86607,0.99837,0.97826,0.99457,0.88031,1,0.99842,0.995,0.995,0.60449,0.0246,0.02945,0.37123,0.86744,0.00167825,0.00167825,0.00167825
132,2523.9,0.55681,0.04438,0.04739,0.35517,0.87251,0.97833,1,0.99415,0.8766,0.97833,1,0.99415,0.99415,0.58668,0.02668,0.01384,0.34653,0.84171,0.00167577,0.00167577,0.00167577
133,2543.37,0.54636,0.04779,0.05863,0.34856,0.86494,1,0.97771,0.99457,0.891,1,0.97771,0.99457,0.99457,0.56095,0.023,0.01962,0.34127,0.83612,0.0016733,0.0016733,0.0016733
134,2562.21,0.545,0.04458,0.06051,0.34667,0.86714,0.99967,1,0.995,0.89181,0.99967,1,0.995,0.995,0.60062,0.02517,0.01543,0.34721,0.8545,0.00167083,0.00167083,0.00167083
135,2581.52,0.54748,0.05063,0.06114,0.3436,0.84971,0.99578,0.97826,0.99417,0.87987,0.99578,0.97826,0.99417,0.99417,0.60945,0.02857,0.01798,0.34701,0.85225,0.00166835,0.00166835,0.00166835
136,2600.58,0.55571,0.04427,0.04954,0.3578,0.88148,1,0.99802,0.995,0.8877,1,0.99802,0.995,0.99488,0.56296,0.04399,0.02656,0.35587,0.84205,0.00166588,0.00166588,0.00166588
137,2620.03,0.53718,0.03666,0.04803,0.34326,0.86736,1,0.99727,0.995,0.89971,1,0.99727,0.995,0.995,0.56331,0.02831,0.01671,0.33905,0.85138,0.0016634,0.0016634,0.0016634
138,2638.74,0.54353,0.04265,0.04627,0.34349,0.86348,0.9988,1,0.995,0.89671,0.9988,1,0.995,0.995,0.55124,0.0262,0.01091,0.34263,0.83652,0.00166092,0.00166092,0.00166092
139,2658.1,0.56242,0.03947,0.05444,0.34954,0.86252,1,0.9955,0.995,0.88571,1,0.9955,0.995,0.99228,0.54549,0.02305,0.01342,0.32523,0.84374,0.00165845,0.00165845,0.00165845
140,2676.79,0.53039,0.04187,0.04895,0.33601,0.86023,0.97869,0.99863,0.99457,0.89664,0.97869,0.99863,0.99457,0.99336,0.57831,0.0392,0.01717,0.32567,0.84829,0.00165598,0.00165598,0.00165598
141,2696.5,0.5382,0.04451,0.04111,0.33698,0.85674,0.99896,0.97826,0.99417,0.8778,1,0.9981,0.995,0.995,0.58424,0.03493,0.03058,0.3656,0.84741,0.0016535,0.0016535,0.0016535
142,2716.12,0.53899,0.04017,0.05255,0.34103,0.85807,1,0.99682,0.995,0.88295,1,0.99682,0.995,0.995,0.58262,0.0268,0.04111,0.35253,0.84507,0.00165102,0.00165102,0.00165102
143,2734.9,0.54212,0.04737,0.05794,0.34262,0.86102,1,0.99874,0.995,0.89015,1,0.99874,0.995,0.98438,0.6073,0.08537,0.0188,0.37254,0.87841,0.00164855,0.00164855,0.00164855
144,2754.59,0.52585,0.04564,0.05045,0.34004,0.85518,0.99776,0.97826,0.99417,0.90179,0.99776,0.97826,0.99417,0.99417,0.56066,0.03204,0.0472,0.38513,0.85019,0.00164608,0.00164608,0.00164608
145,2773.48,0.54389,0.04966,0.04592,0.34549,0.86328,1,0.99869,0.995,0.90148,1,0.99869,0.995,0.995,0.54128,0.04141,0.02266,0.36948,0.83467,0.0016436,0.0016436,0.0016436
146,2793,0.53983,0.05115,0.05901,0.34671,0.87044,1,0.99846,0.995,0.8906,1,0.99846,0.995,0.995,0.55581,0.0336,0.04226,0.35364,0.83621,0.00164113,0.00164113,0.00164113
147,2811.75,0.53832,0.05286,0.05225,0.34631,0.85253,1,0.99906,0.995,0.89344,1,0.99906,0.995,0.995,0.58522,0.03064,0.04877,0.34789,0.84769,0.00163865,0.00163865,0.00163865
148,2831.22,0.5519,0.0488,0.05872,0.34387,0.85775,1,0.9991,0.995,0.89109,1,0.9991,0.995,0.99215,0.57961,0.03102,0.03476,0.3405,0.84253,0.00163618,0.00163618,0.00163618
149,2849.91,0.55931,0.04863,0.05204,0.33987,0.86864,1,0.99895,0.995,0.91713,1,0.99895,0.995,0.995,0.5392,0.03307,0.04705,0.34389,0.82038,0.0016337,0.0016337,0.0016337
150,2869.52,0.5338,0.04116,0.04986,0.33789,0.85999,0.99935,1,0.995,0.90212,0.99935,1,0.995,0.995,0.55611,0.02927,0.02379,0.29937,0.83996,0.00163123,0.00163123,0.00163123
151,2889.09,0.52435,0.04718,0.05176,0.33069,0.85519,1,0.99922,0.995,0.88823,1,0.99922,0.995,0.995,0.5656,0.02846,0.03206,0.32604,0.83618,0.00162875,0.00162875,0.00162875
152,2907.77,0.5367,0.04347,0.06163,0.33429,0.85764,1,0.99905,0.995,0.89622,1,0.99905,0.995,0.995,0.52482,0.03951,0.04203,0.34918,0.83295,0.00162628,0.00162628,0.00162628
153,2927.95,0.54335,0.04452,0.0609,0.33819,0.86497,1,0.99869,0.995,0.92049,1,0.99869,0.995,0.995,0.53035,0.03689,0.06255,0.34225,0.83735,0.0016238,0.0016238,0.0016238
154,2947.26,0.53588,0.04117,0.06209,0.34206,0.86965,0.99804,0.97826,0.9934,0.89609,1,0.99814,0.995,0.995,0.51755,0.02786,0.05169,0.34702,0.83098,0.00162132,0.00162132,0.00162132
155,2966.88,0.54238,0.04335,0.04732,0.34231,0.86357,0.97756,1,0.99457,0.89756,1,0.99899,0.995,0.995,0.52974,0.0346,0.03883,0.37271,0.83673,0.00161885,0.00161885,0.00161885
156,2986.58,0.51168,0.03787,0.04565,0.33273,0.85526,1,0.99885,0.995,0.89224,1,0.99885,0.995,0.995,0.5545,0.02766,0.06386,0.34324,0.83454,0.00161638,0.00161638,0.00161638
157,3005.32,0.5145,0.0406,0.04701,0.32251,0.85302,0.99481,0.97826,0.99378,0.90112,0.99481,0.97826,0.99378,0.9937,0.5422,0.03815,0.01837,0.35905,0.83091,0.0016139,0.0016139,0.0016139
158,3024.98,0.54926,0.0436,0.0397,0.33877,0.86005,0.99901,1,0.995,0.90892,0.99901,1,0.995,0.995,0.50043,0.03196,0.04161,0.31522,0.82234,0.00161142,0.00161142,0.00161142
159,3043.67,0.5447,0.04134,0.03827,0.34009,0.86157,0.97872,0.99989,0.99457,0.90088,0.97872,0.99989,0.99457,0.99457,0.54812,0.02445,0.01326,0.32736,0.82885,0.00160895,0.00160895,0.00160895
160,3063.07,0.52283,0.04217,0.04985,0.32856,0.8583,1,0.99779,0.995,0.90186,1,0.99779,0.995,0.995,0.52063,0.02759,0.05929,0.31909,0.83355,0.00160648,0.00160648,0.00160648
161,3081.93,0.5224,0.03834,0.03944,0.32693,0.85253,1,0.99968,0.995,0.90748,1,0.99968,0.995,0.995,0.54013,0.02462,0.02855,0.30957,0.82875,0.001604,0.001604,0.001604
162,3101.69,0.52466,0.03983,0.0458,0.32707,0.85882,1,0.99878,0.995,0.90828,1,0.99878,0.995,0.995,0.53531,0.0359,0.03155,0.31476,0.8273,0.00160152,0.00160152,0.00160152
163,3120.39,0.52984,0.03776,0.05676,0.33181,0.86316,0.99842,0.97826,0.99457,0.89015,0.99842,0.97826,0.99457,0.99457,0.52464,0.02976,0.02422,0.38965,0.83196,0.00159905,0.00159905,0.00159905
164,3140.2,0.51579,0.04316,0.03808,0.32457,0.84986,0.99162,0.97826,0.99204,0.91053,0.99162,0.97826,0.99378,0.99343,0.52072,0.0428,0.03838,0.43984,0.83822,0.00159658,0.00159658,0.00159658
165,3159.71,0.53033,0.04414,0.04408,0.33686,0.85886,0.98942,0.97826,0.9934,0.89925,0.98942,0.97826,0.99417,0.99417,0.5566,0.03823,0.05592,0.41338,0.83131,0.0015941,0.0015941,0.0015941
166,3178.28,0.53271,0.04075,0.04736,0.33396,0.85714,0.99732,0.97826,0.99417,0.8904,0.99732,0.97826,0.99417,0.99417,0.58361,0.03821,0.03624,0.34723,0.83865,0.00159162,0.00159162,0.00159162
167,3197.78,0.52484,0.03243,0.04864,0.32936,0.86157,0.99829,0.97826,0.99417,0.89271,0.99829,0.97826,0.99457,0.99457,0.54738,0.03377,0.02602,0.33536,0.83829,0.00158915,0.00158915,0.00158915
168,3216.34,0.52434,0.04118,0.04509,0.33074,0.85089,1,0.99916,0.995,0.90647,1,0.99916,0.995,0.995,0.51631,0.03074,0.02321,0.3576,0.83373,0.00158668,0.00158668,0.00158668
169,3235.78,0.51764,0.04232,0.05073,0.32669,0.85095,0.99839,0.97826,0.99378,0.91211,1,0.99857,0.995,0.995,0.51444,0.03745,0.0349,0.40496,0.82779,0.0015842,0.0015842,0.0015842
170,3254.58,0.53125,0.03933,0.04195,0.32672,0.86664,0.99861,0.97826,0.99417,0.91559,1,0.99863,0.995,0.995,0.49722,0.03393,0.04017,0.4064,0.83432,0.00158173,0.00158173,0.00158173
171,3274.17,0.51674,0.04438,0.05218,0.32926,0.85386,0.99723,0.97826,0.99417,0.90277,1,0.99803,0.995,0.995,0.53195,0.0314,0.03948,0.38417,0.83652,0.00157925,0.00157925,0.00157925
172,3292.92,0.50785,0.03882,0.03867,0.32023,0.86205,0.99784,0.97826,0.9934,0.89957,1,0.99881,0.995,0.995,0.54787,0.02866,0.03121,0.33059,0.83417,0.00157678,0.00157678,0.00157678
173,3312.39,0.50799,0.03605,0.04364,0.32289,0.86005,0.9984,0.97826,0.99457,0.89528,1,0.99856,0.995,0.995,0.58351,0.0272,0.03958,0.3635,0.84835,0.0015743,0.0015743,0.0015743
174,3331.89,0.49499,0.03622,0.03904,0.31601,0.85503,1,0.99932,0.995,0.90311,1,0.99932,0.995,0.995,0.56687,0.02676,0.04983,0.31927,0.83277,0.00157182,0.00157182,0.00157182
175,3350.73,0.5231,0.03825,0.04721,0.32557,0.85867,0.99838,0.97826,0.99457,0.91114,1,0.99848,0.995,0.995,0.57262,0.02407,0.07484,0.34014,0.84545,0.00156935,0.00156935,0.00156935
176,3370.23,0.50785,0.033,0.04079,0.32023,0.85991,0.99692,0.97826,0.99417,0.90048,0.99692,0.97826,0.99417,0.99417,0.54953,0.0272,0.02213,0.36041,0.83313,0.00156688,0.00156688,0.00156688
177,3388.96,0.51391,0.03711,0.04995,0.32104,0.85769,1,0.99871,0.995,0.90089,1,0.99871,0.995,0.995,0.59257,0.02572,0.02607,0.35231,0.83616,0.0015644,0.0015644,0.0015644
178,3408.67,0.50559,0.03499,0.04371,0.31583,0.84687,1,0.99776,0.995,0.9101,1,0.99776,0.995,0.995,0.56475,0.02104,0.01495,0.32766,0.83125,0.00156193,0.00156193,0.00156193
179,3427.96,0.51683,0.03926,0.04611,0.32028,0.85836,0.99857,0.97826,0.99457,0.90648,1,0.99875,0.995,0.995,0.52705,0.02871,0.01702,0.37181,0.82004,0.00155945,0.00155945,0.00155945
180,3447.35,0.51103,0.0383,0.04491,0.31845,0.86678,0.97869,0.99834,0.99457,0.90558,0.97869,0.99834,0.99457,0.99353,0.58355,0.03083,0.01679,0.34244,0.83853,0.00155697,0.00155697,0.00155697
181,3466.1,0.52675,0.03949,0.03913,0.32407,0.852,1,0.97799,0.99417,0.89473,1,0.99608,0.995,0.99496,0.58955,0.03523,0.03178,0.33639,0.83191,0.0015545,0.0015545,0.0015545
182,3485.63,0.51469,0.0351,0.04124,0.32201,0.84873,0.97857,0.99271,0.99415,0.90429,0.99385,1,0.995,0.99387,0.52761,0.04453,0.00679,0.31826,0.82675,0.00155203,0.00155203,0.00155203
183,3505.66,0.49575,0.03997,0.03363,0.31571,0.84448,0.99945,1,0.995,0.89325,0.99945,1,0.995,0.995,0.54019,0.03553,0.02583,0.30544,0.83777,0.00154955,0.00154955,0.00154955
184,3525.71,0.51704,0.03362,0.03353,0.32315,0.85079,1,0.99926,0.995,0.89448,1,0.99926,0.995,0.995,0.50596,0.02457,0.00724,0.30724,0.83198,0.00154707,0.00154707,0.00154707
185,3545.4,0.52095,0.03432,0.03597,0.32201,0.85402,1,0.9995,0.995,0.90205,1,0.9995,0.995,0.995,0.51049,0.04387,0.03287,0.29568,0.82882,0.0015446,0.0015446,0.0015446
186,3565.04,0.51405,0.03832,0.05089,0.32046,0.86236,0.97732,1,0.99457,0.90971,0.97732,1,0.99457,0.99457,0.51523,0.03473,0.0438,0.29807,0.81684,0.00154213,0.00154213,0.00154213
187,3585.39,0.51759,0.03924,0.05215,0.32319,0.85086,0.97763,1,0.99457,0.90284,0.97763,1,0.99457,0.99457,0.51433,0.03314,0.03728,0.28378,0.81667,0.00153965,0.00153965,0.00153965
188,3604.17,0.49556,0.03586,0.04656,0.3133,0.85456,1,0.99904,0.995,0.91153,1,0.99904,0.995,0.99474,0.48949,0.04546,0.03206,0.30744,0.81397,0.00153717,0.00153717,0.00153717
189,3623.87,0.51399,0.03837,0.04774,0.32054,0.85795,0.99867,0.97826,0.99457,0.8989,0.99867,0.97826,0.99457,0.99364,0.51735,0.05927,0.02207,0.3514,0.82501,0.0015347,0.0015347,0.0015347
190,3642.49,0.50054,0.03322,0.04222,0.32058,0.85802,1,0.99865,0.995,0.90526,1,0.99865,0.995,0.9939,0.52478,0.07105,0.01713,0.33533,0.82825,0.00153223,0.00153223,0.00153223
191,3661.98,0.49372,0.03851,0.03964,0.31471,0.84723,1,0.99882,0.995,0.9066,1,0.99882,0.995,0.995,0.50704,0.03564,0.01947,0.30118,0.8305,0.00152975,0.00152975,0.00152975
192,3681.85,0.50423,0.03871,0.04663,0.31938,0.85353,1,0.99915,0.995,0.90345,1,0.99915,0.995,0.995,0.51856,0.03586,0.01674,0.33784,0.83035,0.00152728,0.00152728,0.00152728
193,3700.27,0.4975,0.03304,0.04021,0.31175,0.84419,1,0.99888,0.995,0.91637,1,0.99888,0.995,0.995,0.50813,0.04218,0.01687,0.32143,0.8127,0.0015248,0.0015248,0.0015248
194,3719.87,0.49678,0.03776,0.04577,0.31269,0.85379,0.99856,1,0.995,0.90534,0.99856,1,0.995,0.995,0.49594,0.02558,0.01915,0.30422,0.8185,0.00152233,0.00152233,0.00152233
195,3738.83,0.51267,0.04105,0.04915,0.31495,0.84892,1,0.99753,0.995,0.90076,1,0.99753,0.995,0.995,0.53922,0.03027,0.01208,0.33817,0.84314,0.00151985,0.00151985,0.00151985
196,3759.09,0.51174,0.03487,0.04625,0.31266,0.85187,1,0.99931,0.995,0.90077,1,0.99931,0.995,0.995,0.50104,0.03542,0.01915,0.30452,0.83536,0.00151737,0.00151737,0.00151737
197,3777.97,0.5087,0.04019,0.04705,0.31504,0.85516,1,0.99857,0.995,0.90608,1,0.99857,0.995,0.995,0.54061,0.02071,0.03354,0.31324,0.82914,0.0015149,0.0015149,0.0015149
198,3797.52,0.50534,0.0357,0.03983,0.31908,0.85474,1,0.99806,0.995,0.90902,1,0.99806,0.995,0.995,0.51191,0.02388,0.01917,0.31716,0.83654,0.00151243,0.00151243,0.00151243
199,3816.27,0.49815,0.04167,0.03956,0.31871,0.84401,1,0.99853,0.995,0.91184,1,0.99853,0.995,0.995,0.479,0.02601,0.03042,0.32951,0.84011,0.00150995,0.00150995,0.00150995
200,3835.81,0.47977,0.03189,0.04175,0.30732,0.84109,1,0.99851,0.995,0.89751,1,0.99851,0.995,0.995,0.48539,0.02461,0.02806,0.30983,0.83619,0.00150747,0.00150747,0.00150747
201,3855.27,0.49277,0.03995,0.04463,0.32282,0.84945,1,0.99832,0.995,0.89803,1,0.99832,0.995,0.995,0.47946,0.02568,0.00505,0.31388,0.81984,0.001505,0.001505,0.001505
202,3874.29,0.49014,0.03449,0.04336,0.31434,0.84179,1,0.99863,0.995,0.89485,1,0.99863,0.995,0.995,0.48649,0.02777,0.00582,0.34637,0.81501,0.00150253,0.00150253,0.00150253
203,3893.85,0.49179,0.03449,0.04416,0.31686,0.85284,0.99871,0.97826,0.99457,0.89343,0.99871,0.97826,0.99457,0.99224,0.49949,0.02603,0.00811,0.36987,0.82331,0.00150005,0.00150005,0.00150005
204,3912.56,0.49614,0.02931,0.0404,0.31315,0.84962,1,0.99925,0.995,0.90033,1,0.99925,0.995,0.995,0.49155,0.02463,0.01338,0.31877,0.81741,0.00149758,0.00149758,0.00149758
205,3932.25,0.4926,0.03104,0.04142,0.31195,0.84412,1,0.99919,0.995,0.92577,1,0.99919,0.995,0.995,0.49179,0.02291,0.04187,0.31142,0.81266,0.0014951,0.0014951,0.0014951
206,3951.46,0.48614,0.03937,0.04267,0.31025,0.84397,1,0.99909,0.995,0.92565,1,0.99909,0.995,0.995,0.51274,0.0227,0.02896,0.30901,0.82314,0.00149263,0.00149263,0.00149263
207,3971.04,0.48275,0.03593,0.04041,0.30465,0.85378,0.99944,1,0.995,0.90806,0.99944,1,0.995,0.995,0.51186,0.02931,0.0327,0.29692,0.8309,0.00149015,0.00149015,0.00149015
208,3989.79,0.48011,0.03071,0.03887,0.30725,0.83032,1,0.99914,0.995,0.90043,1,0.99914,0.995,0.995,0.54581,0.03105,0.03305,0.31455,0.8322,0.00148767,0.00148767,0.00148767
209,4009.43,0.48194,0.03272,0.04165,0.30546,0.83756,1,0.99872,0.995,0.89603,1,0.99872,0.995,0.995,0.56858,0.04089,0.02587,0.31117,0.83947,0.0014852,0.0014852,0.0014852
210,4028.84,0.50481,0.03654,0.0405,0.32007,0.85696,1,0.99855,0.995,0.89474,1,0.99855,0.995,0.995,0.58045,0.02459,0.02067,0.33282,0.84151,0.00148273,0.00148273,0.00148273
211,4047.67,0.48683,0.03275,0.04717,0.30577,0.84947,0.99465,0.97826,0.99417,0.90275,0.99465,0.97826,0.99417,0.99417,0.54985,0.02016,0.03701,0.33518,0.83084,0.00148025,0.00148025,0.00148025
212,4068.24,0.48291,0.03456,0.04196,0.30434,0.84661,1,0.99892,0.995,0.89493,1,0.99892,0.995,0.995,0.53284,0.02347,0.05307,0.30996,0.82402,0.00147778,0.00147778,0.00147778
213,4088.43,0.4826,0.03704,0.05174,0.30665,0.84658,0.99404,0.97826,0.9934,0.91025,0.99404,0.97826,0.9934,0.9934,0.48083,0.02731,0.03535,0.34507,0.81451,0.0014753,0.0014753,0.0014753
214,4107.62,0.48931,0.03619,0.03786,0.30424,0.84678,0.99838,0.97826,0.99417,0.91254,1,0.99842,0.995,0.995,0.48051,0.03502,0.04856,0.32817,0.81629,0.00147283,0.00147283,0.00147283
215,4127.35,0.50046,0.03362,0.05222,0.31307,0.85032,1,0.99836,0.995,0.89711,1,0.99836,0.995,0.99484,0.49533,0.04125,0.05534,0.31526,0.8154,0.00147035,0.00147035,0.00147035
216,4146.13,0.48177,0.03424,0.04548,0.30704,0.84119,1,0.99852,0.995,0.90784,1,0.99852,0.995,0.995,0.49038,0.03237,0.02909,0.32618,0.81746,0.00146787,0.00146787,0.00146787
217,4165.75,0.49288,0.04153,0.04709,0.31202,0.85248,1,0.9992,0.995,0.90737,1,0.9992,0.995,0.995,0.4935,0.03542,0.04213,0.29334,0.82065,0.0014654,0.0014654,0.0014654
218,4184.54,0.48299,0.02995,0.04498,0.30476,0.84942,1,0.99819,0.995,0.89411,1,0.99819,0.995,0.995,0.51505,0.02694,0.00462,0.29649,0.83253,0.00146293,0.00146293,0.00146293
219,4204.77,0.48315,0.03273,0.03842,0.30212,0.84656,0.99758,0.97826,0.99457,0.89802,0.99758,0.97826,0.99457,0.99457,0.51953,0.03506,0.01992,0.3188,0.82783,0.00146045,0.00146045,0.00146045
220,4223.95,0.47783,0.02807,0.0362,0.30284,0.84226,1,0.99881,0.995,0.90657,1,0.99881,0.995,0.995,0.53255,0.04076,0.01609,0.3119,0.82232,0.00145798,0.00145798,0.00145798
221,4244.32,0.47782,0.02705,0.03403,0.29718,0.84189,0.99837,0.97826,0.99457,0.89905,0.99837,0.97826,0.99457,0.99457,0.54336,0.03416,0.02163,0.35271,0.82496,0.0014555,0.0014555,0.0014555
222,4264.96,0.48431,0.03344,0.04313,0.30741,0.85246,0.99999,1,0.995,0.90312,0.99999,1,0.995,0.995,0.54739,0.03003,0.02222,0.31213,0.82259,0.00145302,0.00145302,0.00145302
223,4284.65,0.47096,0.03314,0.03862,0.29862,0.83514,1,0.99898,0.995,0.89544,1,0.99898,0.995,0.99492,0.54991,0.03496,0.00344,0.34796,0.82754,0.00145055,0.00145055,0.00145055
224,4304.2,0.46719,0.03177,0.03626,0.2987,0.85254,1,0.9988,0.995,0.90433,1,0.9988,0.995,0.995,0.51464,0.02552,0.01578,0.33333,0.81572,0.00144808,0.00144808,0.00144808
225,4322.96,0.47723,0.03088,0.03999,0.29473,0.84166,1,0.9988,0.995,0.89859,1,0.9988,0.995,0.995,0.53314,0.02921,0.01969,0.3027,0.81719,0.0014456,0.0014456,0.0014456
226,4342.49,0.45581,0.03397,0.03927,0.29069,0.8393,1,0.99917,0.995,0.91189,1,0.99917,0.995,0.995,0.48996,0.03267,0.02567,0.31362,0.81786,0.00144312,0.00144312,0.00144312
227,4361.22,0.47585,0.02788,0.04842,0.2993,0.8496,1,0.99823,0.995,0.906,1,0.99823,0.995,0.995,0.50877,0.02388,0.02138,0.29075,0.8207,0.00144065,0.00144065,0.00144065
228,4380.94,0.47324,0.02814,0.04603,0.295,0.83768,0.99714,0.97826,0.99269,0.90982,0.99714,0.97826,0.99417,0.99402,0.51225,0.03524,0.0085,0.37146,0.81987,0.00143818,0.00143818,0.00143818
229,4400.61,0.46544,0.03407,0.03577,0.29402,0.84498,0.99841,0.97826,0.99457,0.90686,1,0.99852,0.995,0.995,0.50869,0.02565,0.0347,0.37987,0.83449,0.0014357,0.0014357,0.0014357
230,4419.32,0.48213,0.03719,0.03248,0.29966,0.84505,0.99807,0.97826,0.99457,0.90114,0.99807,0.97826,0.99457,0.99457,0.49613,0.02516,0.02738,0.3458,0.83123,0.00143322,0.00143322,0.00143322
231,4438.88,0.46607,0.03179,0.04171,0.29832,0.84132,0.99915,1,0.995,0.90008,0.99915,1,0.995,0.995,0.50795,0.02725,0.04448,0.3014,0.82715,0.00143075,0.00143075,0.00143075
232,4457.64,0.48161,0.03275,0.04537,0.2918,0.84828,0.99978,1,0.995,0.90574,0.99978,1,0.995,0.995,0.51755,0.0273,0.02149,0.27225,0.82853,0.00142827,0.00142827,0.00142827
233,4477.37,0.46324,0.02915,0.04139,0.29261,0.8332,1,0.99918,0.995,0.91127,1,0.99918,0.995,0.995,0.50764,0.02195,0.00975,0.30993,0.82423,0.0014258,0.0014258,0.0014258
234,4496.06,0.47698,0.03184,0.04007,0.29715,0.84918,1,0.99805,0.995,0.91182,1,0.99805,0.995,0.995,0.5065,0.02158,0.00651,0.29484,0.82896,0.00142333,0.00142333,0.00142333
235,4515.61,0.47969,0.03129,0.03712,0.29927,0.84666,0.99752,0.97826,0.99378,0.89811,1,0.99776,0.995,0.995,0.52094,0.02502,0.01427,0.34396,0.83631,0.00142085,0.00142085,0.00142085
236,4534.26,0.47073,0.03335,0.0251,0.29142,0.8467,0.99819,0.97826,0.99417,0.90857,1,0.99903,0.995,0.995,0.52294,0.02737,0.02185,0.35,0.83398,0.00141838,0.00141838,0.00141838
237,4553.8,0.48263,0.0299,0.03438,0.29583,0.83858,0.99732,0.97826,0.99417,0.90872,1,0.99882,0.995,0.995,0.49374,0.02991,0.01058,0.33004,0.82488,0.0014159,0.0014159,0.0014159
238,4573.34,0.46278,0.02769,0.03928,0.2908,0.84438,0.99691,0.97826,0.99417,0.91371,1,0.99887,0.995,0.995,0.47181,0.03043,0.04519,0.31368,0.82603,0.00141343,0.00141343,0.00141343
239,4592.14,0.46619,0.03003,0.04051,0.29036,0.84709,0.99805,0.97826,0.99457,0.89577,1,0.99898,0.995,0.995,0.52127,0.0221,0.01121,0.33805,0.83519,0.00141095,0.00141095,0.00141095
240,4612.78,0.46864,0.02576,0.03948,0.29028,0.84308,1,0.99842,0.995,0.91338,1,0.99842,0.995,0.995,0.5091,0.02561,0.03082,0.31259,0.82175,0.00140847,0.00140847,0.00140847
241,4632.53,0.47141,0.02881,0.03323,0.29659,0.83787,0.97869,0.9985,0.99457,0.90584,1,0.99968,0.995,0.995,0.50503,0.03329,0.01534,0.32245,0.82985,0.001406,0.001406,0.001406
242,4652.12,0.4705,0.02867,0.03113,0.29397,0.8419,0.99836,0.97826,0.99417,0.90461,0.99836,0.97826,0.99417,0.99417,0.48073,0.0228,0.00899,0.30246,0.81475,0.00140352,0.00140352,0.00140352
243,4670.79,0.4877,0.03171,0.03595,0.30711,0.85123,1,0.99884,0.995,0.92835,1,0.99884,0.995,0.995,0.47053,0.02415,0.03,0.30792,0.81605,0.00140105,0.00140105,0.00140105
244,4690.66,0.47982,0.02786,0.02667,0.29476,0.84437,0.99942,1,0.995,0.91712,0.99942,1,0.995,0.995,0.50224,0.0193,0.03173,0.28382,0.82831,0.00139858,0.00139858,0.00139858
245,4710.18,0.46358,0.02985,0.03509,0.29355,0.84277,0.99938,1,0.995,0.91272,0.99938,1,0.995,0.995,0.48825,0.02551,0.03013,0.2774,0.81653,0.0013961,0.0013961,0.0013961
246,4729.32,0.46295,0.03194,0.03339,0.2946,0.84653,0.99923,1,0.995,0.90849,0.99923,1,0.995,0.995,0.49203,0.01372,0.03457,0.27904,0.81365,0.00139362,0.00139362,0.00139362
247,4748.87,0.46463,0.03098,0.03478,0.29163,0.83893,0.99854,1,0.995,0.91118,0.99854,1,0.995,0.995,0.49752,0.01685,0.01328,0.2902,0.82243,0.00139115,0.00139115,0.00139115
248,4767.67,0.46065,0.0315,0.04035,0.29471,0.8407,0.99866,1,0.995,0.91469,0.99866,1,0.995,0.995,0.50413,0.0262,0.01238,0.29746,0.82747,0.00138867,0.00138867,0.00138867
249,4787.24,0.47274,0.0293,0.03536,0.30008,0.8541,0.99882,1,0.995,0.91525,0.99882,1,0.995,0.995,0.50381,0.01821,0.02389,0.28423,0.82594,0.0013862,0.0013862,0.0013862
250,4806.02,0.47418,0.03567,0.0434,0.29311,0.84233,0.99886,1,0.995,0.89789,0.99886,1,0.995,0.995,0.5118,0.0221,0.01223,0.2867,0.82831,0.00138372,0.00138372,0.00138372
251,4825.61,0.45774,0.02734,0.02739,0.28948,0.84126,0.9986,1,0.995,0.90521,0.9986,1,0.995,0.995,0.51372,0.01316,0.01246,0.28452,0.83026,0.00138125,0.00138125,0.00138125
252,4845.08,0.46796,0.03443,0.04878,0.29537,0.84235,1,0.99952,0.995,0.89624,1,0.99952,0.995,0.995,0.51133,0.01598,0.03532,0.31678,0.81934,0.00137878,0.00137878,0.00137878
253,4864.46,0.46168,0.03454,0.0338,0.29513,0.84286,1,0.99826,0.995,0.90229,1,0.99826,0.995,0.995,0.51253,0.0201,0.02606,0.29114,0.81918,0.0013763,0.0013763,0.0013763
254,4883.16,0.48358,0.03472,0.04124,0.30889,0.85516,0.99829,0.97826,0.99417,0.90819,0.99829,0.97826,0.99457,0.99457,0.49291,0.02672,0.02154,0.32273,0.81704,0.00137383,0.00137383,0.00137383
255,4902.62,0.46461,0.03098,0.03146,0.29484,0.84024,1,0.99839,0.995,0.92144,1,0.99839,0.995,0.995,0.4679,0.02846,0.01218,0.3107,0.81548,0.00137135,0.00137135,0.00137135
256,4923.13,0.45635,0.0265,0.02773,0.28875,0.84708,1,0.99872,0.995,0.91055,1,0.99872,0.995,0.995,0.51619,0.02504,0.01782,0.32248,0.82349,0.00136888,0.00136888,0.00136888
257,4941.93,0.46661,0.0357,0.04089,0.29668,0.83644,1,0.9988,0.995,0.90252,1,0.9988,0.995,0.995,0.51514,0.02696,0.00548,0.32172,0.82073,0.0013664,0.0013664,0.0013664
258,4961.49,0.45208,0.0287,0.03366,0.28765,0.83612,0.99853,0.97826,0.99417,0.89948,1,0.99864,0.995,0.995,0.54252,0.01863,0.00371,0.36315,0.82811,0.00136392,0.00136392,0.00136392
259,4980.22,0.45423,0.03146,0.03563,0.29067,0.83483,0.99857,0.97826,0.99417,0.90996,1,0.99851,0.995,0.995,0.52189,0.02017,0.0128,0.35826,0.82233,0.00136145,0.00136145,0.00136145
260,4999.69,0.45221,0.02614,0.03968,0.28344,0.83627,1,0.99869,0.995,0.91022,1,0.99869,0.995,0.995,0.55246,0.02314,0.03592,0.3416,0.8421,0.00135898,0.00135898,0.00135898
261,5018.52,0.45713,0.0265,0.0281,0.29783,0.83824,0.99831,0.97826,0.99457,0.91096,0.99831,0.97826,0.99457,0.99457,0.53402,0.02531,0.03033,0.29416,0.83017,0.0013565,0.0013565,0.0013565
262,5038.15,0.4645,0.03337,0.02967,0.29223,0.83738,0.99868,0.97826,0.99417,0.90699,0.99868,0.97826,0.99417,0.99417,0.51545,0.01383,0.01664,0.35388,0.82183,0.00135403,0.00135403,0.00135403
263,5056.78,0.45444,0.029,0.03373,0.29382,0.84211,0.99822,0.97826,0.99417,0.91177,0.99822,0.97826,0.99417,0.99417,0.51047,0.02044,0.00236,0.35553,0.82338,0.00135155,0.00135155,0.00135155
264,5076.56,0.45813,0.02763,0.03866,0.28493,0.8391,0.99719,0.97826,0.99378,0.91339,0.99719,0.97826,0.99378,0.99378,0.5189,0.02784,0.00838,0.35626,0.82043,0.00134908,0.00134908,0.00134908
265,5096.42,0.45297,0.02823,0.03123,0.28745,0.84189,0.99772,0.97826,0.99457,0.90185,0.99772,0.97826,0.99457,0.99457,0.50145,0.03163,0.01354,0.35711,0.82654,0.0013466,0.0013466,0.0013466
266,5115.47,0.47027,0.0303,0.03314,0.29051,0.83382,1,0.99877,0.995,0.90287,1,0.99877,0.995,0.995,0.48594,0.02752,0.00868,0.33093,0.82314,0.00134413,0.00134413,0.00134413
267,5135.48,0.45437,0.03229,0.03659,0.28525,0.84367,1,0.9987,0.995,0.91442,1,0.9987,0.995,0.995,0.47623,0.02945,0.00537,0.33641,0.82339,0.00134165,0.00134165,0.00134165
268,5154.19,0.44953,0.02777,0.03158,0.28455,0.83358,0.99838,0.97826,0.99417,0.91155,1,0.99891,0.995,0.995,0.48845,0.03532,0.00187,0.34246,0.81804,0.00133917,0.00133917,0.00133917
269,5173.77,0.46113,0.03249,0.04046,0.2849,0.85134,0.9984,0.97826,0.99417,0.9065,1,0.99885,0.995,0.995,0.49339,0.02517,0.00738,0.35588,0.82201,0.0013367,0.0013367,0.0013367
270,5192.51,0.44894,0.02867,0.03595,0.28451,0.8395,1,0.999,0.995,0.91894,1,0.999,0.995,0.995,0.49705,0.02919,0.01599,0.30147,0.82338,0.00133423,0.00133423,0.00133423
271,5211.89,0.46361,0.02636,0.03911,0.28978,0.8395,1,0.99878,0.995,0.91666,1,0.99878,0.995,0.995,0.47583,0.02842,0.04503,0.29132,0.81537,0.00133175,0.00133175,0.00133175
272,5230.59,0.45507,0.02662,0.04256,0.29268,0.84973,1,0.99855,0.995,0.91856,1,0.99855,0.995,0.99277,0.47004,0.032,0.0416,0.29081,0.81855,0.00132927,0.00132927,0.00132927
273,5250.12,0.44311,0.0276,0.03075,0.28018,0.83285,1,0.99864,0.995,0.90237,1,0.99864,0.995,0.995,0.48338,0.02609,0.01064,0.35815,0.82285,0.0013268,0.0013268,0.0013268
274,5269.6,0.45567,0.02893,0.04025,0.2908,0.83774,0.99854,0.97826,0.99457,0.89361,1,0.99872,0.995,0.995,0.50411,0.02379,0.0041,0.3393,0.83214,0.00132432,0.00132432,0.00132432
275,5288.33,0.44175,0.03492,0.03354,0.28156,0.83075,1,0.99862,0.995,0.9068,1,0.99862,0.995,0.995,0.4877,0.02244,0.01174,0.31196,0.82511,0.00132185,0.00132185,0.00132185
276,5308.83,0.43831,0.02736,0.02961,0.28647,0.83946,1,0.99887,0.995,0.90011,1,0.99887,0.995,0.995,0.47558,0.02526,0.01736,0.2897,0.81807,0.00131938,0.00131938,0.00131938
277,5327.78,0.45868,0.03198,0.03933,0.29342,0.84334,1,0.99793,0.995,0.90796,1,0.99793,0.995,0.995,0.50053,0.02734,0.01254,0.28168,0.81938,0.0013169,0.0013169,0.0013169
278,5347.33,0.46728,0.03122,0.03858,0.28845,0.8378,1,0.99858,0.995,0.91162,1,0.99858,0.995,0.995,0.49872,0.0211,0.01004,0.31298,0.81731,0.00131443,0.00131443,0.00131443
279,5366.12,0.45614,0.03086,0.04215,0.29276,0.8414,0.99874,0.97826,0.99457,0.91437,1,0.99865,0.995,0.995,0.48298,0.02043,0.00905,0.35336,0.82064,0.00131195,0.00131195,0.00131195
280,5385.67,0.44695,0.02582,0.04179,0.28037,0.84202,0.99844,0.97826,0.99378,0.90637,0.99844,0.97826,0.99457,0.99229,0.46689,0.02243,0.01093,0.34849,0.81818,0.00130948,0.00130948,0.00130948
281,5404.41,0.44378,0.03313,0.03582,0.28181,0.83724,1,0.99868,0.995,0.91864,1,0.99868,0.995,0.995,0.46492,0.0183,0.01275,0.33979,0.81547,0.001307,0.001307,0.001307
282,5423.87,0.44202,0.02617,0.0302,0.28428,0.83642,1,0.99849,0.995,0.91196,1,0.99849,0.995,0.995,0.45253,0.01865,0.03059,0.295,0.80926,0.00130452,0.00130452,0.00130452
283,5443.35,0.4438,0.03087,0.03871,0.2798,0.82986,1,0.99868,0.995,0.90262,1,0.99868,0.995,0.995,0.47703,0.01962,0.04768,0.31124,0.81433,0.00130205,0.00130205,0.00130205
284,5462.26,0.45253,0.02809,0.03276,0.28413,0.82913,1,0.99846,0.995,0.91488,1,0.99846,0.995,0.995,0.48602,0.01651,0.04719,0.31735,0.82019,0.00129957,0.00129957,0.00129957
285,5481.77,0.44947,0.02605,0.03029,0.2832,0.83322,1,0.99957,0.995,0.91746,1,0.99957,0.995,0.995,0.47785,0.01382,0.03392,0.31407,0.81524,0.0012971,0.0012971,0.0012971
286,5500.4,0.43331,0.02737,0.04424,0.28031,0.83334,0.99843,0.97826,0.99417,0.91258,1,0.99842,0.995,0.995,0.50785,0.01963,0.02388,0.33014,0.81772,0.00129463,0.00129463,0.00129463
287,5520.13,0.44381,0.02515,0.02991,0.28144,0.84589,1,0.99853,0.995,0.89969,1,0.99853,0.995,0.995,0.50777,0.01395,0.04058,0.32024,0.81677,0.00129215,0.00129215,0.00129215
288,5538.8,0.44136,0.02406,0.03688,0.28037,0.83381,0.9986,0.97826,0.99417,0.90925,0.9986,0.97826,0.99457,0.99457,0.4787,0.01717,0.02174,0.32987,0.81291,0.00128967,0.00128967,0.00128967
289,5558.22,0.44993,0.0274,0.0372,0.28146,0.84095,1,0.99887,0.995,0.92266,1,0.99887,0.995,0.995,0.45661,0.02127,0.01697,0.31365,0.81508,0.0012872,0.0012872,0.0012872
290,5576.93,0.44333,0.02991,0.0338,0.27628,0.84406,1,0.99957,0.995,0.91415,1,0.99957,0.995,0.995,0.46845,0.01924,0.00779,0.2756,0.81968,0.00128473,0.00128473,0.00128473
291,5596.57,0.45988,0.02954,0.02851,0.28689,0.84222,1,0.99906,0.995,0.91665,1,0.99906,0.995,0.995,0.46391,0.01863,0.01446,0.29217,0.81641,0.00128225,0.00128225,0.00128225
292,5616.47,0.45082,0.02697,0.03213,0.27904,0.83004,1,0.99901,0.995,0.92149,1,0.99901,0.995,0.995,0.46821,0.02074,0.02691,0.31941,0.81832,0.00127977,0.00127977,0.00127977
293,5636.83,0.43308,0.02828,0.02991,0.27361,0.8329,1,0.99864,0.995,0.91741,1,0.99864,0.995,0.995,0.45462,0.01731,0.01734,0.30631,0.80814,0.0012773,0.0012773,0.0012773
294,5656.69,0.43951,0.02656,0.03105,0.28193,0.83623,1,0.99874,0.995,0.90624,1,0.99874,0.995,0.995,0.48732,0.02431,0.02603,0.33438,0.82571,0.00127483,0.00127483,0.00127483
295,5675.54,0.42968,0.02364,0.02802,0.27059,0.83218,1,0.99862,0.995,0.90283,1,0.99862,0.995,0.995,0.4833,0.02442,0.03168,0.30991,0.81845,0.00127235,0.00127235,0.00127235
296,5695.48,0.43736,0.0293,0.03662,0.275,0.83467,1,0.99881,0.995,0.90077,1,0.99881,0.995,0.995,0.48031,0.02624,0.01348,0.38585,0.82812,0.00126987,0.00126987,0.00126987
297,5714.25,0.43145,0.02733,0.03137,0.27115,0.83177,1,0.9988,0.995,0.91301,1,0.9988,0.995,0.99492,0.48645,0.02893,0.05007,0.36707,0.82288,0.0012674,0.0012674,0.0012674
298,5733.79,0.42905,0.02738,0.02876,0.27104,0.82914,1,0.99929,0.995,0.91782,1,0.99929,0.995,0.995,0.44886,0.02853,0.02972,0.27876,0.81663,0.00126492,0.00126492,0.00126492
299,5752.55,0.42884,0.02727,0.03038,0.27013,0.83331,1,0.9994,0.995,0.91298,1,0.9994,0.995,0.995,0.46494,0.02796,0.04349,0.28354,0.81942,0.00126245,0.00126245,0.00126245
300,5772,0.43629,0.02704,0.03425,0.27733,0.82902,1,0.99876,0.995,0.91231,1,0.99876,0.995,0.995,0.48728,0.02572,0.03216,0.31032,0.82143,0.00125997,0.00125997,0.00125997
301,5791.55,0.44649,0.02734,0.04076,0.28247,0.83804,1,0.99868,0.995,0.90937,1,0.99868,0.995,0.995,0.47593,0.02254,0.03774,0.31067,0.81802,0.0012575,0.0012575,0.0012575
302,5810.89,0.44091,0.02479,0.03672,0.28038,0.8464,1,0.9987,0.995,0.90609,1,0.9987,0.995,0.995,0.48311,0.02213,0.04641,0.3246,0.81468,0.00125503,0.00125503,0.00125503
303,5830.66,0.43466,0.02536,0.03481,0.27661,0.82936,0.9984,0.97826,0.99417,0.9181,0.9984,0.97826,0.99417,0.99417,0.49178,0.01962,0.01818,0.33463,0.81923,0.00125255,0.00125255,0.00125255
304,5849.39,0.43365,0.02578,0.03109,0.27811,0.83227,0.99866,0.97826,0.99417,0.91453,0.99866,0.97826,0.99457,0.99457,0.48734,0.0244,0.02356,0.40364,0.8189,0.00125008,0.00125008,0.00125008
305,5869.09,0.42925,0.02417,0.03892,0.27255,0.83713,1,0.99881,0.995,0.91808,1,0.99881,0.995,0.99496,0.4873,0.02611,0.02098,0.34772,0.81468,0.0012476,0.0012476,0.0012476
306,5887.81,0.43183,0.02092,0.03097,0.27959,0.83423,1,0.99968,0.995,0.92333,1,0.99968,0.995,0.995,0.49015,0.02484,0.03479,0.28916,0.81429,0.00124513,0.00124513,0.00124513
307,5907.36,0.4412,0.02589,0.0271,0.27785,0.83917,1,0.99875,0.995,0.91586,1,0.99875,0.995,0.995,0.46579,0.01932,0.00445,0.29675,0.81176,0.00124265,0.00124265,0.00124265
308,5926.06,0.42555,0.02409,0.02605,0.27171,0.82828,1,0.99877,0.995,0.91949,1,0.99877,0.995,0.995,0.45657,0.01926,0.01142,0.32625,0.81031,0.00124018,0.00124018,0.00124018
309,5945.78,0.42787,0.02317,0.03106,0.27151,0.82802,1,0.99888,0.995,0.92616,1,0.99888,0.995,0.995,0.4767,0.02676,0.03953,0.32106,0.81133,0.0012377,0.0012377,0.0012377
310,5966.31,0.42449,0.02781,0.02791,0.26819,0.82914,1,0.9995,0.995,0.92451,1,0.9995,0.995,0.995,0.48706,0.02294,0.0289,0.29048,0.80908,0.00123522,0.00123522,0.00123522
311,5986.08,0.44261,0.02614,0.03851,0.2777,0.83768,0.99896,1,0.995,0.92455,0.99896,1,0.995,0.995,0.45719,0.02348,0.01846,0.26145,0.80758,0.00123275,0.00123275,0.00123275
312,6005.72,0.43157,0.0224,0.03225,0.269,0.82987,0.99934,1,0.995,0.92221,0.99934,1,0.995,0.99277,0.45889,0.02616,0.03301,0.27605,0.80294,0.00123028,0.00123028,0.00123028
313,6024.4,0.43934,0.02864,0.03118,0.2752,0.83432,0.99954,1,0.995,0.9211,0.99954,1,0.995,0.995,0.46167,0.02857,0.04519,0.27932,0.804,0.0012278,0.0012278,0.0012278
314,6044.17,0.4289,0.02565,0.02959,0.27173,0.82491,1,0.9978,0.995,0.91603,1,0.9978,0.995,0.995,0.5036,0.02466,0.0329,0.26337,0.81647,0.00122532,0.00122532,0.00122532
315,6062.94,0.41081,0.0238,0.02794,0.26342,0.82541,1,0.999,0.995,0.91558,1,0.999,0.995,0.995,0.53303,0.01884,0.03,0.28604,0.82188,0.00122285,0.00122285,0.00122285
316,6082.97,0.42293,0.02293,0.03449,0.26553,0.82959,1,0.9997,0.995,0.91795,1,0.9997,0.995,0.995,0.51119,0.02122,0.03397,0.27833,0.81773,0.00122038,0.00122038,0.00122038
317,6101.98,0.43208,0.02519,0.0373,0.27133,0.83444,1,0.99932,0.995,0.90325,1,0.99932,0.995,0.995,0.51772,0.02684,0.02363,0.2991,0.8227,0.0012179,0.0012179,0.0012179
318,6122.02,0.43053,0.02547,0.03987,0.27306,0.83346,1,0.99943,0.995,0.91421,1,0.99943,0.995,0.99232,0.48983,0.03521,0.04111,0.29741,0.82515,0.00121543,0.00121543,0.00121543
319,6142.14,0.43292,0.0246,0.02421,0.27121,0.83326,0.99894,1,0.995,0.91281,0.99894,1,0.995,0.995,0.4802,0.02779,0.01934,0.26929,0.82276,0.00121295,0.00121295,0.00121295
320,6161.31,0.43373,0.02563,0.02926,0.2721,0.83402,0.99895,1,0.995,0.92505,0.99895,1,0.995,0.995,0.4903,0.02522,0.0188,0.2584,0.81814,0.00121048,0.00121048,0.00121048
321,6181.56,0.4163,0.02831,0.02651,0.26018,0.83373,0.99915,1,0.995,0.91009,0.99915,1,0.995,0.995,0.48612,0.02011,0.0345,0.2594,0.81077,0.001208,0.001208,0.001208
322,6200.32,0.41448,0.0249,0.03181,0.26402,0.82841,0.99941,1,0.995,0.91681,0.99941,1,0.995,0.995,0.46414,0.01598,0.05036,0.26972,0.81159,0.00120553,0.00120553,0.00120553
323,6219.87,0.41164,0.02189,0.03595,0.26862,0.83448,0.99876,1,0.995,0.92394,0.99876,1,0.995,0.995,0.46551,0.01985,0.014,0.24799,0.81155,0.00120305,0.00120305,0.00120305
324,6238.65,0.41508,0.02243,0.03033,0.26398,0.82434,0.99854,1,0.995,0.9249,0.99854,1,0.995,0.995,0.44976,0.02097,0.00889,0.25761,0.81191,0.00120057,0.00120057,0.00120057
325,6258.21,0.42176,0.03397,0.03449,0.27227,0.83303,0.99851,1,0.995,0.91615,0.99851,1,0.995,0.995,0.45528,0.01816,0.01029,0.26044,0.81398,0.0011981,0.0011981,0.0011981
326,6276.93,0.42746,0.02814,0.03812,0.27343,0.83706,0.99857,1,0.995,0.91652,0.99857,1,0.995,0.995,0.45594,0.02021,0.00667,0.25758,0.81852,0.00119562,0.00119562,0.00119562
327,6296.24,0.41976,0.02902,0.03912,0.27227,0.83415,0.99857,1,0.995,0.9159,0.99857,1,0.995,0.995,0.46426,0.01673,0.01121,0.25211,0.81842,0.00119315,0.00119315,0.00119315
328,6315.76,0.42677,0.02132,0.02263,0.26851,0.83659,0.99873,1,0.995,0.92521,0.99873,1,0.995,0.995,0.47226,0.02212,0.00739,0.24957,0.82448,0.00119068,0.00119068,0.00119068
329,6334.53,0.4092,0.02656,0.03056,0.26363,0.83293,0.99871,1,0.995,0.92258,0.99871,1,0.995,0.995,0.46915,0.03604,0.0161,0.26624,0.81841,0.0011882,0.0011882,0.0011882
330,6354.13,0.4299,0.02804,0.03566,0.2757,0.83577,0.99897,1,0.995,0.91555,0.99897,1,0.995,0.995,0.48057,0.02117,0.01355,0.27068,0.81927,0.00118572,0.00118572,0.00118572
331,6373.01,0.43004,0.02734,0.03332,0.27434,0.84466,1,0.99627,0.995,0.91996,1,0.99627,0.995,0.995,0.49444,0.01847,0.02141,0.28286,0.81885,0.00118325,0.00118325,0.00118325
332,6392.56,0.42176,0.02529,0.02828,0.27166,0.83388,1,0.99829,0.995,0.9224,1,0.99829,0.995,0.995,0.4743,0.02219,0.01709,0.26722,0.82088,0.00118078,0.00118078,0.00118078
333,6411.39,0.41096,0.02304,0.02479,0.27429,0.83092,0.99765,0.97826,0.99457,0.93153,0.99765,0.97826,0.99457,0.99457,0.47688,0.02053,0.007,0.2695,0.81445,0.0011783,0.0011783,0.0011783
334,6431.22,0.41613,0.02554,0.02856,0.26727,0.82664,0.99964,1,0.995,0.91999,0.99964,1,0.995,0.995,0.48667,0.02311,0.0495,0.26805,0.81162,0.00117582,0.00117582,0.00117582
335,6450,0.40995,0.02328,0.03173,0.26765,0.83382,0.9993,1,0.995,0.90729,0.9993,1,0.995,0.995,0.48957,0.02556,0.01493,0.26521,0.81886,0.00117335,0.00117335,0.00117335
336,6469.6,0.41273,0.02393,0.03001,0.26294,0.82527,0.99997,1,0.995,0.91211,0.99997,1,0.995,0.995,0.47625,0.0299,0.02644,0.27255,0.81471,0.00117088,0.00117088,0.00117088
337,6489.13,0.41976,0.02033,0.03449,0.26352,0.83285,1,0.99904,0.995,0.92173,1,0.99904,0.995,0.995,0.49261,0.02375,0.02053,0.29752,0.82134,0.0011684,0.0011684,0.0011684
338,6508.82,0.40694,0.02133,0.0307,0.26001,0.8228,1,0.99932,0.995,0.90967,1,0.99932,0.995,0.995,0.46133,0.02894,0.02264,0.28546,0.81649,0.00116592,0.00116592,0.00116592
339,6528.88,0.41683,0.02076,0.0231,0.26047,0.81957,1,0.99938,0.995,0.91562,1,0.99938,0.995,0.995,0.47505,0.03901,0.0296,0.28844,0.82218,0.00116345,0.00116345,0.00116345
340,6547.6,0.40302,0.02325,0.02384,0.2641,0.82187,1,0.99851,0.995,0.91901,1,0.99851,0.995,0.995,0.45717,0.02953,0.01519,0.28182,0.8159,0.00116097,0.00116097,0.00116097
341,6567.22,0.4237,0.02427,0.0371,0.26948,0.82695,1,0.99931,0.995,0.92204,1,0.99931,0.995,0.995,0.43384,0.02053,0.01088,0.27704,0.81161,0.0011585,0.0011585,0.0011585
342,6585.95,0.42684,0.02484,0.03008,0.27115,0.82915,1,0.99899,0.995,0.91764,1,0.99899,0.995,0.995,0.46168,0.02349,0.02725,0.2945,0.81977,0.00115603,0.00115603,0.00115603
343,6605.55,0.41327,0.01979,0.02227,0.26213,0.82596,0.99978,1,0.995,0.92148,0.99978,1,0.995,0.995,0.45758,0.02385,0.00536,0.2674,0.81517,0.00115355,0.00115355,0.00115355
344,6624.23,0.42463,0.02884,0.03192,0.26737,0.83385,0.9993,1,0.995,0.91211,0.9993,1,0.995,0.995,0.49072,0.01963,0.00854,0.26244,0.82149,0.00115108,0.00115108,0.00115108
345,6644.83,0.41763,0.024,0.03185,0.26503,0.82622,0.99915,1,0.995,0.91978,0.99915,1,0.995,0.995,0.45814,0.01951,0.0121,0.25818,0.81809,0.0011486,0.0011486,0.0011486
346,6664.46,0.4016,0.02079,0.02278,0.25792,0.82757,0.97706,1,0.99457,0.91629,0.97706,1,0.99457,0.99457,0.48685,0.02209,0.03981,0.28149,0.82015,0.00114613,0.00114613,0.00114613
347,6683.25,0.44515,0.02563,0.0239,0.2731,0.84863,0.99742,0.97826,0.99457,0.90373,0.99742,0.97826,0.99457,0.99457,0.49061,0.02518,0.01696,0.28064,0.82302,0.00114365,0.00114365,0.00114365
348,6703.31,0.41355,0.02459,0.02994,0.26178,0.83177,1,0.99888,0.995,0.9136,1,0.99888,0.995,0.995,0.4635,0.0292,0.00987,0.27481,0.8217,0.00114117,0.00114117,0.00114117
349,6722.42,0.41717,0.0241,0.02828,0.26827,0.83257,1,0.99857,0.995,0.91642,1,0.99857,0.995,0.995,0.47189,0.02242,0.00921,0.29253,0.82321,0.0011387,0.0011387,0.0011387
350,6742.01,0.41101,0.0234,0.03749,0.2652,0.83116,1,0.99966,0.995,0.92207,1,0.99966,0.995,0.995,0.44944,0.02141,0.03423,0.26785,0.81395,0.00113623,0.00113623,0.00113623
351,6761.12,0.40507,0.02444,0.03371,0.25799,0.83153,1,0.99881,0.995,0.91848,1,0.99881,0.995,0.995,0.46896,0.01797,0.01165,0.30077,0.81466,0.00113375,0.00113375,0.00113375
352,6780.95,0.40534,0.02215,0.02793,0.26179,0.83247,1,0.99861,0.995,0.92031,1,0.99861,0.995,0.995,0.46029,0.01397,0.01195,0.30506,0.81607,0.00113128,0.00113128,0.00113128
353,6799.42,0.41609,0.02514,0.02663,0.26795,0.83201,1,0.99859,0.995,0.92767,1,0.99859,0.995,0.995,0.44939,0.01998,0.02175,0.27297,0.81697,0.0011288,0.0011288,0.0011288
354,6818.98,0.40196,0.02574,0.03533,0.2601,0.82372,1,0.99962,0.995,0.91944,1,0.99962,0.995,0.995,0.4529,0.02422,0.0157,0.27101,0.80927,0.00112633,0.00112633,0.00112633
355,6838.68,0.40083,0.02031,0.0299,0.25743,0.82729,1,0.99931,0.995,0.92303,1,0.99931,0.995,0.995,0.45523,0.01931,0.02581,0.27658,0.80858,0.00112385,0.00112385,0.00112385
356,6857.36,0.39837,0.02088,0.02861,0.25889,0.83169,1,0.99936,0.995,0.91291,1,0.99936,0.995,0.995,0.47153,0.01784,0.038,0.26218,0.80996,0.00112137,0.00112137,0.00112137
357,6877.04,0.4111,0.02201,0.02916,0.26351,0.82792,0.99934,1,0.995,0.92178,0.99934,1,0.995,0.995,0.46217,0.01592,0.02296,0.25587,0.81318,0.0011189,0.0011189,0.0011189
358,6895.82,0.40381,0.02271,0.02724,0.26333,0.82994,1,0.99879,0.995,0.91477,1,0.99879,0.995,0.995,0.47532,0.01864,0.02219,0.27419,0.81623,0.00111643,0.00111643,0.00111643
359,6915.45,0.40101,0.02106,0.02823,0.25864,0.82776,1,0.99886,0.995,0.91603,1,0.99886,0.995,0.995,0.48306,0.01873,0.03834,0.27545,0.81707,0.00111395,0.00111395,0.00111395
360,6934.17,0.4015,0.02554,0.02361,0.25486,0.82811,1,0.99859,0.995,0.91694,1,0.99859,0.995,0.995,0.48195,0.02206,0.00959,0.31038,0.82064,0.00111148,0.00111148,0.00111148
361,6953.71,0.41494,0.0247,0.02889,0.26204,0.82769,1,0.99891,0.995,0.9118,1,0.99891,0.995,0.995,0.49122,0.02467,0.01397,0.29711,0.81347,0.001109,0.001109,0.001109
362,6972.45,0.39994,0.02677,0.02966,0.25438,0.82421,0.99962,1,0.995,0.91851,0.99962,1,0.995,0.995,0.48157,0.02081,0.01521,0.26198,0.80647,0.00110653,0.00110653,0.00110653
363,6992.13,0.39955,0.02128,0.02705,0.25719,0.82649,0.99986,1,0.995,0.91163,0.99986,1,0.995,0.995,0.4957,0.01939,0.00966,0.26552,0.81147,0.00110405,0.00110405,0.00110405
364,7011.68,0.40373,0.02197,0.02877,0.25636,0.82607,1,0.99954,0.995,0.91459,1,0.99954,0.995,0.995,0.4943,0.0149,0.0052,0.26832,0.8131,0.00110158,0.00110158,0.00110158
365,7030.44,0.40023,0.02171,0.02421,0.25336,0.82617,1,0.99825,0.995,0.90901,1,0.99825,0.995,0.995,0.48813,0.01591,0.00423,0.27367,0.81572,0.0010991,0.0010991,0.0010991
366,7050.03,0.39969,0.02167,0.02595,0.2553,0.82948,1,0.99947,0.995,0.91268,1,0.99947,0.995,0.995,0.46774,0.01865,0.00507,0.27281,0.80951,0.00109662,0.00109662,0.00109662
367,7068.83,0.40273,0.02042,0.0295,0.25665,0.82606,0.99927,1,0.995,0.90856,0.99927,1,0.995,0.995,0.45794,0.02025,0.0045,0.25934,0.81228,0.00109415,0.00109415,0.00109415
368,7088.52,0.39757,0.01972,0.0225,0.25289,0.83099,0.99912,1,0.995,0.91309,0.99912,1,0.995,0.995,0.48968,0.01764,0.00281,0.27055,0.82052,0.00109168,0.00109168,0.00109168
369,7107.32,0.3991,0.02043,0.02541,0.25371,0.83123,0.99915,1,0.995,0.91431,0.99915,1,0.995,0.995,0.46737,0.01768,0.00383,0.2628,0.8149,0.0010892,0.0010892,0.0010892
370,7127.03,0.40655,0.02371,0.03633,0.25894,0.83213,0.99954,1,0.995,0.91821,0.99954,1,0.995,0.995,0.4699,0.01695,0.00826,0.26564,0.81128,0.00108673,0.00108673,0.00108673
371,7145.81,0.3873,0.02137,0.02268,0.24837,0.82305,0.99994,1,0.995,0.9151,0.99994,1,0.995,0.995,0.47682,0.02058,0.00946,0.27314,0.80862,0.00108425,0.00108425,0.00108425
372,7165.5,0.39643,0.01772,0.02338,0.24904,0.82212,0.9993,1,0.995,0.9145,0.9993,1,0.995,0.995,0.47732,0.01882,0.01481,0.2573,0.81414,0.00108177,0.00108177,0.00108177
373,7185.18,0.38752,0.02144,0.02644,0.25172,0.8245,0.99921,1,0.995,0.92453,0.99921,1,0.995,0.995,0.46454,0.0191,0.02201,0.24815,0.8166,0.0010793,0.0010793,0.0010793
374,7203.9,0.39426,0.02188,0.02993,0.25258,0.82371,1,0.99935,0.995,0.9198,1,0.99935,0.995,0.995,0.4823,0.01725,0.03723,0.27228,0.81294,0.00107683,0.00107683,0.00107683
375,7223.42,0.39584,0.02378,0.03228,0.25196,0.82327,0.99942,1,0.995,0.92221,0.99942,1,0.995,0.995,0.48874,0.01598,0.01695,0.26544,0.81898,0.00107435,0.00107435,0.00107435
376,7242.22,0.39355,0.02104,0.02673,0.25662,0.82489,0.99908,1,0.995,0.91427,0.99908,1,0.995,0.995,0.47582,0.02036,0.01552,0.2506,0.81985,0.00107187,0.00107187,0.00107187
377,7262.09,0.39173,0.0273,0.02849,0.24926,0.82442,0.99957,1,0.995,0.92533,0.99957,1,0.995,0.995,0.45917,0.01437,0.02202,0.25514,0.81135,0.0010694,0.0010694,0.0010694
378,7281.01,0.40909,0.02266,0.03835,0.26,0.83825,1,0.99954,0.995,0.92569,1,0.99954,0.995,0.995,0.45653,0.01483,0.0224,0.26184,0.81595,0.00106693,0.00106693,0.00106693
379,7300.65,0.40105,0.02117,0.0299,0.25386,0.82776,1,0.99941,0.995,0.92081,1,0.99941,0.995,0.995,0.45867,0.01643,0.03072,0.26296,0.81531,0.00106445,0.00106445,0.00106445
380,7319.49,0.40936,0.0216,0.0233,0.2584,0.82905,1,0.99973,0.995,0.92415,1,0.99973,0.995,0.995,0.44275,0.0163,0.01005,0.26783,0.81524,0.00106197,0.00106197,0.00106197
381,7339.04,0.40669,0.02389,0.02495,0.25832,0.82596,0.99901,1,0.995,0.9275,0.99901,1,0.995,0.995,0.44524,0.01496,0.00854,0.25462,0.8183,0.0010595,0.0010595,0.0010595
382,7358.62,0.41423,0.02669,0.03317,0.26629,0.82983,0.99925,1,0.995,0.91931,0.99925,1,0.995,0.995,0.45586,0.01567,0.00709,0.25258,0.81705,0.00105702,0.00105702,0.00105702
383,7377.35,0.39098,0.02288,0.02816,0.24878,0.82378,1,0.99996,0.995,0.91845,1,0.99996,0.995,0.995,0.47245,0.0175,0.01055,0.26992,0.81645,0.00105455,0.00105455,0.00105455
384,7396.92,0.38389,0.02089,0.01984,0.24834,0.82011,0.99988,1,0.995,0.91398,0.99988,1,0.995,0.995,0.47734,0.01824,0.01713,0.27128,0.81774,0.00105208,0.00105208,0.00105208
385,7415.76,0.38307,0.02258,0.02373,0.24649,0.82034,0.99938,1,0.995,0.91292,0.99938,1,0.995,0.995,0.4719,0.01968,0.01347,0.2539,0.81162,0.0010496,0.0010496,0.0010496
386,7435.04,0.39471,0.02456,0.02683,0.25664,0.82325,0.99909,1,0.995,0.92072,0.99909,1,0.995,0.995,0.46145,0.01664,0.00754,0.23905,0.80885,0.00104713,0.00104713,0.00104713
387,7453.72,0.38601,0.02055,0.02512,0.24791,0.82795,0.99897,1,0.995,0.92599,0.99897,1,0.995,0.995,0.45913,0.01498,0.00514,0.24836,0.81444,0.00104465,0.00104465,0.00104465
388,7472.95,0.38897,0.02201,0.02501,0.25251,0.82517,0.9992,1,0.995,0.92966,0.9992,1,0.995,0.995,0.4657,0.01403,0.00612,0.25119,0.81305,0.00104218,0.00104218,0.00104218
389,7491.47,0.38447,0.0234,0.02318,0.24619,0.82347,0.99984,1,0.995,0.93037,0.99984,1,0.995,0.995,0.46284,0.01611,0.00682,0.26482,0.81352,0.0010397,0.0010397,0.0010397
390,7510.69,0.38417,0.02079,0.02751,0.25034,0.82037,1,0.99962,0.995,0.92628,1,0.99962,0.995,0.995,0.46868,0.01184,0.00642,0.26085,0.81556,0.00103722,0.00103722,0.00103722
391,7529.41,0.39067,0.02093,0.02074,0.25024,0.82113,0.99959,1,0.995,0.92897,0.99959,1,0.995,0.995,0.45925,0.01265,0.0079,0.24538,0.81364,0.00103475,0.00103475,0.00103475
392,7548.64,0.38754,0.02155,0.02795,0.24892,0.82416,0.99965,1,0.995,0.92693,0.99965,1,0.995,0.995,0.46086,0.01399,0.02811,0.24347,0.8116,0.00103228,0.00103228,0.00103228
393,7567.46,0.38085,0.02119,0.02307,0.24834,0.81469,0.99963,1,0.995,0.92494,0.99963,1,0.995,0.995,0.46909,0.01097,0.03934,0.25369,0.81178,0.0010298,0.0010298,0.0010298
394,7587.54,0.38231,0.01814,0.02253,0.24291,0.81767,1,0.9998,0.995,0.92265,1,0.9998,0.995,0.995,0.47311,0.01298,0.02589,0.26978,0.81613,0.00102733,0.00102733,0.00102733
395,7606.27,0.38059,0.01968,0.02621,0.24429,0.8289,1,0.99965,0.995,0.9129,1,0.99965,0.995,0.995,0.48728,0.01664,0.02501,0.28065,0.81972,0.00102485,0.00102485,0.00102485
396,7625.54,0.39387,0.0258,0.0298,0.25231,0.83026,0.99945,1,0.995,0.91565,0.99945,1,0.995,0.995,0.47449,0.01598,0.02273,0.25701,0.8135,0.00102238,0.00102238,0.00102238
397,7644.91,0.3918,0.02124,0.02772,0.25552,0.82519,0.99934,1,0.995,0.91903,0.99934,1,0.995,0.995,0.4572,0.01569,0.01568,0.2543,0.81669,0.0010199,0.0010199,0.0010199
398,7663.56,0.37557,0.01783,0.02223,0.24279,0.81527,0.99938,1,0.995,0.91665,0.99938,1,0.995,0.995,0.46529,0.01774,0.0187,0.2445,0.81514,0.00101742,0.00101742,0.00101742
399,7682.84,0.39062,0.02287,0.0305,0.25244,0.82685,0.99948,1,0.995,0.91964,0.99948,1,0.995,0.995,0.46551,0.01321,0.03585,0.24419,0.8142,0.00101495,0.00101495,0.00101495
400,7701.5,0.38559,0.02106,0.03463,0.25164,0.82155,0.9996,1,0.995,0.91276,0.9996,1,0.995,0.995,0.46153,0.01293,0.01669,0.2351,0.81503,0.00101247,0.00101247,0.00101247
401,7720.88,0.37814,0.02035,0.03112,0.24804,0.83241,0.99941,1,0.995,0.92217,0.99941,1,0.995,0.995,0.48977,0.01548,0.01269,0.24306,0.82042,0.00101,0.00101,0.00101
402,7739.57,0.37748,0.02204,0.03001,0.24683,0.81723,1,0.99965,0.995,0.92049,1,0.99965,0.995,0.995,0.48724,0.01854,0.02267,0.25853,0.81723,0.00100753,0.00100753,0.00100753
403,7758.94,0.38771,0.02121,0.0348,0.25099,0.82487,1,0.99953,0.995,0.91072,1,0.99953,0.995,0.995,0.49635,0.01658,0.00987,0.27152,0.82074,0.00100505,0.00100505,0.00100505
404,7777.7,0.39405,0.02128,0.03344,0.25246,0.83533,1,0.99974,0.995,0.90484,1,0.99974,0.995,0.995,0.51039,0.01389,0.02353,0.26656,0.82848,0.00100257,0.00100257,0.00100257
405,7797.16,0.3926,0.02046,0.02346,0.24951,0.81205,1,0.99947,0.995,0.91338,1,0.99947,0.995,0.995,0.4948,0.01878,0.00344,0.26205,0.82207,0.0010001,0.0010001,0.0010001
406,7816.43,0.38219,0.02574,0.03019,0.25332,0.82382,1,0.99909,0.995,0.90941,1,0.99909,0.995,0.995,0.48979,0.01663,0.00616,0.27928,0.82139,0.000997625,0.000997625,0.000997625
407,7835.19,0.38625,0.02124,0.02483,0.24818,0.82119,1,0.99908,0.995,0.92127,1,0.99908,0.995,0.995,0.47512,0.01459,0.02204,0.26084,0.81426,0.00099515,0.00099515,0.00099515
408,7854.47,0.38523,0.02353,0.02076,0.24445,0.81424,1,0.99918,0.995,0.92804,1,0.99918,0.995,0.995,0.45877,0.01324,0.02261,0.26075,0.81007,0.000992675,0.000992675,0.000992675
409,7873.08,0.37863,0.01858,0.02648,0.24674,0.82439,1,0.99922,0.995,0.92105,1,0.99922,0.995,0.995,0.4621,0.01657,0.00995,0.26012,0.81293,0.0009902,0.0009902,0.0009902
410,7892.23,0.37583,0.02027,0.02283,0.24505,0.81109,1,0.99885,0.995,0.91322,1,0.99885,0.995,0.995,0.47311,0.02174,0.00389,0.26081,0.80979,0.000987725,0.000987725,0.000987725
411,7910.89,0.38797,0.02017,0.02158,0.25108,0.82745,1,0.99888,0.995,0.91416,1,0.99888,0.995,0.995,0.45824,0.01795,0.0045,0.25304,0.81274,0.00098525,0.00098525,0.00098525
412,7930.14,0.3802,0.02138,0.03122,0.25,0.82567,1,0.99955,0.995,0.91565,1,0.99955,0.995,0.995,0.4743,0.01619,0.00458,0.2489,0.81486,0.000982775,0.000982775,0.000982775
413,7948.81,0.38384,0.0205,0.03681,0.24685,0.81643,1,0.99908,0.995,0.91655,1,0.99908,0.995,0.995,0.47165,0.01649,0.00416,0.26657,0.81169,0.0009803,0.0009803,0.0009803
414,7968.14,0.37467,0.02064,0.02932,0.24668,0.8242,1,0.99922,0.995,0.9166,1,0.99922,0.995,0.995,0.4898,0.01604,0.01186,0.27585,0.8143,0.000977825,0.000977825,0.000977825
415,7986.84,0.39278,0.02275,0.03112,0.2583,0.82956,1,0.99985,0.995,0.91509,1,0.99985,0.995,0.995,0.48285,0.01647,0.00907,0.25685,0.81581,0.00097535,0.00097535,0.00097535
416,8006.07,0.38903,0.01996,0.02516,0.24727,0.82116,0.99968,1,0.995,0.92168,0.99968,1,0.995,0.995,0.46734,0.01876,0.00193,0.23702,0.81384,0.000972875,0.000972875,0.000972875
417,8025.19,0.39367,0.02204,0.02325,0.25016,0.82567,0.99979,1,0.995,0.92577,0.99979,1,0.995,0.995,0.45541,0.01534,0.00212,0.23222,0.8131,0.0009704,0.0009704,0.0009704
418,8044.05,0.3814,0.01883,0.0288,0.24225,0.8187,0.99987,1,0.995,0.92554,0.99987,1,0.995,0.995,0.45904,0.01772,0.00354,0.24781,0.81553,0.000967925,0.000967925,0.000967925
419,8063.3,0.38729,0.02056,0.02523,0.24945,0.82021,0.99943,1,0.995,0.91379,0.99943,1,0.995,0.995,0.46775,0.01738,0.008,0.24149,0.82179,0.00096545,0.00096545,0.00096545
420,8082.01,0.38357,0.02044,0.02427,0.24768,0.82241,0.99971,1,0.995,0.91604,0.99971,1,0.995,0.995,0.46813,0.01728,0.00482,0.25099,0.81951,0.000962975,0.000962975,0.000962975
421,8101.2,0.37872,0.01903,0.0288,0.24444,0.82385,1,0.99951,0.995,0.91796,1,0.99951,0.995,0.995,0.4637,0.01509,0.00376,0.25897,0.81527,0.0009605,0.0009605,0.0009605
422,8120.02,0.37379,0.02199,0.02771,0.24192,0.82142,1,0.99968,0.995,0.92567,1,0.99968,0.995,0.995,0.46691,0.01691,0.00601,0.25045,0.81767,0.000958025,0.000958025,0.000958025
423,8139.2,0.36972,0.0181,0.01791,0.24406,0.82245,1,0.99907,0.995,0.91792,1,0.99907,0.995,0.995,0.48057,0.02072,0.01474,0.26084,0.82036,0.00095555,0.00095555,0.00095555
424,8157.89,0.37031,0.02145,0.02529,0.24017,0.82369,1,0.99926,0.995,0.91355,1,0.99926,0.995,0.995,0.46852,0.02023,0.02369,0.25997,0.81316,0.000953075,0.000953075,0.000953075
425,8177.33,0.3768,0.02299,0.03013,0.24231,0.81616,1,0.99932,0.995,0.92191,1,0.99932,0.995,0.995,0.45812,0.02057,0.01599,0.2666,0.81056,0.0009506,0.0009506,0.0009506
426,8195.96,0.3925,0.01824,0.02436,0.251,0.82453,1,0.99938,0.995,0.91787,1,0.99938,0.995,0.995,0.45846,0.01904,0.01713,0.25651,0.81126,0.000948125,0.000948125,0.000948125
427,8215.13,0.38718,0.02411,0.0251,0.25157,0.83044,1,0.99992,0.995,0.91456,1,0.99992,0.995,0.995,0.46057,0.01479,0.02502,0.24467,0.81764,0.00094565,0.00094565,0.00094565
428,8234.79,0.37292,0.0173,0.02229,0.24053,0.82179,0.99955,1,0.995,0.91717,0.99955,1,0.995,0.995,0.46453,0.01335,0.02852,0.24294,0.81939,0.000943175,0.000943175,0.000943175
429,8253.47,0.37361,0.02111,0.02352,0.23746,0.81102,0.99951,1,0.995,0.92631,0.99951,1,0.995,0.995,0.44291,0.01361,0.02269,0.24561,0.81734,0.0009407,0.0009407,0.0009407
430,8272.8,0.38862,0.01784,0.02724,0.2472,0.81903,0.99948,1,0.995,0.92368,0.99948,1,0.995,0.995,0.45556,0.01709,0.01642,0.2379,0.81888,0.000938225,0.000938225,0.000938225
431,8291.51,0.38522,0.01806,0.02782,0.24284,0.81972,0.99941,1,0.995,0.92487,0.99941,1,0.995,0.995,0.46392,0.02139,0.01659,0.25597,0.81726,0.00093575,0.00093575,0.00093575
432,8310.73,0.3783,0.01966,0.02566,0.24361,0.82404,0.99937,1,0.995,0.91132,0.99937,1,0.995,0.995,0.4613,0.02199,0.02267,0.24798,0.81429,0.000933275,0.000933275,0.000933275
433,8329.41,0.37568,0.01884,0.03313,0.24477,0.81293,0.99946,1,0.995,0.92346,0.99946,1,0.995,0.995,0.46245,0.01928,0.01884,0.24856,0.81702,0.0009308,0.0009308,0.0009308
434,8348.58,0.3695,0.01972,0.02352,0.2361,0.81211,0.99915,1,0.995,0.92108,0.99915,1,0.995,0.995,0.47526,0.01615,0.01644,0.24606,0.8159,0.000928325,0.000928325,0.000928325
435,8367.23,0.38063,0.01919,0.03229,0.24539,0.82173,0.99898,1,0.995,0.92073,0.99898,1,0.995,0.995,0.47239,0.01865,0.01416,0.24374,0.81508,0.00092585,0.00092585,0.00092585
436,8386.52,0.37699,0.01958,0.02249,0.24082,0.82405,0.99898,1,0.995,0.91494,0.99898,1,0.995,0.995,0.46992,0.01981,0.0069,0.23768,0.81618,0.000923375,0.000923375,0.000923375
437,8405.16,0.36902,0.01985,0.02136,0.23794,0.81838,0.99916,1,0.995,0.92504,0.99916,1,0.995,0.995,0.47343,0.01919,0.00864,0.238,0.81626,0.0009209,0.0009209,0.0009209
438,8424.46,0.36915,0.01744,0.02472,0.23963,0.81559,0.99928,1,0.995,0.91304,0.99928,1,0.995,0.995,0.48844,0.01771,0.02179,0.24267,0.81668,0.000918425,0.000918425,0.000918425
439,8443.85,0.36152,0.02145,0.02278,0.23722,0.81089,0.99928,1,0.995,0.91126,0.99928,1,0.995,0.995,0.48808,0.01607,0.02472,0.24989,0.81663,0.00091595,0.00091595,0.00091595
440,8462.59,0.36771,0.01968,0.02769,0.23649,0.81333,0.99949,1,0.995,0.92251,0.99949,1,0.995,0.995,0.47386,0.01849,0.02684,0.24836,0.8167,0.000913475,0.000913475,0.000913475
441,8481.86,0.37179,0.01809,0.01804,0.24162,0.81412,0.99945,1,0.995,0.92344,0.99945,1,0.995,0.995,0.46701,0.01779,0.02297,0.23908,0.81293,0.000911,0.000911,0.000911
442,8500.56,0.37212,0.01874,0.02722,0.23902,0.83339,0.99912,1,0.995,0.92286,0.99912,1,0.995,0.995,0.4531,0.02155,0.03025,0.23918,0.81156,0.000908525,0.000908525,0.000908525
443,8519.84,0.36769,0.01823,0.02764,0.23602,0.80913,0.99921,1,0.995,0.91843,0.99921,1,0.995,0.995,0.4556,0.01813,0.02226,0.25101,0.81535,0.00090605,0.00090605,0.00090605
444,8538.64,0.36945,0.01833,0.02195,0.23719,0.81461,0.99919,1,0.995,0.92583,0.99919,1,0.995,0.995,0.4515,0.01634,0.03073,0.24054,0.81134,0.000903575,0.000903575,0.000903575
445,8557.83,0.36396,0.01833,0.03522,0.23101,0.81271,0.99978,1,0.995,0.92585,0.99978,1,0.995,0.995,0.45032,0.01972,0.04238,0.23087,0.81345,0.0009011,0.0009011,0.0009011
446,8576.52,0.3732,0.01847,0.02258,0.23732,0.82005,0.99959,1,0.995,0.92288,0.99959,1,0.995,0.995,0.4529,0.01691,0.03738,0.2372,0.8158,0.000898625,0.000898625,0.000898625
447,8595.62,0.36319,0.01905,0.02316,0.23122,0.81486,0.99962,1,0.995,0.92954,0.99962,1,0.995,0.995,0.46497,0.01599,0.0155,0.23779,0.81347,0.00089615,0.00089615,0.00089615
448,8614.24,0.37518,0.01739,0.01788,0.24153,0.82091,0.99969,1,0.995,0.92573,0.99969,1,0.995,0.995,0.46179,0.01467,0.00741,0.24808,0.81185,0.000893675,0.000893675,0.000893675
449,8633.59,0.36739,0.01827,0.02322,0.24296,0.82491,0.99985,1,0.995,0.92521,0.99985,1,0.995,0.995,0.44893,0.015,0.00591,0.2494,0.80935,0.0008912,0.0008912,0.0008912
450,8652.71,0.37808,0.01898,0.01996,0.24253,0.81956,1,0.99993,0.995,0.92727,1,0.99993,0.995,0.995,0.44765,0.01443,0.00364,0.2412,0.81011,0.000888725,0.000888725,0.000888725
451,8671.39,0.35863,0.01692,0.02056,0.23167,0.81767,0.99957,1,0.995,0.92498,0.99957,1,0.995,0.995,0.44437,0.01202,0.00243,0.23901,0.80655,0.00088625,0.00088625,0.00088625
452,8690.47,0.3588,0.0196,0.02275,0.23373,0.81756,0.9994,1,0.995,0.92227,0.9994,1,0.995,0.995,0.44212,0.01423,0.00733,0.24164,0.80899,0.000883775,0.000883775,0.000883775
453,8709.05,0.37852,0.01746,0.02554,0.24141,0.82242,0.99947,1,0.995,0.92072,0.99947,1,0.995,0.995,0.44514,0.01515,0.02057,0.24121,0.81287,0.0008813,0.0008813,0.0008813
454,8728.08,0.37111,0.01923,0.03047,0.2384,0.81914,0.99915,1,0.995,0.92001,0.99915,1,0.995,0.995,0.47658,0.01354,0.02121,0.23489,0.81544,0.000878825,0.000878825,0.000878825
455,8747.08,0.36651,0.02142,0.02597,0.23318,0.80821,0.99913,1,0.995,0.91775,0.99913,1,0.995,0.995,0.4667,0.01191,0.01871,0.23232,0.81289,0.00087635,0.00087635,0.00087635
456,8765.82,0.35975,0.02157,0.02759,0.23617,0.82091,0.99941,1,0.995,0.91552,0.99941,1,0.995,0.995,0.45585,0.01312,0.01016,0.23785,0.81056,0.000873875,0.000873875,0.000873875
457,8785.01,0.35965,0.01876,0.02148,0.23371,0.81329,0.99914,1,0.995,0.93072,0.99914,1,0.995,0.995,0.43743,0.01344,0.01184,0.23187,0.80852,0.0008714,0.0008714,0.0008714
458,8803.69,0.36385,0.01655,0.01744,0.2351,0.81471,0.99923,1,0.995,0.92661,0.99923,1,0.995,0.995,0.45117,0.01307,0.00329,0.22709,0.81456,0.000868925,0.000868925,0.000868925
459,8823.03,0.36995,0.01689,0.02381,0.23647,0.83104,0.99917,1,0.995,0.92335,0.99917,1,0.995,0.995,0.45773,0.01368,0.00473,0.22794,0.81346,0.00086645,0.00086645,0.00086645
460,8841.72,0.34913,0.01576,0.02225,0.22786,0.81166,0.99922,1,0.995,0.92582,0.99922,1,0.995,0.995,0.4561,0.01103,0.01155,0.23367,0.81273,0.000863975,0.000863975,0.000863975
461,8860.95,0.36573,0.0208,0.0254,0.23886,0.81634,0.99924,1,0.995,0.91931,0.99924,1,0.995,0.995,0.44037,0.01122,0.02033,0.23144,0.80919,0.0008615,0.0008615,0.0008615
462,8879.64,0.35688,0.02048,0.02275,0.2288,0.8163,0.99919,1,0.995,0.929,0.99919,1,0.995,0.995,0.43996,0.01289,0.02691,0.22655,0.81086,0.000859025,0.000859025,0.000859025
463,8898.78,0.36552,0.01752,0.02529,0.23226,0.81708,0.99938,1,0.995,0.92324,0.99938,1,0.995,0.995,0.44709,0.0132,0.048,0.23428,0.80626,0.00085655,0.00085655,0.00085655
464,8917.52,0.36746,0.01983,0.02982,0.24003,0.82518,0.99948,1,0.995,0.90943,0.99948,1,0.995,0.995,0.4527,0.01291,0.02822,0.24427,0.80957,0.000854075,0.000854075,0.000854075
465,8937.74,0.36181,0.01681,0.01719,0.23464,0.8109,0.99911,1,0.995,0.91498,0.99911,1,0.995,0.995,0.44835,0.01423,0.01494,0.23981,0.81602,0.0008516,0.0008516,0.0008516
466,8956.45,0.36426,0.01519,0.02311,0.23226,0.82863,0.9991,1,0.995,0.91279,0.9991,1,0.995,0.995,0.45113,0.01499,0.01283,0.23502,0.8179,0.000849125,0.000849125,0.000849125
467,8976.87,0.37893,0.02026,0.03371,0.24461,0.82801,0.99955,1,0.995,0.91533,0.99955,1,0.995,0.995,0.4576,0.01698,0.02532,0.22647,0.81628,0.00084665,0.00084665,0.00084665
468,8995.65,0.36202,0.02019,0.02679,0.23827,0.82299,0.99943,1,0.995,0.91189,0.99943,1,0.995,0.995,0.45765,0.0168,0.02265,0.23317,0.81239,0.000844175,0.000844175,0.000844175
469,9015.18,0.37068,0.022,0.02792,0.24003,0.82335,0.99951,1,0.995,0.91478,0.99951,1,0.995,0.995,0.45325,0.0173,0.01358,0.23326,0.81314,0.0008417,0.0008417,0.0008417
470,9034.85,0.35851,0.0169,0.02788,0.23339,0.83181,1,0.99976,0.995,0.9231,1,0.99976,0.995,0.995,0.47429,0.01897,0.01453,0.2353,0.81721,0.000839225,0.000839225,0.000839225
471,9053.66,0.3588,0.01919,0.02356,0.23312,0.81851,0.99978,1,0.995,0.91783,0.99978,1,0.995,0.995,0.45655,0.01843,0.00825,0.23958,0.81346,0.00083675,0.00083675,0.00083675
472,9073.01,0.36821,0.01709,0.01798,0.22975,0.81524,0.9995,1,0.995,0.9198,0.9995,1,0.995,0.995,0.45301,0.01809,0.01018,0.24427,0.8126,0.000834275,0.000834275,0.000834275
473,9091.66,0.35914,0.01945,0.0293,0.23375,0.82008,0.99948,1,0.995,0.91925,0.99948,1,0.995,0.995,0.4454,0.01732,0.01337,0.23693,0.81217,0.0008318,0.0008318,0.0008318
474,9111.17,0.36295,0.01872,0.02282,0.23587,0.81389,0.99929,1,0.995,0.92438,0.99929,1,0.995,0.995,0.44709,0.013,0.01778,0.2338,0.80992,0.000829325,0.000829325,0.000829325
475,9129.87,0.36101,0.01792,0.02389,0.23554,0.81996,0.99954,1,0.995,0.91718,0.99954,1,0.995,0.995,0.45854,0.01252,0.03438,0.23191,0.80618,0.00082685,0.00082685,0.00082685
476,9149.38,0.37089,0.0185,0.02388,0.24123,0.82187,0.99924,1,0.995,0.91646,0.99924,1,0.995,0.995,0.46155,0.01363,0.04329,0.2372,0.80893,0.000824375,0.000824375,0.000824375
477,9168.03,0.37271,0.01866,0.02336,0.2387,0.82386,0.99911,1,0.995,0.91831,0.99911,1,0.995,0.995,0.46675,0.01446,0.04252,0.23723,0.80994,0.0008219,0.0008219,0.0008219
478,9187.53,0.35339,0.0184,0.0182,0.22844,0.81764,0.99923,1,0.995,0.91708,0.99923,1,0.995,0.995,0.47668,0.01513,0.02614,0.23963,0.81024,0.000819425,0.000819425,0.000819425
479,9206.69,0.36535,0.02004,0.01989,0.2327,0.81806,0.99952,1,0.995,0.91637,0.99952,1,0.995,0.995,0.4792,0.01418,0.01715,0.24854,0.81162,0.00081695,0.00081695,0.00081695
480,9226.04,0.35485,0.0213,0.02246,0.22834,0.8119,0.99961,1,0.995,0.91721,0.99961,1,0.995,0.995,0.48172,0.01489,0.01397,0.24828,0.81325,0.000814475,0.000814475,0.000814475
481,9245.53,0.35543,0.02117,0.02289,0.23175,0.81301,0.9992,1,0.995,0.92229,0.9992,1,0.995,0.995,0.47054,0.01395,0.00785,0.23646,0.81072,0.000812,0.000812,0.000812
482,9264.26,0.35567,0.01416,0.02019,0.23286,0.81491,0.9994,1,0.995,0.92317,0.9994,1,0.995,0.995,0.45542,0.01567,0.00916,0.24189,0.80676,0.000809525,0.000809525,0.000809525
483,9283.72,0.35576,0.01657,0.0277,0.23023,0.82079,0.99942,1,0.995,0.91396,0.99942,1,0.995,0.995,0.46317,0.01646,0.00651,0.24616,0.80886,0.00080705,0.00080705,0.00080705
484,9302.43,0.3631,0.01929,0.02182,0.23417,0.82186,0.99914,1,0.995,0.91573,0.99914,1,0.995,0.995,0.45858,0.01472,0.00435,0.24353,0.80778,0.000804575,0.000804575,0.000804575
485,9321.79,0.36026,0.02122,0.03001,0.23718,0.81572,0.99906,1,0.995,0.9151,0.99906,1,0.995,0.995,0.4546,0.0142,0.00933,0.22057,0.80538,0.0008021,0.0008021,0.0008021
486,9340.59,0.36369,0.02094,0.024,0.23713,0.8133,0.99938,1,0.995,0.92312,0.99938,1,0.995,0.995,0.45337,0.01744,0.00932,0.24218,0.8068,0.000799625,0.000799625,0.000799625
487,9360.14,0.34241,0.01853,0.02013,0.2281,0.81188,0.99929,1,0.995,0.92208,0.99929,1,0.995,0.995,0.46657,0.01578,0.0067,0.23902,0.80894,0.00079715,0.00079715,0.00079715
488,9378.92,0.34693,0.01583,0.02207,0.22702,0.81129,0.99937,1,0.995,0.92403,0.99937,1,0.995,0.995,0.4652,0.01531,0.01004,0.23012,0.80885,0.000794675,0.000794675,0.000794675
489,9398.41,0.36418,0.01722,0.01896,0.23665,0.8219,0.99931,1,0.995,0.92642,0.99931,1,0.995,0.995,0.45348,0.01552,0.00859,0.23635,0.80459,0.0007922,0.0007922,0.0007922
490,9417.89,0.35009,0.01964,0.01808,0.22797,0.81585,0.9991,1,0.995,0.92486,0.9991,1,0.995,0.995,0.46404,0.01502,0.00308,0.23157,0.8079,0.000789725,0.000789725,0.000789725
491,9436.61,0.35424,0.01862,0.02566,0.22659,0.8203,0.99887,1,0.995,0.92342,0.99887,1,0.995,0.995,0.46553,0.01443,0.00309,0.23158,0.81077,0.00078725,0.00078725,0.00078725
492,9456.04,0.3601,0.01888,0.03255,0.23296,0.81992,0.9988,1,0.995,0.92479,0.9988,1,0.995,0.995,0.44614,0.01317,0.00394,0.22664,0.81333,0.000784775,0.000784775,0.000784775
493,9474.82,0.35745,0.01843,0.02774,0.23073,0.81853,0.99843,1,0.995,0.92306,0.99843,1,0.995,0.995,0.45086,0.01413,0.00284,0.22572,0.8146,0.0007823,0.0007823,0.0007823
494,9494.37,0.35258,0.01926,0.01999,0.23267,0.81313,0.99841,1,0.995,0.91296,0.99841,1,0.995,0.995,0.44881,0.01385,0.00207,0.21685,0.81212,0.000779825,0.000779825,0.000779825
495,9513.06,0.35324,0.01666,0.01933,0.23077,0.82588,0.99883,1,0.995,0.92039,0.99883,1,0.995,0.995,0.46197,0.01255,0.00126,0.23013,0.81411,0.00077735,0.00077735,0.00077735
496,9532.5,0.34906,0.0184,0.02122,0.2307,0.81534,0.99872,1,0.995,0.91768,0.99872,1,0.995,0.995,0.45833,0.0131,0.00142,0.23368,0.81507,0.000774875,0.000774875,0.000774875
497,9551.25,0.35586,0.01795,0.02509,0.23269,0.81731,0.99797,1,0.995,0.92694,0.99797,1,0.995,0.995,0.44599,0.01388,0.0017,0.22411,0.81649,0.0007724,0.0007724,0.0007724
498,9570.74,0.34574,0.02814,0.02871,0.22516,0.8108,0.99804,1,0.995,0.92124,0.99804,1,0.995,0.995,0.45255,0.0151,0.00328,0.23142,0.81662,0.000769925,0.000769925,0.000769925
499,9590.32,0.34433,0.01899,0.02691,0.2266,0.81492,1,0.99816,0.995,0.92179,1,0.99816,0.995,0.995,0.44767,0.01585,0.00326,0.23791,0.81651,0.00076745,0.00076745,0.00076745
500,9609.35,0.34593,0.01831,0.02142,0.22983,0.81928,0.9774,1,0.99457,0.92178,0.9774,1,0.99457,0.99457,0.45787,0.01395,0.00315,0.23084,0.81683,0.000764975,0.000764975,0.000764975
501,9628.68,0.35336,0.01736,0.02042,0.2289,0.82288,1,0.99669,0.995,0.92328,1,0.99669,0.995,0.995,0.45875,0.01237,0.0041,0.23195,0.81823,0.0007625,0.0007625,0.0007625
502,9647.4,0.35078,0.01746,0.01812,0.2278,0.80511,0.99447,1,0.995,0.91922,0.99447,1,0.995,0.995,0.45149,0.01121,0.00551,0.2387,0.81951,0.000760025,0.000760025,0.000760025
503,9667.03,0.35435,0.01671,0.02266,0.23114,0.8144,0.99561,1,0.995,0.92359,0.99561,1,0.995,0.995,0.45628,0.01197,0.0047,0.23583,0.81665,0.00075755,0.00075755,0.00075755
504,9685.81,0.34679,0.01666,0.01915,0.22529,0.80996,0.99117,1,0.995,0.92482,0.99117,1,0.995,0.995,0.44804,0.01121,0.00533,0.22853,0.81698,0.000755075,0.000755075,0.000755075
505,9705.35,0.3404,0.01754,0.021,0.22498,0.81463,0.99662,1,0.995,0.92607,0.99662,1,0.995,0.995,0.43752,0.01017,0.0048,0.22139,0.8141,0.0007526,0.0007526,0.0007526
506,9724.05,0.34851,0.01806,0.02796,0.22779,0.82362,1,0.98994,0.995,0.9244,1,0.98994,0.995,0.995,0.4488,0.01079,0.00564,0.23361,0.8139,0.000750125,0.000750125,0.000750125
507,9743.63,0.33983,0.01597,0.02514,0.22125,0.81375,0.97744,1,0.99457,0.92024,0.97744,1,0.99457,0.99457,0.45058,0.01189,0.00439,0.22444,0.81188,0.00074765,0.00074765,0.00074765
508,9762.33,0.35002,0.01522,0.02493,0.22335,0.80978,1,0.99959,0.995,0.92193,1,0.99959,0.995,0.995,0.45481,0.01154,0.00243,0.22712,0.81178,0.000745175,0.000745175,0.000745175
509,9781.52,0.35175,0.01619,0.02243,0.22747,0.81559,0.99866,1,0.995,0.92092,0.99866,1,0.995,0.995,0.45528,0.01136,0.00282,0.21683,0.80963,0.0007427,0.0007427,0.0007427
510,9801.03,0.35162,0.01816,0.02131,0.22379,0.81008,0.99872,1,0.995,0.91922,0.99872,1,0.995,0.995,0.46218,0.01129,0.00408,0.2076,0.8117,0.000740225,0.000740225,0.000740225
511,9819.65,0.35372,0.01516,0.02319,0.22748,0.81355,1,0.99897,0.995,0.92786,1,0.99897,0.995,0.995,0.46616,0.01142,0.0085,0.22198,0.81446,0.00073775,0.00073775,0.00073775
512,9839.13,0.35367,0.01719,0.01814,0.22813,0.81777,1,0.99239,0.995,0.92462,1,0.99239,0.995,0.995,0.46554,0.01185,0.00611,0.22085,0.81414,0.000735275,0.000735275,0.000735275
513,9857.93,0.35152,0.01784,0.0235,0.22397,0.8181,1,0.99315,0.995,0.92066,1,0.99315,0.995,0.995,0.46146,0.01076,0.00419,0.22986,0.81375,0.0007328,0.0007328,0.0007328
514,9877.65,0.33858,0.01984,0.02629,0.2179,0.80585,0.99941,1,0.995,0.92128,0.99941,1,0.995,0.995,0.45991,0.01087,0.00492,0.23095,0.81528,0.000730325,0.000730325,0.000730325
515,9896.58,0.34371,0.01684,0.02198,0.22302,0.80964,0.99812,1,0.995,0.91836,0.99812,1,0.995,0.995,0.46726,0.01206,0.00439,0.22541,0.81859,0.00072785,0.00072785,0.00072785
516,9916.32,0.35172,0.0183,0.02503,0.2342,0.82181,0.99865,1,0.995,0.92322,0.99865,1,0.995,0.995,0.46309,0.01205,0.00202,0.22435,0.81614,0.000725375,0.000725375,0.000725375
517,9935.52,0.35252,0.01698,0.02587,0.23045,0.8172,0.99851,1,0.995,0.92438,0.99851,1,0.995,0.995,0.44532,0.01087,0.00203,0.22645,0.8101,0.0007229,0.0007229,0.0007229
518,9955.4,0.33866,0.01574,0.02333,0.22495,0.81849,0.9988,1,0.995,0.92061,0.9988,1,0.995,0.995,0.43814,0.01124,0.00554,0.23276,0.81199,0.000720425,0.000720425,0.000720425
519,9975.46,0.34772,0.0148,0.02028,0.22412,0.80852,0.99923,1,0.995,0.91996,0.99923,1,0.995,0.995,0.43122,0.01103,0.00381,0.24054,0.81082,0.00071795,0.00071795,0.00071795
520,9994.42,0.34047,0.01637,0.02773,0.22335,0.80703,0.99934,1,0.995,0.92182,0.99934,1,0.995,0.995,0.42624,0.01149,0.00208,0.23827,0.8103,0.000715475,0.000715475,0.000715475
521,10014,0.33447,0.01615,0.02167,0.21886,0.80918,0.99938,1,0.995,0.92326,0.99938,1,0.995,0.995,0.42708,0.01088,0.0034,0.23656,0.8129,0.000713,0.000713,0.000713
522,10032.8,0.33543,0.01787,0.01926,0.22363,0.8075,0.99934,1,0.995,0.92165,0.99934,1,0.995,0.995,0.43175,0.01011,0.00427,0.22709,0.81424,0.000710525,0.000710525,0.000710525
523,10052.4,0.35026,0.0201,0.01994,0.22515,0.81482,0.99919,1,0.995,0.92066,0.99919,1,0.995,0.995,0.43437,0.0101,0.0024,0.22855,0.815,0.00070805,0.00070805,0.00070805
524,10071.1,0.34633,0.0178,0.01525,0.22283,0.81815,0.99907,1,0.995,0.91983,0.99907,1,0.995,0.995,0.44203,0.01173,0.00194,0.2289,0.81866,0.000705575,0.000705575,0.000705575
525,10090.8,0.35795,0.01804,0.02413,0.23211,0.82791,1,0.99831,0.995,0.92326,1,0.99831,0.995,0.995,0.44326,0.01306,0.00204,0.22763,0.81905,0.0007031,0.0007031,0.0007031
526,10110.4,0.34981,0.01693,0.01827,0.22567,0.81803,0.97754,1,0.99457,0.9196,0.97754,1,0.99457,0.99457,0.4526,0.01461,0.00427,0.23633,0.81565,0.000700625,0.000700625,0.000700625
527,10130.2,0.35736,0.01697,0.02679,0.22925,0.8205,1,0.99783,0.995,0.91985,1,0.99783,0.995,0.995,0.44323,0.01579,0.00549,0.23438,0.81308,0.00069815,0.00069815,0.00069815
528,10150,0.34008,0.01657,0.02806,0.2231,0.81395,0.99938,1,0.995,0.92099,0.99938,1,0.995,0.995,0.43369,0.01335,0.00687,0.22978,0.81223,0.000695675,0.000695675,0.000695675
529,10169.4,0.3392,0.0175,0.0306,0.22095,0.81175,0.99936,1,0.995,0.91637,0.99936,1,0.995,0.995,0.44811,0.01508,0.00427,0.23367,0.81047,0.0006932,0.0006932,0.0006932
530,10189.1,0.33537,0.0192,0.02474,0.22044,0.8046,0.99944,1,0.995,0.9177,0.99944,1,0.995,0.995,0.46242,0.01614,0.00471,0.23884,0.8123,0.000690725,0.000690725,0.000690725
531,10208.4,0.34561,0.01878,0.02872,0.22328,0.81397,0.99967,1,0.995,0.91614,0.99967,1,0.995,0.995,0.46809,0.01572,0.00403,0.23564,0.81358,0.00068825,0.00068825,0.00068825
532,10228.4,0.34418,0.01822,0.02223,0.22447,0.81668,0.99964,1,0.995,0.9139,0.99964,1,0.995,0.995,0.46723,0.01712,0.01082,0.24704,0.81359,0.000685775,0.000685775,0.000685775
533,10247.6,0.33293,0.02002,0.02181,0.22121,0.81733,0.99929,1,0.995,0.91386,0.99929,1,0.995,0.995,0.47108,0.01779,0.00958,0.23188,0.81381,0.0006833,0.0006833,0.0006833
534,10267.7,0.33509,0.01675,0.01974,0.21927,0.81814,0.99922,1,0.995,0.91891,0.99922,1,0.995,0.995,0.47083,0.01952,0.00546,0.22273,0.8107,0.000680825,0.000680825,0.000680825
535,10287.3,0.32745,0.0175,0.02683,0.21638,0.80442,0.9993,1,0.995,0.92161,0.9993,1,0.995,0.995,0.46347,0.01959,0.01056,0.22815,0.80942,0.00067835,0.00067835,0.00067835
536,10306.7,0.33889,0.01832,0.02588,0.22403,0.81433,0.99937,1,0.995,0.92166,0.99937,1,0.995,0.995,0.44799,0.01797,0.01076,0.22106,0.80956,0.000675875,0.000675875,0.000675875
537,10327,0.3409,0.01642,0.02622,0.22414,0.81827,0.99924,1,0.995,0.92281,0.99924,1,0.995,0.995,0.4456,0.01627,0.01754,0.22821,0.80947,0.0006734,0.0006734,0.0006734
538,10346.2,0.33644,0.01596,0.02376,0.21891,0.80772,0.99914,1,0.995,0.91799,0.99914,1,0.995,0.995,0.44604,0.01372,0.01279,0.22773,0.80821,0.000670925,0.000670925,0.000670925
539,10366.2,0.33591,0.01868,0.02246,0.22278,0.8065,0.99916,1,0.995,0.92033,0.99916,1,0.995,0.995,0.45169,0.0119,0.00675,0.22493,0.80845,0.00066845,0.00066845,0.00066845
540,10385.5,0.34738,0.01723,0.02198,0.22558,0.82026,0.99938,1,0.995,0.91901,0.99938,1,0.995,0.995,0.46347,0.01214,0.00576,0.23136,0.81317,0.000665975,0.000665975,0.000665975
541,10405.5,0.33511,0.01971,0.02007,0.21755,0.81767,0.99917,1,0.995,0.91374,0.99917,1,0.995,0.995,0.47412,0.01087,0.00509,0.23177,0.81506,0.0006635,0.0006635,0.0006635
542,10424.9,0.34241,0.01451,0.02257,0.22344,0.81455,0.99895,1,0.995,0.91307,0.99895,1,0.995,0.995,0.48058,0.0107,0.00634,0.2288,0.81529,0.000661025,0.000661025,0.000661025
543,10444.8,0.3407,0.01671,0.01675,0.22185,0.81793,0.99892,1,0.995,0.91471,0.99892,1,0.995,0.995,0.46913,0.01205,0.00439,0.23038,0.81508,0.00065855,0.00065855,0.00065855
544,10464.4,0.34173,0.0155,0.01629,0.22277,0.81443,0.99911,1,0.995,0.91404,0.99911,1,0.995,0.995,0.47595,0.01303,0.00681,0.22985,0.81809,0.000656075,0.000656075,0.000656075
545,10483.2,0.32322,0.01371,0.01839,0.21211,0.81644,0.99941,1,0.995,0.91475,0.99941,1,0.995,0.995,0.48303,0.01364,0.00877,0.22796,0.82003,0.0006536,0.0006536,0.0006536
546,10502.8,0.33086,0.01761,0.02224,0.21748,0.81326,0.99934,1,0.995,0.91929,0.99934,1,0.995,0.995,0.47969,0.01386,0.00852,0.22577,0.81765,0.000651125,0.000651125,0.000651125
547,10521.6,0.33377,0.01464,0.01515,0.21538,0.81473,1,0.9984,0.995,0.91509,1,0.9984,0.995,0.995,0.48226,0.01504,0.01201,0.23614,0.817,0.00064865,0.00064865,0.00064865
548,10541.4,0.32371,0.0142,0.01487,0.20886,0.80537,0.99915,1,0.995,0.9242,0.99915,1,0.995,0.995,0.47653,0.01512,0.00664,0.22807,0.81412,0.000646175,0.000646175,0.000646175
549,10560.7,0.32829,0.0167,0.01559,0.21152,0.80899,0.99901,1,0.995,0.92137,0.99901,1,0.995,0.995,0.47591,0.01265,0.00991,0.23084,0.81563,0.0006437,0.0006437,0.0006437
550,10580.9,0.33443,0.01605,0.02938,0.21606,0.80876,0.9989,1,0.995,0.92003,0.9989,1,0.995,0.995,0.4693,0.01311,0.01265,0.23051,0.81599,0.000641225,0.000641225,0.000641225
551,10600.7,0.32715,0.01603,0.01702,0.20988,0.81879,0.99902,1,0.995,0.91358,0.99902,1,0.995,0.995,0.4686,0.01264,0.01097,0.22583,0.81322,0.00063875,0.00063875,0.00063875
552,10620.2,0.31962,0.01943,0.02132,0.21039,0.80931,0.99904,1,0.995,0.91927,0.99904,1,0.995,0.995,0.46665,0.01139,0.00993,0.22341,0.81052,0.000636275,0.000636275,0.000636275
553,10640.1,0.31388,0.01467,0.02094,0.20828,0.80049,0.99898,1,0.995,0.92239,0.99898,1,0.995,0.995,0.46406,0.01218,0.00975,0.23208,0.80901,0.0006338,0.0006338,0.0006338
554,10659.6,0.31843,0.01582,0.01655,0.207,0.81126,0.99902,1,0.995,0.92109,0.99902,1,0.995,0.995,0.46769,0.01263,0.0138,0.22098,0.80947,0.000631325,0.000631325,0.000631325
555,10679.4,0.33688,0.01568,0.01888,0.21876,0.81259,0.99915,1,0.995,0.92028,0.99915,1,0.995,0.995,0.46123,0.01238,0.01785,0.22993,0.81008,0.00062885,0.00062885,0.00062885
556,10698.4,0.33026,0.01488,0.01998,0.21465,0.81678,0.99931,1,0.995,0.92274,0.99931,1,0.995,0.995,0.45774,0.01353,0.02182,0.23788,0.81013,0.000626375,0.000626375,0.000626375
557,10718.4,0.33472,0.01533,0.01679,0.21609,0.81691,0.99952,1,0.995,0.92856,0.99952,1,0.995,0.995,0.46394,0.01351,0.03006,0.23871,0.81466,0.0006239,0.0006239,0.0006239
558,10737.5,0.3363,0.01574,0.03073,0.21686,0.81572,0.99961,1,0.995,0.91825,0.99961,1,0.995,0.995,0.47502,0.01322,0.0262,0.24534,0.81865,0.000621425,0.000621425,0.000621425
559,10757.8,0.3299,0.01545,0.02027,0.21602,0.81556,0.99999,1,0.995,0.92105,0.99999,1,0.995,0.995,0.47451,0.014,0.01831,0.24132,0.81531,0.00061895,0.00061895,0.00061895
560,10777.6,0.32446,0.0159,0.02108,0.2133,0.80428,0.99966,1,0.995,0.92274,0.99966,1,0.995,0.995,0.46701,0.01573,0.01781,0.24574,0.81229,0.000616475,0.000616475,0.000616475
561,10797,0.32998,0.01324,0.01646,0.21326,0.8109,0.99942,1,0.995,0.92208,0.99942,1,0.995,0.995,0.46808,0.01563,0.01943,0.23949,0.81213,0.000614,0.000614,0.000614
562,10816.6,0.3317,0.01648,0.02672,0.21583,0.81665,0.99923,1,0.995,0.92466,0.99923,1,0.995,0.995,0.47097,0.01286,0.02476,0.23587,0.81195,0.000611525,0.000611525,0.000611525
563,10835.9,0.31874,0.01329,0.01752,0.21176,0.81412,0.99915,1,0.995,0.92752,0.99915,1,0.995,0.995,0.46725,0.01096,0.01797,0.22809,0.81231,0.00060905,0.00060905,0.00060905
564,10855.5,0.32816,0.01639,0.0165,0.21086,0.80712,0.99913,1,0.995,0.92167,0.99913,1,0.995,0.995,0.47159,0.01059,0.0085,0.23578,0.8127,0.000606575,0.000606575,0.000606575
565,10874.9,0.32573,0.01557,0.02439,0.21703,0.81329,0.9989,1,0.995,0.92399,0.9989,1,0.995,0.995,0.46836,0.01061,0.0061,0.23278,0.81188,0.0006041,0.0006041,0.0006041
566,10893.9,0.32685,0.01431,0.01808,0.21645,0.81463,0.99861,1,0.995,0.92511,0.99861,1,0.995,0.995,0.45689,0.01028,0.00263,0.22342,0.81061,0.000601625,0.000601625,0.000601625
567,10913.3,0.34461,0.01856,0.03096,0.22755,0.81778,0.99893,1,0.995,0.92693,0.99893,1,0.995,0.995,0.45281,0.01018,0.00191,0.21703,0.80939,0.00059915,0.00059915,0.00059915
568,10932.4,0.33215,0.01664,0.02166,0.21974,0.81983,0.99891,1,0.995,0.92747,0.99891,1,0.995,0.995,0.44876,0.01134,0.0038,0.21627,0.80903,0.000596675,0.000596675,0.000596675
569,10951.8,0.34165,0.01594,0.02347,0.21957,0.8168,0.99903,1,0.995,0.92926,0.99903,1,0.995,0.995,0.44364,0.01159,0.00517,0.22233,0.80849,0.0005942,0.0005942,0.0005942
570,10971,0.31785,0.01465,0.0167,0.21136,0.8061,0.99909,1,0.995,0.931,0.99909,1,0.995,0.995,0.45158,0.01208,0.00379,0.21965,0.81064,0.000591725,0.000591725,0.000591725
571,10990.5,0.3184,0.01538,0.02178,0.21255,0.81239,0.99905,1,0.995,0.92509,0.99905,1,0.995,0.995,0.45129,0.01113,0.00351,0.2152,0.81153,0.00058925,0.00058925,0.00058925
572,11009.8,0.32386,0.01404,0.01957,0.21453,0.80333,0.999,1,0.995,0.92399,0.999,1,0.995,0.995,0.459,0.01026,0.00394,0.21948,0.81384,0.000586775,0.000586775,0.000586775
573,11028.9,0.32201,0.01401,0.02078,0.21181,0.81202,0.9991,1,0.995,0.91928,0.9991,1,0.995,0.995,0.46969,0.01031,0.0074,0.22888,0.81477,0.0005843,0.0005843,0.0005843
574,11048.2,0.33051,0.01635,0.01906,0.21394,0.80784,0.99904,1,0.995,0.91529,0.99904,1,0.995,0.995,0.46888,0.01112,0.00629,0.22761,0.81289,0.000581825,0.000581825,0.000581825
575,11067,0.33264,0.01483,0.02115,0.21637,0.81266,0.9988,1,0.995,0.91454,0.9988,1,0.995,0.995,0.46261,0.01157,0.00276,0.2218,0.81285,0.00057935,0.00057935,0.00057935
576,11086,0.31775,0.01432,0.01693,0.21149,0.81426,0.99892,1,0.995,0.91394,0.99892,1,0.995,0.995,0.46324,0.01139,0.00223,0.22451,0.81179,0.000576875,0.000576875,0.000576875
577,11105.2,0.32529,0.01449,0.01768,0.21424,0.81699,0.999,1,0.995,0.91164,0.999,1,0.995,0.995,0.45934,0.01096,0.00273,0.23119,0.81352,0.0005744,0.0005744,0.0005744
578,11123.9,0.31555,0.01501,0.02965,0.20565,0.81418,0.99939,1,0.995,0.91104,0.99939,1,0.995,0.995,0.46316,0.00963,0.00267,0.23426,0.81476,0.000571925,0.000571925,0.000571925
579,11143.1,0.33251,0.01875,0.026,0.21816,0.81236,0.99908,1,0.995,0.914,0.99908,1,0.995,0.995,0.46016,0.01051,0.00252,0.23116,0.81289,0.00056945,0.00056945,0.00056945
580,11162.1,0.31834,0.01403,0.02024,0.21045,0.80799,0.99906,1,0.995,0.92402,0.99906,1,0.995,0.995,0.46287,0.01091,0.00278,0.22801,0.81279,0.000566975,0.000566975,0.000566975
581,11181.3,0.31716,0.01355,0.01678,0.20876,0.81198,0.99909,1,0.995,0.92269,0.99909,1,0.995,0.995,0.46986,0.01038,0.00176,0.23256,0.81353,0.0005645,0.0005645,0.0005645
582,11200.7,0.3274,0.01573,0.01873,0.21204,0.80324,0.99899,1,0.995,0.92141,0.99899,1,0.995,0.995,0.48429,0.01084,0.00144,0.22206,0.81514,0.000562025,0.000562025,0.000562025
583,11220.7,0.31631,0.01615,0.0229,0.20784,0.81669,0.99896,1,0.995,0.92292,0.99896,1,0.995,0.995,0.487,0.01196,0.00212,0.22597,0.81547,0.00055955,0.00055955,0.00055955
584,11242.5,0.34029,0.01403,0.01253,0.21896,0.81561,0.99897,1,0.995,0.92086,0.99897,1,0.995,0.995,0.48424,0.01399,0.00178,0.22378,0.8169,0.000557075,0.000557075,0.000557075
585,11262,0.32527,0.0139,0.02587,0.21395,0.81293,0.99888,1,0.995,0.91892,0.99888,1,0.995,0.995,0.47668,0.01417,0.00199,0.22168,0.81561,0.0005546,0.0005546,0.0005546
586,11281.8,0.3245,0.014,0.01677,0.21071,0.80503,0.99878,1,0.995,0.91858,0.99878,1,0.995,0.995,0.46575,0.01451,0.00166,0.22609,0.81327,0.000552125,0.000552125,0.000552125
587,11300.8,0.32493,0.01267,0.02315,0.21219,0.81447,0.99887,1,0.995,0.91616,0.99887,1,0.995,0.995,0.45779,0.01349,0.00173,0.21776,0.81229,0.00054965,0.00054965,0.00054965
588,11321.4,0.32503,0.01452,0.01723,0.21153,0.81355,0.9989,1,0.995,0.91604,0.9989,1,0.995,0.995,0.46148,0.01328,0.00226,0.22796,0.81418,0.000547175,0.000547175,0.000547175
589,11340.8,0.32199,0.0147,0.01988,0.20769,0.81083,0.99893,1,0.995,0.91101,0.99893,1,0.995,0.995,0.46145,0.0151,0.00254,0.23013,0.81437,0.0005447,0.0005447,0.0005447
590,11361.7,0.31022,0.014,0.02085,0.20379,0.80527,0.99898,1,0.995,0.91532,0.99898,1,0.995,0.995,0.4612,0.01496,0.00304,0.22501,0.81261,0.000542225,0.000542225,0.000542225
591,11381.8,0.32096,0.01701,0.0261,0.21432,0.8184,0.99898,1,0.995,0.92056,0.99898,1,0.995,0.995,0.45592,0.01384,0.00458,0.22613,0.81027,0.00053975,0.00053975,0.00053975
592,11400.8,0.31562,0.01344,0.01894,0.20855,0.81547,0.99892,1,0.995,0.91738,0.99892,1,0.995,0.995,0.46448,0.0129,0.007,0.22571,0.81146,0.000537275,0.000537275,0.000537275
593,11420.1,0.31897,0.0161,0.02246,0.21142,0.81046,0.99892,1,0.995,0.92011,0.99892,1,0.995,0.995,0.47113,0.01208,0.00687,0.2283,0.81494,0.0005348,0.0005348,0.0005348
594,11438.8,0.30947,0.016,0.01586,0.20434,0.79774,0.99873,1,0.995,0.92047,0.99873,1,0.995,0.995,0.47055,0.01114,0.00619,0.22982,0.81488,0.000532325,0.000532325,0.000532325
595,11458.9,0.31281,0.01508,0.01963,0.20293,0.8035,0.99813,1,0.995,0.9182,0.99813,1,0.995,0.995,0.46863,0.01212,0.00484,0.22655,0.81469,0.00052985,0.00052985,0.00052985
596,11478.3,0.30728,0.01433,0.01793,0.20255,0.80327,0.9983,1,0.995,0.92022,0.9983,1,0.995,0.995,0.47214,0.01263,0.0038,0.22045,0.81617,0.000527375,0.000527375,0.000527375
597,11497,0.31692,0.02114,0.02294,0.20874,0.80882,0.99836,1,0.995,0.92224,0.99836,1,0.995,0.995,0.474,0.01212,0.00415,0.22561,0.8164,0.0005249,0.0005249,0.0005249
598,11516.3,0.32149,0.01424,0.02113,0.20887,0.82124,0.99808,1,0.995,0.9267,0.99808,1,0.995,0.995,0.46895,0.012,0.00318,0.22824,0.81536,0.000522425,0.000522425,0.000522425
599,11535,0.32783,0.0156,0.01858,0.21692,0.81071,0.99858,1,0.995,0.91746,0.99858,1,0.995,0.995,0.47178,0.01096,0.00638,0.222,0.81686,0.00051995,0.00051995,0.00051995
600,11554.2,0.31114,0.01399,0.02203,0.20776,0.81486,0.99854,1,0.995,0.91976,0.99854,1,0.995,0.995,0.48028,0.01044,0.00844,0.22973,0.81909,0.000517475,0.000517475,0.000517475
601,11573,0.31219,0.01342,0.01474,0.2044,0.807,0.99803,1,0.995,0.91617,0.99803,1,0.995,0.995,0.4765,0.01044,0.00441,0.22464,0.81808,0.000515,0.000515,0.000515
602,11592.5,0.31725,0.01506,0.02108,0.20996,0.80561,0.99871,1,0.995,0.92446,0.99871,1,0.995,0.995,0.46961,0.01114,0.00528,0.22549,0.81511,0.000512525,0.000512525,0.000512525
603,11611.2,0.3137,0.01562,0.01443,0.20647,0.80997,0.99874,1,0.995,0.92101,0.99874,1,0.995,0.995,0.47748,0.01104,0.00967,0.22099,0.81512,0.00051005,0.00051005,0.00051005
604,11630.4,0.31073,0.01365,0.01652,0.2023,0.81222,0.99856,1,0.995,0.91951,0.99856,1,0.995,0.995,0.48145,0.01072,0.00846,0.22927,0.81682,0.000507575,0.000507575,0.000507575
605,11649.1,0.31353,0.02086,0.0212,0.20833,0.81609,0.99824,1,0.995,0.92231,0.99824,1,0.995,0.995,0.47727,0.01062,0.00522,0.22973,0.8165,0.0005051,0.0005051,0.0005051
606,11668.5,0.31512,0.01442,0.01744,0.20521,0.80741,0.99825,1,0.995,0.92271,0.99825,1,0.995,0.995,0.46836,0.01065,0.00379,0.22642,0.81617,0.000502625,0.000502625,0.000502625
607,11687.6,0.30802,0.01351,0.02048,0.20177,0.80664,0.9985,1,0.995,0.9194,0.9985,1,0.995,0.995,0.47012,0.01098,0.00378,0.22165,0.81397,0.00050015,0.00050015,0.00050015
608,11706.3,0.31467,0.01647,0.02194,0.20709,0.81915,0.99843,1,0.995,0.9188,0.99843,1,0.995,0.995,0.46955,0.01125,0.00524,0.22213,0.81197,0.000497675,0.000497675,0.000497675
609,11725.6,0.29932,0.01223,0.01578,0.20309,0.80798,0.99816,1,0.995,0.92251,0.99816,1,0.995,0.995,0.46698,0.01176,0.00495,0.22733,0.81022,0.0004952,0.0004952,0.0004952
610,11744.3,0.31354,0.0142,0.02682,0.20999,0.80851,0.99826,1,0.995,0.91572,0.99826,1,0.995,0.995,0.47042,0.01168,0.00471,0.22181,0.81117,0.000492725,0.000492725,0.000492725
611,11763.8,0.32849,0.01806,0.02708,0.21435,0.8064,0.9983,1,0.995,0.9135,0.9983,1,0.995,0.995,0.46921,0.01175,0.00574,0.22559,0.80984,0.00049025,0.00049025,0.00049025
612,11782.5,0.31106,0.0153,0.01969,0.20545,0.81331,0.99798,1,0.995,0.91778,0.99798,1,0.995,0.995,0.46789,0.0114,0.00599,0.22661,0.81024,0.000487775,0.000487775,0.000487775
613,11802,0.31281,0.01287,0.01803,0.20463,0.81098,0.99828,1,0.995,0.91997,0.99828,1,0.995,0.995,0.46435,0.01132,0.00374,0.2246,0.81052,0.0004853,0.0004853,0.0004853
614,11821.3,0.30222,0.01224,0.01778,0.20086,0.8024,0.99842,1,0.995,0.92816,0.99842,1,0.995,0.995,0.465,0.01142,0.00305,0.21465,0.81329,0.000482825,0.000482825,0.000482825
615,11840.9,0.30875,0.02133,0.02526,0.20268,0.79569,0.99792,1,0.995,0.92661,0.99792,1,0.995,0.995,0.46023,0.01257,0.00396,0.2148,0.81333,0.00048035,0.00048035,0.00048035
616,11860.4,0.31013,0.01398,0.01647,0.20345,0.80329,0.99829,1,0.995,0.92082,0.99829,1,0.995,0.995,0.46557,0.01308,0.00476,0.22696,0.81345,0.000477875,0.000477875,0.000477875
617,11879.2,0.30919,0.01542,0.01946,0.20347,0.81118,0.99826,1,0.995,0.91854,0.99826,1,0.995,0.995,0.46198,0.01261,0.00514,0.22866,0.81086,0.0004754,0.0004754,0.0004754
618,11898.9,0.30686,0.01308,0.01849,0.19958,0.8126,0.99861,1,0.995,0.92232,0.99861,1,0.995,0.995,0.46676,0.0122,0.00784,0.22355,0.81208,0.000472925,0.000472925,0.000472925
619,11917.6,0.31047,0.01613,0.0206,0.20112,0.80933,0.9984,1,0.995,0.92297,0.9984,1,0.995,0.995,0.47282,0.01209,0.01141,0.22406,0.81155,0.00047045,0.00047045,0.00047045
620,11936.9,0.29446,0.01536,0.01749,0.20208,0.8061,0.99863,1,0.995,0.92389,0.99863,1,0.995,0.995,0.47827,0.01347,0.01829,0.21928,0.81305,0.000467975,0.000467975,0.000467975
621,11955.6,0.31845,0.01807,0.01854,0.20754,0.80634,0.99881,1,0.995,0.91658,0.99881,1,0.995,0.995,0.48798,0.01402,0.0148,0.22415,0.81519,0.0004655,0.0004655,0.0004655
622,11975,0.30924,0.01297,0.01636,0.20235,0.80092,0.99876,1,0.995,0.91495,0.99876,1,0.995,0.995,0.49387,0.01374,0.01196,0.22349,0.81428,0.000463025,0.000463025,0.000463025
623,11994.5,0.30734,0.01877,0.0177,0.20189,0.81068,0.99879,1,0.995,0.91619,0.99879,1,0.995,0.995,0.48672,0.01399,0.01504,0.22625,0.81177,0.00046055,0.00046055,0.00046055
624,12013.3,0.3192,0.01297,0.01463,0.20733,0.81703,0.99874,1,0.995,0.90927,0.99874,1,0.995,0.995,0.48222,0.01411,0.0101,0.22893,0.80998,0.000458075,0.000458075,0.000458075
625,12032.7,0.31463,0.01729,0.02434,0.20688,0.80641,0.99879,1,0.995,0.91439,0.99879,1,0.995,0.995,0.4774,0.01419,0.00613,0.22322,0.80917,0.0004556,0.0004556,0.0004556
626,12051.4,0.31661,0.01479,0.01957,0.20735,0.80675,0.99871,1,0.995,0.91284,0.99871,1,0.995,0.995,0.47264,0.01431,0.00527,0.21822,0.81053,0.000453125,0.000453125,0.000453125
627,12070.6,0.29622,0.0135,0.01833,0.19978,0.81052,0.99859,1,0.995,0.91344,0.99859,1,0.995,0.995,0.47353,0.01413,0.00566,0.22161,0.81079,0.00045065,0.00045065,0.00045065
628,12089.3,0.30926,0.01318,0.01785,0.2034,0.80581,0.99874,1,0.995,0.92103,0.99874,1,0.995,0.995,0.47311,0.01396,0.00869,0.22221,0.81021,0.000448175,0.000448175,0.000448175
629,12108.6,0.31131,0.01543,0.02281,0.20363,0.81504,0.99864,1,0.995,0.92203,0.99864,1,0.995,0.995,0.47563,0.01351,0.01115,0.22623,0.811,0.0004457,0.0004457,0.0004457
630,12127.3,0.30964,0.01805,0.02412,0.20461,0.81079,0.99876,1,0.995,0.91744,0.99876,1,0.995,0.995,0.47109,0.01327,0.01093,0.2345,0.81033,0.000443225,0.000443225,0.000443225
631,12146.7,0.30165,0.01502,0.02286,0.19731,0.81336,0.9988,1,0.995,0.91951,0.9988,1,0.995,0.995,0.47137,0.01331,0.01216,0.23171,0.8103,0.00044075,0.00044075,0.00044075
632,12165.5,0.30851,0.01392,0.01828,0.20226,0.80764,0.99883,1,0.995,0.91125,0.99883,1,0.995,0.995,0.47237,0.01286,0.01021,0.23785,0.81117,0.000438275,0.000438275,0.000438275
633,12184.7,0.30706,0.01292,0.02173,0.20281,0.81192,0.99883,1,0.995,0.91114,0.99883,1,0.995,0.995,0.47655,0.01241,0.01098,0.22851,0.81149,0.0004358,0.0004358,0.0004358
634,12203.9,0.30028,0.01661,0.02078,0.20116,0.79918,0.99885,1,0.995,0.90688,0.99885,1,0.995,0.995,0.47273,0.01133,0.01452,0.22587,0.81172,0.000433325,0.000433325,0.000433325
635,12222.5,0.29211,0.01274,0.02685,0.19343,0.80893,0.99886,1,0.995,0.91188,0.99886,1,0.995,0.995,0.47456,0.01204,0.01509,0.22262,0.81218,0.00043085,0.00043085,0.00043085
636,12241.8,0.30323,0.01437,0.02041,0.19847,0.80631,0.99885,1,0.995,0.90858,0.99885,1,0.995,0.995,0.47631,0.01242,0.01353,0.22835,0.81351,0.000428375,0.000428375,0.000428375
637,12261.3,0.29924,0.01486,0.01802,0.1999,0.79839,0.99884,1,0.995,0.91275,0.99884,1,0.995,0.995,0.47448,0.01271,0.01455,0.22234,0.81376,0.0004259,0.0004259,0.0004259
638,12280.7,0.30676,0.01542,0.01929,0.20423,0.81714,0.99867,1,0.995,0.91559,0.99867,1,0.995,0.995,0.47102,0.01225,0.01066,0.22426,0.81292,0.000423425,0.000423425,0.000423425
639,12299.4,0.29793,0.01367,0.01058,0.19738,0.80689,0.99866,1,0.995,0.92051,0.99866,1,0.995,0.995,0.47321,0.01303,0.01117,0.21626,0.81234,0.00042095,0.00042095,0.00042095
640,12318.7,0.29508,0.01247,0.02179,0.19086,0.80356,0.99875,1,0.995,0.92068,0.99875,1,0.995,0.995,0.47776,0.01326,0.01364,0.21749,0.81358,0.000418475,0.000418475,0.000418475
641,12337.5,0.29823,0.01287,0.01483,0.19774,0.79767,0.99875,1,0.995,0.92163,0.99875,1,0.995,0.995,0.47806,0.01264,0.01673,0.22186,0.81574,0.000416,0.000416,0.000416
642,12356.8,0.30177,0.01135,0.01773,0.1984,0.80665,0.99875,1,0.995,0.91459,0.99875,1,0.995,0.995,0.47539,0.01256,0.01796,0.22335,0.81505,0.000413525,0.000413525,0.000413525
643,12375.5,0.30911,0.01386,0.01286,0.20228,0.80947,0.9988,1,0.995,0.91826,0.9988,1,0.995,0.995,0.47742,0.01194,0.01918,0.21812,0.81503,0.00041105,0.00041105,0.00041105
644,12394.6,0.2961,0.01319,0.01645,0.19698,0.80433,0.99881,1,0.995,0.92162,0.99881,1,0.995,0.995,0.47422,0.01159,0.02023,0.21729,0.8146,0.000408575,0.000408575,0.000408575
645,12414.3,0.31122,0.01214,0.01899,0.20344,0.80831,0.99887,1,0.995,0.91498,0.99887,1,0.995,0.995,0.47656,0.01136,0.02283,0.22723,0.81588,0.0004061,0.0004061,0.0004061
646,12433,0.29354,0.01328,0.02437,0.19509,0.80172,0.99871,1,0.995,0.91259,0.99871,1,0.995,0.995,0.48392,0.01134,0.02461,0.22121,0.8187,0.000403625,0.000403625,0.000403625
647,12453.1,0.29113,0.01476,0.01713,0.19189,0.80339,0.99872,1,0.995,0.91469,0.99872,1,0.995,0.995,0.47932,0.01175,0.02222,0.21973,0.81811,0.00040115,0.00040115,0.00040115
648,12472,0.3012,0.01299,0.02254,0.20116,0.80875,0.99884,1,0.995,0.90799,0.99884,1,0.995,0.995,0.47768,0.01182,0.02007,0.21933,0.81514,0.000398675,0.000398675,0.000398675
649,12491.4,0.29584,0.01363,0.02136,0.19391,0.80423,0.99888,1,0.995,0.91391,0.99888,1,0.995,0.995,0.47609,0.01207,0.02295,0.21916,0.81426,0.0003962,0.0003962,0.0003962
650,12510.2,0.29019,0.01285,0.014,0.19211,0.80105,0.99887,1,0.995,0.91218,0.99887,1,0.995,0.995,0.47667,0.01221,0.02634,0.21925,0.81651,0.000393725,0.000393725,0.000393725
651,12529.6,0.28655,0.01543,0.01989,0.19448,0.80658,0.99885,1,0.995,0.91858,0.99885,1,0.995,0.995,0.47859,0.01207,0.02713,0.21851,0.81698,0.00039125,0.00039125,0.00039125
652,12548.4,0.2961,0.01417,0.02344,0.19557,0.80683,0.99887,1,0.995,0.91456,0.99887,1,0.995,0.995,0.47793,0.01186,0.02223,0.21956,0.81793,0.000388775,0.000388775,0.000388775
653,12567.7,0.29002,0.01236,0.01482,0.19106,0.80188,0.99885,1,0.995,0.91756,0.99885,1,0.995,0.995,0.47619,0.01208,0.01554,0.21276,0.81753,0.0003863,0.0003863,0.0003863
654,12587.1,0.29982,0.0143,0.01743,0.19783,0.81258,0.99885,1,0.995,0.91773,0.99885,1,0.995,0.995,0.4765,0.0116,0.01287,0.21758,0.81647,0.000383825,0.000383825,0.000383825
655,12605.9,0.30201,0.01465,0.0237,0.19981,0.80474,0.99882,1,0.995,0.91897,0.99882,1,0.995,0.995,0.4775,0.01155,0.01419,0.22264,0.81482,0.00038135,0.00038135,0.00038135
656,12625.4,0.30525,0.01571,0.01712,0.19883,0.80864,0.99872,1,0.995,0.91676,0.99872,1,0.995,0.995,0.47579,0.01129,0.01977,0.22457,0.81364,0.000378875,0.000378875,0.000378875
657,12644.1,0.30534,0.0152,0.0235,0.20055,0.81873,0.99861,1,0.995,0.918,0.99861,1,0.995,0.995,0.47267,0.0101,0.02582,0.22839,0.81419,0.0003764,0.0003764,0.0003764
658,12663.5,0.30275,0.01232,0.01826,0.19843,0.80599,0.99878,1,0.995,0.90933,0.99878,1,0.995,0.995,0.47404,0.00956,0.03075,0.23695,0.81483,0.000373925,0.000373925,0.000373925
659,12682.3,0.3084,0.0159,0.01694,0.20838,0.80705,0.99881,1,0.995,0.90981,0.99881,1,0.995,0.995,0.4742,0.00979,0.03135,0.22869,0.81485,0.00037145,0.00037145,0.00037145
660,12701.7,0.29372,0.01293,0.01953,0.19466,0.80958,0.99883,1,0.995,0.90878,0.99883,1,0.995,0.995,0.47843,0.00991,0.0297,0.22894,0.81601,0.000368975,0.000368975,0.000368975
661,12720.5,0.29339,0.01273,0.018,0.19302,0.79829,0.99881,1,0.995,0.90267,0.99881,1,0.995,0.995,0.48094,0.00975,0.03135,0.23148,0.81773,0.0003665,0.0003665,0.0003665
662,12739.9,0.29121,0.01497,0.01482,0.19604,0.79425,0.99881,1,0.995,0.90642,0.99881,1,0.995,0.995,0.47964,0.00998,0.0346,0.2261,0.82106,0.000364025,0.000364025,0.000364025
663,12758.7,0.29457,0.01411,0.01903,0.19519,0.8049,0.99881,1,0.995,0.90698,0.99881,1,0.995,0.995,0.48378,0.01013,0.03216,0.21888,0.82202,0.00036155,0.00036155,0.00036155
664,12777.7,0.28497,0.01213,0.0176,0.18726,0.80781,0.99873,1,0.995,0.90568,0.99873,1,0.995,0.995,0.48487,0.01001,0.02812,0.22176,0.8212,0.000359075,0.000359075,0.000359075
665,12797,0.28787,0.01325,0.015,0.19098,0.80552,0.99865,1,0.995,0.91256,0.99865,1,0.995,0.995,0.48526,0.01067,0.02988,0.22012,0.8187,0.0003566,0.0003566,0.0003566
666,12815.8,0.29553,0.01429,0.01964,0.19515,0.80125,0.99868,1,0.995,0.90583,0.99868,1,0.995,0.995,0.4854,0.01125,0.03359,0.22229,0.81748,0.000354125,0.000354125,0.000354125
667,12835.3,0.29532,0.01205,0.01655,0.19429,0.8084,0.99877,1,0.995,0.9074,0.99877,1,0.995,0.995,0.48424,0.01162,0.03367,0.22706,0.81776,0.00035165,0.00035165,0.00035165
668,12854.2,0.29621,0.01485,0.01614,0.19624,0.80803,0.99882,1,0.995,0.91066,0.99882,1,0.995,0.995,0.48827,0.01201,0.03395,0.23529,0.82062,0.000349175,0.000349175,0.000349175
669,12873.6,0.29549,0.01193,0.01652,0.19603,0.8076,0.99882,1,0.995,0.91407,0.99882,1,0.995,0.995,0.49287,0.01283,0.03571,0.23331,0.82148,0.0003467,0.0003467,0.0003467
670,12892.3,0.29215,0.01373,0.01566,0.19575,0.80339,0.99879,1,0.995,0.91363,0.99879,1,0.995,0.995,0.48747,0.01341,0.03818,0.23116,0.81977,0.000344225,0.000344225,0.000344225
671,12911.8,0.29443,0.01576,0.01788,0.19687,0.80029,0.99877,1,0.995,0.9116,0.99877,1,0.995,0.995,0.48545,0.01327,0.03951,0.22681,0.81682,0.00034175,0.00034175,0.00034175
672,12930.5,0.29591,0.01241,0.01867,0.19842,0.79901,0.99875,1,0.995,0.90438,0.99875,1,0.995,0.995,0.48583,0.01243,0.03607,0.23653,0.81609,0.000339275,0.000339275,0.000339275
673,12949.8,0.28701,0.01312,0.01427,0.19007,0.80497,0.99876,1,0.995,0.91103,0.99876,1,0.995,0.995,0.47974,0.01181,0.02782,0.23134,0.81817,0.0003368,0.0003368,0.0003368
674,12969.3,0.28521,0.01473,0.01509,0.1927,0.80068,0.99877,1,0.995,0.91122,0.99877,1,0.995,0.995,0.47743,0.01176,0.02272,0.2278,0.81848,0.000334325,0.000334325,0.000334325
675,12988.1,0.29427,0.01341,0.01745,0.19483,0.79951,0.99879,1,0.995,0.91126,0.99879,1,0.995,0.995,0.47681,0.01216,0.01868,0.22935,0.81836,0.00033185,0.00033185,0.00033185
676,13007.6,0.29789,0.01302,0.01842,0.19615,0.80838,0.99881,1,0.995,0.91002,0.99881,1,0.995,0.995,0.4736,0.0127,0.01529,0.22855,0.81845,0.000329375,0.000329375,0.000329375
677,13026.3,0.28471,0.01131,0.02022,0.19042,0.80374,0.99886,1,0.995,0.91162,0.99886,1,0.995,0.995,0.46978,0.01235,0.0145,0.22258,0.81997,0.0003269,0.0003269,0.0003269
678,13045.6,0.29013,0.01327,0.01545,0.19086,0.80222,0.99885,1,0.995,0.91174,0.99885,1,0.995,0.995,0.46375,0.01235,0.01176,0.2251,0.8198,0.000324425,0.000324425,0.000324425
679,13064.3,0.28258,0.01327,0.01824,0.19111,0.80757,0.99886,1,0.995,0.9096,0.99886,1,0.995,0.995,0.467,0.01246,0.01168,0.22864,0.82154,0.00032195,0.00032195,0.00032195
680,13083.7,0.28576,0.012,0.01876,0.19167,0.80131,0.99887,1,0.995,0.90878,0.99887,1,0.995,0.995,0.46966,0.01192,0.01345,0.22489,0.82309,0.000319475,0.000319475,0.000319475
681,13102.4,0.29728,0.01233,0.01705,0.19398,0.80822,0.99886,1,0.995,0.9109,0.99886,1,0.995,0.995,0.46899,0.01155,0.01423,0.22301,0.82175,0.000317,0.000317,0.000317
682,13121.7,0.2909,0.0131,0.01588,0.18983,0.80174,0.99885,1,0.995,0.91292,0.99885,1,0.995,0.995,0.46969,0.01106,0.00989,0.22264,0.82082,0.000314525,0.000314525,0.000314525
683,13140.5,0.29986,0.01496,0.02445,0.19657,0.80219,0.99886,1,0.995,0.91296,0.99886,1,0.995,0.995,0.47066,0.0114,0.0106,0.22227,0.81954,0.00031205,0.00031205,0.00031205
684,13160,0.2818,0.01117,0.01742,0.18793,0.80464,0.99885,1,0.995,0.91255,0.99885,1,0.995,0.995,0.47402,0.01129,0.01016,0.22496,0.81897,0.000309575,0.000309575,0.000309575
685,13179.3,0.27908,0.0128,0.01839,0.18516,0.79217,0.99882,1,0.995,0.9114,0.99882,1,0.995,0.995,0.47157,0.01099,0.00792,0.21984,0.81996,0.0003071,0.0003071,0.0003071
686,13197.9,0.28583,0.01131,0.01953,0.18889,0.80538,0.99883,1,0.995,0.91242,0.99883,1,0.995,0.995,0.47368,0.01125,0.00718,0.22492,0.82124,0.000304625,0.000304625,0.000304625
687,13217.3,0.30213,0.01373,0.02367,0.20184,0.80404,0.99884,1,0.995,0.9107,0.99884,1,0.995,0.995,0.48138,0.0111,0.00791,0.22475,0.82298,0.00030215,0.00030215,0.00030215
688,13236,0.28451,0.01116,0.01895,0.18916,0.80195,0.99884,1,0.995,0.91042,0.99884,1,0.995,0.995,0.48096,0.01083,0.00766,0.21992,0.82346,0.000299675,0.000299675,0.000299675
689,13255.3,0.28665,0.01219,0.01393,0.18925,0.80321,0.99883,1,0.995,0.91018,0.99883,1,0.995,0.995,0.47896,0.01078,0.00677,0.21886,0.82174,0.0002972,0.0002972,0.0002972
690,13274.2,0.28788,0.01268,0.02073,0.19184,0.80523,0.99885,1,0.995,0.91402,0.99885,1,0.995,0.995,0.47955,0.01077,0.00908,0.2096,0.82283,0.000294725,0.000294725,0.000294725
691,13293.7,0.28261,0.01508,0.01879,0.18989,0.80761,0.99885,1,0.995,0.90975,0.99885,1,0.995,0.995,0.47907,0.01066,0.00956,0.21829,0.82456,0.00029225,0.00029225,0.00029225
692,13312.6,0.2821,0.01392,0.01603,0.1902,0.80494,0.99885,1,0.995,0.90812,0.99885,1,0.995,0.995,0.47562,0.01079,0.00963,0.21339,0.8223,0.000289775,0.000289775,0.000289775
693,13332,0.28006,0.01413,0.01298,0.19044,0.80554,0.99885,1,0.995,0.90864,0.99885,1,0.995,0.995,0.47455,0.0107,0.00666,0.21412,0.82236,0.0002873,0.0002873,0.0002873
694,13350.7,0.29235,0.01711,0.01781,0.195,0.79834,0.99884,1,0.995,0.90713,0.99884,1,0.995,0.995,0.47262,0.01086,0.0067,0.21142,0.8214,0.000284825,0.000284825,0.000284825
695,13369.8,0.29085,0.01335,0.01793,0.19095,0.80678,0.99883,1,0.995,0.91216,0.99883,1,0.995,0.995,0.47352,0.01106,0.006,0.21111,0.82098,0.00028235,0.00028235,0.00028235
696,13389.2,0.28766,0.01326,0.01565,0.19314,0.80971,0.99883,1,0.995,0.91004,0.99883,1,0.995,0.995,0.46901,0.01094,0.00737,0.214,0.81899,0.000279875,0.000279875,0.000279875
697,13408,0.28627,0.01361,0.01754,0.19055,0.80808,0.99882,1,0.995,0.91304,0.99882,1,0.995,0.995,0.46873,0.01082,0.00753,0.21277,0.81863,0.0002774,0.0002774,0.0002774
698,13427.4,0.28562,0.01273,0.01595,0.18851,0.79626,0.99882,1,0.995,0.9129,0.99882,1,0.995,0.995,0.46888,0.01095,0.00577,0.21296,0.81819,0.000274925,0.000274925,0.000274925
699,13446.2,0.28629,0.0131,0.0173,0.18976,0.8007,0.99882,1,0.995,0.90968,0.99882,1,0.995,0.995,0.46941,0.01054,0.00491,0.21717,0.81758,0.00027245,0.00027245,0.00027245
700,13465.7,0.27952,0.01184,0.01871,0.18824,0.80456,0.99882,1,0.995,0.90615,0.99882,1,0.995,0.995,0.47146,0.01022,0.00513,0.21584,0.81802,0.000269975,0.000269975,0.000269975
701,13484.4,0.28791,0.01374,0.02096,0.18781,0.80343,0.99882,1,0.995,0.90888,0.99882,1,0.995,0.995,0.47883,0.01023,0.00618,0.21591,0.81888,0.0002675,0.0002675,0.0002675
702,13503.8,0.27906,0.0113,0.01595,0.18422,0.80749,0.99881,1,0.995,0.91059,0.99881,1,0.995,0.995,0.48608,0.01031,0.0085,0.2154,0.82057,0.000265025,0.000265025,0.000265025
703,13522.5,0.28194,0.01092,0.0144,0.18835,0.79596,0.99881,1,0.995,0.91404,0.99881,1,0.995,0.995,0.48637,0.01007,0.01111,0.22323,0.82041,0.00026255,0.00026255,0.00026255
704,13541.9,0.28271,0.01451,0.02407,0.18882,0.80733,0.99879,1,0.995,0.91111,0.99879,1,0.995,0.995,0.48814,0.01031,0.01709,0.22026,0.8207,0.000260075,0.000260075,0.000260075
705,13561.3,0.27473,0.01064,0.01355,0.18467,0.80338,0.9988,1,0.995,0.91021,0.9988,1,0.995,0.995,0.48354,0.01001,0.01831,0.21974,0.82046,0.0002576,0.0002576,0.0002576
706,13580.1,0.2792,0.01179,0.01558,0.18608,0.79727,0.9988,1,0.995,0.90943,0.9988,1,0.995,0.995,0.48418,0.00958,0.01425,0.21279,0.81993,0.000255125,0.000255125,0.000255125
707,13598.9,0.27952,0.01343,0.0151,0.18519,0.80102,0.99876,1,0.995,0.9088,0.99876,1,0.995,0.995,0.48356,0.00937,0.01665,0.20719,0.81825,0.00025265,0.00025265,0.00025265
708,13617.8,0.27968,0.01338,0.02041,0.1844,0.80688,0.99875,1,0.995,0.90662,0.99875,1,0.995,0.995,0.48104,0.00942,0.01735,0.2058,0.81851,0.000250175,0.000250175,0.000250175
709,13636.6,0.27686,0.01135,0.01675,0.18395,0.80415,0.99878,1,0.995,0.90569,0.99878,1,0.995,0.995,0.47601,0.00972,0.01603,0.21129,0.81806,0.0002477,0.0002477,0.0002477
710,13655.3,0.28981,0.0129,0.01322,0.19111,0.80228,0.9988,1,0.995,0.91307,0.9988,1,0.995,0.995,0.4747,0.00993,0.014,0.21066,0.81796,0.000245225,0.000245225,0.000245225
711,13674.1,0.27356,0.01391,0.02086,0.18711,0.81029,0.99882,1,0.995,0.91033,0.99882,1,0.995,0.995,0.4741,0.01001,0.01278,0.20904,0.81767,0.00024275,0.00024275,0.00024275
712,13692.8,0.28313,0.01321,0.0125,0.18754,0.80589,0.99881,1,0.995,0.91383,0.99881,1,0.995,0.995,0.47165,0.01019,0.01094,0.20589,0.81809,0.000240275,0.000240275,0.000240275
713,13711.5,0.28253,0.01325,0.022,0.18649,0.79972,0.9988,1,0.995,0.91263,0.9988,1,0.995,0.995,0.47214,0.01033,0.01007,0.20488,0.8186,0.0002378,0.0002378,0.0002378
714,13730.3,0.27747,0.01459,0.01757,0.18188,0.79929,0.99879,1,0.995,0.90817,0.99879,1,0.995,0.995,0.47251,0.0102,0.01069,0.20893,0.81864,0.000235325,0.000235325,0.000235325
715,13749,0.28228,0.01228,0.01587,0.18619,0.79936,0.99877,1,0.995,0.91087,0.99877,1,0.995,0.995,0.46851,0.00997,0.01219,0.21427,0.81805,0.00023285,0.00023285,0.00023285
716,13767.8,0.28326,0.0124,0.01855,0.18907,0.80348,0.99879,1,0.995,0.91121,0.99879,1,0.995,0.995,0.46338,0.00972,0.01378,0.21611,0.8174,0.000230375,0.000230375,0.000230375
717,13786.5,0.26679,0.01173,0.01531,0.18006,0.80465,0.99878,1,0.995,0.91481,0.99878,1,0.995,0.995,0.46567,0.00952,0.01388,0.21839,0.81807,0.0002279,0.0002279,0.0002279
718,13805.3,0.2826,0.01164,0.02066,0.18719,0.80476,0.99881,1,0.995,0.91346,0.99881,1,0.995,0.995,0.46792,0.00947,0.01294,0.21853,0.81826,0.000225425,0.000225425,0.000225425
719,13824.1,0.27337,0.0142,0.02311,0.17848,0.79955,0.99883,1,0.995,0.9141,0.99883,1,0.995,0.995,0.47012,0.01012,0.01606,0.21697,0.81879,0.00022295,0.00022295,0.00022295
720,13842.8,0.26756,0.00972,0.01532,0.17809,0.79847,0.99883,1,0.995,0.91475,0.99883,1,0.995,0.995,0.47172,0.01047,0.01592,0.22138,0.81767,0.000220475,0.000220475,0.000220475
721,13861.6,0.26969,0.01297,0.02006,0.18048,0.80534,0.99884,1,0.995,0.9132,0.99884,1,0.995,0.995,0.47643,0.01076,0.01633,0.22008,0.81773,0.000218,0.000218,0.000218
722,13880.5,0.27772,0.01213,0.01539,0.18729,0.8051,0.99884,1,0.995,0.91375,0.99884,1,0.995,0.995,0.47377,0.01052,0.01752,0.22245,0.81645,0.000215525,0.000215525,0.000215525
723,13899.8,0.28172,0.01112,0.01305,0.18587,0.8041,0.99883,1,0.995,0.91274,0.99883,1,0.995,0.995,0.47682,0.01015,0.01969,0.21982,0.81727,0.00021305,0.00021305,0.00021305
724,13918.6,0.27635,0.01088,0.01801,0.18254,0.79909,0.99884,1,0.995,0.91329,0.99884,1,0.995,0.995,0.47245,0.00991,0.02187,0.22266,0.81834,0.000210575,0.000210575,0.000210575
725,13937.4,0.27597,0.01208,0.014,0.18632,0.80409,0.99881,1,0.995,0.91508,0.99881,1,0.995,0.995,0.47412,0.0101,0.02136,0.21829,0.81829,0.0002081,0.0002081,0.0002081
726,13956.2,0.27473,0.01524,0.02145,0.18554,0.80241,0.99883,1,0.995,0.91469,0.99883,1,0.995,0.995,0.47197,0.01015,0.02032,0.21576,0.81657,0.000205625,0.000205625,0.000205625
727,13975.2,0.2667,0.01133,0.01464,0.17702,0.80393,0.99882,1,0.995,0.91252,0.99882,1,0.995,0.995,0.46975,0.01041,0.01841,0.20896,0.81617,0.00020315,0.00020315,0.00020315
728,13994,0.27236,0.01099,0.01612,0.18045,0.79645,0.99882,1,0.995,0.91477,0.99882,1,0.995,0.995,0.46534,0.01056,0.01651,0.21184,0.81567,0.000200675,0.000200675,0.000200675
729,14012.8,0.27566,0.01267,0.01762,0.18283,0.8069,0.99882,1,0.995,0.91617,0.99882,1,0.995,0.995,0.46391,0.0107,0.01575,0.21622,0.81535,0.0001982,0.0001982,0.0001982
730,14031.6,0.27422,0.01221,0.01573,0.17989,0.80083,0.99882,1,0.995,0.9162,0.99882,1,0.995,0.995,0.46058,0.01073,0.01627,0.2157,0.81457,0.000195725,0.000195725,0.000195725
731,14050.3,0.27707,0.01359,0.01205,0.18285,0.79667,0.99881,1,0.995,0.91593,0.99881,1,0.995,0.995,0.45418,0.01089,0.01651,0.21298,0.81505,0.00019325,0.00019325,0.00019325
732,14069.3,0.27464,0.01355,0.01686,0.18371,0.79705,0.99882,1,0.995,0.91474,0.99882,1,0.995,0.995,0.45271,0.01113,0.01724,0.20735,0.81537,0.000190775,0.000190775,0.000190775
733,14088.3,0.27705,0.01237,0.01596,0.1858,0.80102,0.99882,1,0.995,0.91399,0.99882,1,0.995,0.995,0.45526,0.01132,0.01908,0.20859,0.81617,0.0001883,0.0001883,0.0001883
734,14107.2,0.2845,0.01234,0.01416,0.18764,0.80035,0.99883,1,0.995,0.91248,0.99883,1,0.995,0.995,0.4595,0.01141,0.02098,0.21158,0.81602,0.000185825,0.000185825,0.000185825
735,14126.3,0.27513,0.01416,0.0208,0.18119,0.79334,0.99882,1,0.995,0.91534,0.99882,1,0.995,0.995,0.46035,0.01175,0.02269,0.20891,0.81604,0.00018335,0.00018335,0.00018335
736,14145.2,0.26923,0.01305,0.01186,0.17792,0.79853,0.9988,1,0.995,0.90781,0.9988,1,0.995,0.995,0.46308,0.01197,0.02263,0.21099,0.81692,0.000180875,0.000180875,0.000180875
737,14164.2,0.27032,0.01188,0.0191,0.18173,0.80318,0.99882,1,0.995,0.90581,0.99882,1,0.995,0.995,0.45974,0.01197,0.02024,0.2116,0.81704,0.0001784,0.0001784,0.0001784
738,14183.1,0.27277,0.01027,0.01316,0.18244,0.79808,0.99879,1,0.995,0.90723,0.99879,1,0.995,0.995,0.45358,0.01172,0.01894,0.21057,0.8159,0.000175925,0.000175925,0.000175925
739,14202,0.26698,0.01165,0.01609,0.18036,0.80267,0.9988,1,0.995,0.90796,0.9988,1,0.995,0.995,0.45249,0.01158,0.01848,0.21138,0.8145,0.00017345,0.00017345,0.00017345
740,14220.9,0.27227,0.01204,0.01796,0.18064,0.80375,0.99879,1,0.995,0.91467,0.99879,1,0.995,0.995,0.45363,0.01083,0.01363,0.21099,0.81505,0.000170975,0.000170975,0.000170975
741,14239.6,0.27453,0.01136,0.02186,0.1851,0.80095,0.99878,1,0.995,0.91203,0.99878,1,0.995,0.995,0.44841,0.01059,0.01414,0.20841,0.81468,0.0001685,0.0001685,0.0001685
742,14258.6,0.26341,0.01123,0.01485,0.17791,0.79759,0.99879,1,0.995,0.91308,0.99879,1,0.995,0.995,0.44746,0.01033,0.01401,0.20786,0.81427,0.000166025,0.000166025,0.000166025
743,14277.4,0.27687,0.01305,0.01942,0.18287,0.80364,0.99878,1,0.995,0.91516,0.99878,1,0.995,0.995,0.44735,0.01122,0.018,0.20852,0.81391,0.00016355,0.00016355,0.00016355
744,14296.3,0.2716,0.01669,0.01599,0.17555,0.80403,0.99878,1,0.995,0.91683,0.99878,1,0.995,0.995,0.4489,0.01128,0.01733,0.21017,0.81348,0.000161075,0.000161075,0.000161075
745,14315.2,0.26652,0.01088,0.01189,0.18218,0.79995,0.99877,1,0.995,0.91578,0.99877,1,0.995,0.995,0.45343,0.01171,0.01653,0.20668,0.81439,0.0001586,0.0001586,0.0001586
746,14334,0.26208,0.01028,0.01534,0.17474,0.79833,0.99878,1,0.995,0.91583,0.99878,1,0.995,0.995,0.46026,0.01175,0.01504,0.21039,0.81469,0.000156125,0.000156125,0.000156125
747,14352.9,0.27848,0.01333,0.01872,0.18872,0.80332,0.99878,1,0.995,0.914,0.99878,1,0.995,0.995,0.4605,0.01178,0.0139,0.20965,0.81507,0.00015365,0.00015365,0.00015365
748,14371.6,0.27118,0.01296,0.01517,0.17657,0.78981,0.99878,1,0.995,0.91571,0.99878,1,0.995,0.995,0.46503,0.01173,0.01277,0.21057,0.81584,0.000151175,0.000151175,0.000151175
749,14390.5,0.27362,0.01233,0.01117,0.1842,0.79841,0.99878,1,0.995,0.91466,0.99878,1,0.995,0.995,0.467,0.01157,0.01136,0.20979,0.81608,0.0001487,0.0001487,0.0001487
750,14411.4,0.26912,0.01217,0.0162,0.17957,0.80149,0.99877,1,0.995,0.91267,0.99877,1,0.995,0.995,0.4665,0.01145,0.01069,0.20913,0.81641,0.000146225,0.000146225,0.000146225
751,14430.3,0.27623,0.01638,0.01603,0.18342,0.80686,0.99878,1,0.995,0.91319,0.99878,1,0.995,0.995,0.46863,0.01118,0.01096,0.20727,0.81637,0.00014375,0.00014375,0.00014375
752,14449.3,0.26578,0.01208,0.01597,0.17777,0.7988,0.99875,1,0.995,0.91321,0.99875,1,0.995,0.995,0.46714,0.01101,0.01139,0.20943,0.81645,0.000141275,0.000141275,0.000141275
753,14468.1,0.26397,0.01059,0.01386,0.17643,0.79977,0.99877,1,0.995,0.91327,0.99877,1,0.995,0.995,0.46781,0.01082,0.01137,0.21186,0.81662,0.0001388,0.0001388,0.0001388
754,14487.1,0.26069,0.01105,0.0129,0.17809,0.80609,0.99876,1,0.995,0.91309,0.99876,1,0.995,0.995,0.46689,0.01073,0.01151,0.21084,0.81701,0.000136325,0.000136325,0.000136325
755,14506.2,0.26853,0.01229,0.01096,0.17668,0.79732,0.99877,1,0.995,0.91592,0.99877,1,0.995,0.995,0.46706,0.01062,0.012,0.21234,0.81696,0.00013385,0.00013385,0.00013385
756,14525.2,0.26986,0.01114,0.01227,0.17972,0.80595,0.99878,1,0.995,0.91241,0.99878,1,0.995,0.995,0.4657,0.01076,0.01206,0.21413,0.81625,0.000131375,0.000131375,0.000131375
757,14544.3,0.2722,0.01042,0.01697,0.18041,0.79504,0.9988,1,0.995,0.91034,0.9988,1,0.995,0.995,0.46395,0.01062,0.01232,0.20973,0.81573,0.0001289,0.0001289,0.0001289
758,14563.1,0.27575,0.01134,0.01739,0.18463,0.81407,0.99882,1,0.995,0.91443,0.99882,1,0.995,0.995,0.46263,0.01047,0.01292,0.20745,0.81488,0.000126425,0.000126425,0.000126425
759,14582.3,0.27068,0.01139,0.01869,0.17936,0.80065,0.99883,1,0.995,0.91449,0.99883,1,0.995,0.995,0.46153,0.01028,0.01309,0.20879,0.81509,0.00012395,0.00012395,0.00012395
760,14601.1,0.2691,0.01181,0.01828,0.1772,0.80896,0.99883,1,0.995,0.91193,0.99883,1,0.995,0.995,0.45917,0.00983,0.00965,0.21065,0.81465,0.000121475,0.000121475,0.000121475
761,14620.2,0.26402,0.01817,0.01826,0.1791,0.80313,0.99884,1,0.995,0.91138,0.99884,1,0.995,0.995,0.45622,0.00979,0.00991,0.20905,0.81407,0.000119,0.000119,0.000119
762,14638.9,0.27482,0.01676,0.02003,0.18214,0.8029,0.99886,1,0.995,0.91157,0.99886,1,0.995,0.995,0.45654,0.00985,0.01063,0.2124,0.81439,0.000116525,0.000116525,0.000116525
763,14658.1,0.26828,0.01066,0.01907,0.17899,0.79576,0.99886,1,0.995,0.90929,0.99886,1,0.995,0.995,0.4534,0.0098,0.01154,0.21104,0.81504,0.00011405,0.00011405,0.00011405
764,14676.9,0.26452,0.01053,0.01469,0.17793,0.80038,0.99885,1,0.995,0.90884,0.99885,1,0.995,0.995,0.45605,0.01001,0.01176,0.21542,0.81528,0.000111575,0.000111575,0.000111575
765,14696,0.26997,0.01166,0.01149,0.17934,0.79858,0.99885,1,0.995,0.90905,0.99885,1,0.995,0.995,0.45669,0.01009,0.0114,0.21639,0.81681,0.0001091,0.0001091,0.0001091
766,14714.7,0.26399,0.01309,0.01179,0.1762,0.79913,0.99885,1,0.995,0.90905,0.99885,1,0.995,0.995,0.45694,0.0101,0.01121,0.21943,0.81702,0.000106625,0.000106625,0.000106625
767,14733.8,0.26085,0.0127,0.01783,0.17294,0.80199,0.99885,1,0.995,0.90838,0.99885,1,0.995,0.995,0.45845,0.01026,0.01079,0.21714,0.8166,0.00010415,0.00010415,0.00010415
768,14753,0.26486,0.01085,0.02108,0.17686,0.80838,0.99885,1,0.995,0.90878,0.99885,1,0.995,0.995,0.45815,0.01039,0.00961,0.21625,0.81619,0.000101675,0.000101675,0.000101675
769,14771.8,0.2646,0.01227,0.01951,0.17562,0.80123,0.99887,1,0.995,0.90898,0.99887,1,0.995,0.995,0.45926,0.01054,0.00857,0.21633,0.81613,9.92e-05,9.92e-05,9.92e-05
770,14791,0.26902,0.01146,0.01781,0.179,0.7982,0.99886,1,0.995,0.90909,0.99886,1,0.995,0.995,0.46128,0.01056,0.00757,0.21673,0.81601,9.6725e-05,9.6725e-05,9.6725e-05
771,14809.8,0.26828,0.01244,0.01492,0.18098,0.7992,0.99886,1,0.995,0.91073,0.99886,1,0.995,0.995,0.46091,0.01065,0.00686,0.20974,0.81506,9.425e-05,9.425e-05,9.425e-05
772,14829.1,0.27215,0.01182,0.0156,0.18007,0.80436,0.99885,1,0.995,0.9109,0.99885,1,0.995,0.995,0.46154,0.0107,0.00651,0.20554,0.81489,9.1775e-05,9.1775e-05,9.1775e-05
773,14847.9,0.26184,0.01182,0.01527,0.17422,0.80105,0.99885,1,0.995,0.90891,0.99885,1,0.995,0.995,0.46296,0.01075,0.00631,0.20526,0.8155,8.93e-05,8.93e-05,8.93e-05
774,14867,0.25632,0.01089,0.01236,0.17204,0.79698,0.99885,1,0.995,0.90866,0.99885,1,0.995,0.995,0.46237,0.01071,0.00609,0.20413,0.81563,8.6825e-05,8.6825e-05,8.6825e-05
775,14885.8,0.26735,0.01378,0.01638,0.17665,0.79837,0.99884,1,0.995,0.9047,0.99884,1,0.995,0.995,0.46206,0.0104,0.00581,0.20537,0.81547,8.435e-05,8.435e-05,8.435e-05
776,14904.8,0.255,0.01079,0.00935,0.16911,0.79362,0.99884,1,0.995,0.90767,0.99884,1,0.995,0.995,0.46224,0.01008,0.00564,0.2062,0.81595,8.1875e-05,8.1875e-05,8.1875e-05
777,14924,0.27724,0.01156,0.01217,0.18453,0.80446,0.99883,1,0.995,0.90593,0.99883,1,0.995,0.995,0.46458,0.00982,0.0056,0.21169,0.81591,7.94e-05,7.94e-05,7.94e-05
778,14943.2,0.25955,0.01078,0.01799,0.17376,0.80035,0.99883,1,0.995,0.90735,0.99883,1,0.995,0.995,0.4653,0.00968,0.00549,0.21391,0.81597,7.6925e-05,7.6925e-05,7.6925e-05
779,14961.9,0.26,0.01192,0.01478,0.17755,0.79943,0.99885,1,0.995,0.9059,0.99885,1,0.995,0.995,0.46459,0.00978,0.00545,0.21194,0.81508,7.445e-05,7.445e-05,7.445e-05
780,14980.9,0.26038,0.01154,0.01402,0.17959,0.79642,0.99885,1,0.995,0.91098,0.99885,1,0.995,0.995,0.46276,0.01002,0.00549,0.20878,0.81465,7.1975e-05,7.1975e-05,7.1975e-05
781,15000.5,0.27264,0.0104,0.0173,0.18017,0.80266,0.99884,1,0.995,0.91079,0.99884,1,0.995,0.995,0.46185,0.01011,0.00565,0.21174,0.81414,6.95e-05,6.95e-05,6.95e-05
782,15019.3,0.26804,0.01174,0.01722,0.17819,0.8,0.99885,1,0.995,0.91109,0.99885,1,0.995,0.995,0.45969,0.0101,0.00572,0.21204,0.81432,6.7025e-05,6.7025e-05,6.7025e-05
783,15038.2,0.26016,0.01115,0.0117,0.1726,0.80135,0.99884,1,0.995,0.91325,0.99884,1,0.995,0.995,0.45952,0.01021,0.00571,0.20985,0.81457,6.455e-05,6.455e-05,6.455e-05
784,15057,0.25677,0.01116,0.01549,0.17346,0.80112,0.99884,1,0.995,0.9098,0.99884,1,0.995,0.995,0.45987,0.01018,0.00573,0.21039,0.8145,6.2075e-05,6.2075e-05,6.2075e-05
785,15076,0.27173,0.01172,0.02074,0.17966,0.80367,0.99883,1,0.995,0.91169,0.99883,1,0.995,0.995,0.45905,0.01027,0.0057,0.20813,0.81423,5.96e-05,5.96e-05,5.96e-05
786,15094.8,0.25898,0.01102,0.01471,0.17444,0.80326,0.99882,1,0.995,0.91024,0.99882,1,0.995,0.995,0.45915,0.01033,0.00582,0.2126,0.815,5.7125e-05,5.7125e-05,5.7125e-05
787,15113.7,0.26639,0.01229,0.01235,0.17706,0.80106,0.99883,1,0.995,0.90931,0.99883,1,0.995,0.995,0.45959,0.01027,0.00617,0.21417,0.81473,5.465e-05,5.465e-05,5.465e-05
788,15132.7,0.26369,0.01144,0.01269,0.17471,0.80094,0.99883,1,0.995,0.91208,0.99883,1,0.995,0.995,0.46083,0.01027,0.00642,0.21288,0.81549,5.2175e-05,5.2175e-05,5.2175e-05
789,15151.4,0.2589,0.01128,0.01454,0.17236,0.80201,0.99883,1,0.995,0.91432,0.99883,1,0.995,0.995,0.46033,0.01031,0.00646,0.21394,0.81551,4.97e-05,4.97e-05,4.97e-05
790,15170.3,0.26292,0.01062,0.0075,0.17563,0.79894,0.99883,1,0.995,0.91387,0.99883,1,0.995,0.995,0.46025,0.01024,0.00639,0.21422,0.81548,4.7225e-05,4.7225e-05,4.7225e-05
791,15190.6,0.23132,0.00827,0.00542,0.15096,0.7788,0.9988,1,0.995,0.9158,0.9988,1,0.995,0.995,0.45986,0.01032,0.00623,0.21041,0.81446,4.475e-05,4.475e-05,4.475e-05
792,15210.1,0.22474,0.00782,0.0031,0.15035,0.77572,0.99877,1,0.995,0.91617,0.99877,1,0.995,0.995,0.45954,0.01041,0.00601,0.2113,0.8145,4.2275e-05,4.2275e-05,4.2275e-05
793,15229.7,0.2258,0.00751,0.00173,0.14575,0.77578,0.99875,1,0.995,0.91764,0.99875,1,0.995,0.995,0.46014,0.01045,0.00595,0.22031,0.81464,3.98e-05,3.98e-05,3.98e-05
794,15248.8,0.2342,0.00971,0.00501,0.15397,0.78139,0.99876,1,0.995,0.91781,0.99876,1,0.995,0.995,0.46154,0.01044,0.00588,0.21659,0.81468,3.7325e-05,3.7325e-05,3.7325e-05
795,15267.6,0.22405,0.00751,0.00216,0.14908,0.77385,0.99875,1,0.995,0.918,0.99875,1,0.995,0.995,0.46293,0.01044,0.00575,0.22008,0.81462,3.485e-05,3.485e-05,3.485e-05
796,15286.6,0.22064,0.0072,0.00326,0.15004,0.77308,0.99875,1,0.995,0.91851,0.99875,1,0.995,0.995,0.46386,0.0104,0.00561,0.2185,0.81506,3.2375e-05,3.2375e-05,3.2375e-05
797,15305.4,0.21913,0.0074,0.00347,0.14464,0.77512,0.99875,1,0.995,0.91831,0.99875,1,0.995,0.995,0.46479,0.0105,0.00551,0.21455,0.81476,2.99e-05,2.99e-05,2.99e-05
798,15324.2,0.22113,0.00784,0.00322,0.14534,0.77931,0.99876,1,0.995,0.91675,0.99876,1,0.995,0.995,0.46662,0.01049,0.00542,0.20895,0.81503,2.7425e-05,2.7425e-05,2.7425e-05
799,15343,0.22032,0.00779,0.00421,0.14788,0.77519,0.99876,1,0.995,0.91698,0.99876,1,0.995,0.995,0.46677,0.01049,0.00548,0.21108,0.81499,2.495e-05,2.495e-05,2.495e-05
800,15362,0.21571,0.00739,0.00347,0.14357,0.77461,0.99877,1,0.995,0.9149,0.99877,1,0.995,0.995,0.46801,0.01048,0.00566,0.21198,0.81521,2.2475e-05,2.2475e-05,2.2475e-05
